id,slug,name,status,note
fa77e085-b4b5-4b7e-8c83-872d2d7c5ecb,walking-elliott,"""Walking"" Elliott",queued,
d95833e6-d64f-4d6f-8e9a-85c54b44f6bc,huckleberry,?? Huckleberry,queued,
55aaa4a4-5fbf-4564-8257-2c669f6370c7,lorenson,?? Lorenson,queued,
f8ff6ed7-696f-4ef0-8cd6-8da76f881ee1,a-a-fisher,A. A. Fisher,queued,
722b6051-2975-459b-a1f1-9bf619e6cade,a-bratland,A. Bratland,queued,
f568209f-740a-4356-940a-bfcaa1e91aa9,a-c-braucher,A. C. Braucher,queued,
1106a266-4d15-4300-86a1-20cbac2d61cc,a-c-searles,A. C. Searles,queued,
9970c3ac-06a8-4c98-8003-be44c4c35fa4,a-d-king,A. D. King,queued,
5aa26159-4fb8-4dbd-bbb8-5a73c335a00f,a-e-anderson,A. E. Anderson,queued,
59e0000e-dbba-4358-80cb-24e41e80b856,a-e-perry,A. E. Perry,queued,
62c4f55c-fb24-46c3-a271-83639e384728,a-e-soper,A. E. Soper,queued,
527ea329-6c88-4bbd-a64a-7425c47d095e,a-f-ashe,A. F. Ashe,queued,
1dea0baa-ca84-467b-82ef-dca46b716d86,a-f-shubin,A. F. Shubin,queued,
caa13cc8-c9fb-4974-9bff-b0cd9c1ff278,a-feinberg,A. Feinberg,queued,
188f9d51-cd4c-4fda-94fb-4a71c2a0e3c7,a-frost,A. Frost,queued,
75bc48c1-251d-42f8-96ea-a8c514a1f508,a-g-ford,A. G. Ford,queued,
d6e2eeae-9a5d-448a-b023-c222503d1805,a-g-graham,A. G. Graham,queued,
a25927f8-4e37-4d15-8d55-f503663e0ab1,a-gross,A. Gross,queued,
a699416b-cd43-461a-9d69-14708055d29a,a-h-mcmillan,A. H. McMillan,queued,
4b47d42e-823a-43f8-b997-d1246be6356e,a-hildebrand,A. Hildebrand,queued,
d5c5a634-ba0b-4c63-a7b7-0173be717278,a-j-partan,A. J. Partan,queued,
03c2df5b-5ff0-426b-b0f7-15080c75f0d1,a-l-benson,A. L. Benson,queued,
c7214ade-f2ec-4230-9ff9-0d2d42bdd6a8,a-lenora-taitt,A. Lenora Taitt,queued,
14a5115e-50f1-4e2c-bfe6-98d6375af88c,a-leon-lowry,A. Leon Lowry,queued,
4b18be75-fe3a-4f9f-9872-e0e1b4cb09b9,a-m-blumberg,A. M. Blumberg,queued,
e06911a1-ffac-4d88-822c-be1458c27e6e,a-m-dean,A. M. Dean,queued,
c3c02630-4ad0-4dd6-9750-4d1b652c8d01,a-m-lawson,A. M. Lawson,queued,
e9d2e39b-06e2-4d7d-b4d1-f40c86badf18,a-moore,A. Moore,queued,
66266c82-cb30-4ef8-9f4f-75ffccd01008,a-o-taichin,A. O. Taichin,queued,
552c05c0-980f-4ebe-b267-e1fc367201d5,a-paolicchi,A. Paolicchi,queued,
7fe8a28b-6414-45d9-a095-eb5378d8e3a1,a-r-brookins,A. R. Brookins,queued,
43b1dea7-70e0-4492-8da5-41f513667c8c,a-robert-kaufman,A. Robert Kaufman,queued,
9992e18b-d1cf-405f-818f-1597c8ac0356,a-svartberg,A. Svartberg,queued,
641a16e2-27c5-4a66-9bb7-a75b8f1c3946,a-w-mcmasters,A. W. McMasters,queued,
fd7347ef-75b4-4c54-b1c4-e0c7d71a267e,a-w-mills,A. W. Mills,queued,
7d6d536d-b00c-4884-ac9f-32819174e3aa,a-wessensel,A. Wessensel,queued,
47fc266b-ffe3-47b4-82a2-86bda7d47804,ah-sampley,A.H. Sampley,queued,
f7ed6b60-ab9b-4ea9-a5a3-bca5f13437a5,ah-smith,A.H. Smith,queued,
3f8fa58b-7403-4018-aded-c6d35612df29,aj-wingert,A.J. Wingert,queued,
dea68ce0-dcca-465b-bc8c-891cd3a99876,aaron-bindman,Aaron Bindman,queued,
243ac870-f931-44cc-b389-407d1464fcd5,aaron-dixon,Aaron Dixon,prepared_batch258,Verified photo prepared; deployment not yet confirmed.
147aec51-6aaa-4f6b-9766-f9005740efdd,aaron-ellringer,Aaron Ellringer,queued,
51c40581-e898-4b23-baf8-e1251518b2ba,aaron-fox,Aaron Fox,queued,
634296cb-2e98-4cf1-bf78-b86a5e4e0945,aaron-labe-linas,Aaron Labe Linas,queued,
99d5781b-8f8e-4ab3-8ffd-d07dc0837818,aaron-minter,Aaron Minter,queued,
e64761dc-61e0-4563-b271-5bc9a18a5bb1,aaron-smith,Aaron Smith,queued,
5eac5df8-13b1-4973-945c-ace8251a4965,aaron-w-schmidt,Aaron W. Schmidt,queued,
0b2a11cc-e51e-417b-a4ac-a6a57ef43072,abayama-katara,Abayama Katara,queued,
03067047-cfdc-44ca-b9ce-15abc1600652,abby-walter,Abby Walter,queued,
5a35f52c-2466-41fa-859e-3acfbfbb7b27,abdel-mohsen-hamouda,Abdel Mohsen Hamouda,queued,
7025f1e8-d463-42c1-b82f-f1e8480ea4fd,abdimanan-bana-habib,Abdimanan Bana Habib,queued,
b7e8ed47-78ea-4399-bcd9-24fc96988125,abdul-aziz,Abdul Aziz,queued,
3a623c3f-cac2-43a0-8f67-ee157b1a86b9,abdul-haqq,Abdul Haqq,queued,
ac566679-4417-48e3-883d-809c47a5cb1c,abdullah-webster,Abdullah Webster,queued,
987b490d-0117-42cb-9f77-82dc6a14055f,abe-brown,Abe Brown,queued,
70598434-3831-4160-ae34-478118ff3185,abe-ozeranski,Abe Ozeranski,queued,
a87ddacd-738a-49e5-9ee5-1a85a0a2978f,abeeku-osei-vassail,Abeeku Osei Vassail,queued,
dfc6e584-69be-4e81-853b-222f5dc0661d,abigail-elizabeth-skapyak,Abigail Elizabeth Skapyak,queued,
09c49fc0-2e60-49be-8672-7c1678e63a5d,abigail-miller,Abigail Miller,queued,
d64132de-8050-4c7d-9e09-bbb399783542,abijah-adams,Abijah Adams,queued,
1e2f4892-dd42-4c3b-a431-55f73328108d,abner-green,Abner Green,queued,
0d5a606b-7d1c-422f-9c7d-34e9757a37bb,abner-loveland,Abner Loveland,queued,
88e93ea7-68e3-440d-a036-bb6d255d8807,abraham-abrams,Abraham Abrams,queued,
ce97a111-ac99-43f6-a591-08ec64a86a48,abraham-ayala-ortiz,Abraham Ayala Ortiz,queued,
9b9a7cef-def9-4abd-bd52-ac199e59d516,abraham-bassford,Abraham Bassford,queued,
2d47f733-ba85-4803-af22-091d30537112,abraham-bieber,Abraham Bieber,queued,
779f68eb-d9d4-4a63-8a5b-fef8c4dec9a0,abraham-bolden,Abraham Bolden,queued,
27f16c96-5a7e-4455-9705-20f379725480,abraham-cisneros,Abraham Cisneros,queued,
3e3811cf-a5d1-4910-bf58-fb5b8847838f,abraham-elijah-jenkins,Abraham Elijah Jenkins,queued,
d541e290-9bb3-4fea-a704-785860940df9,abraham-f-neufeld,Abraham F. Neufeld,queued,
99eb2686-f1d8-4feb-b50d-2b50d3909c2a,abraham-gelerter,Abraham Gelerter,queued,
2d4e0c53-2b5f-4516-bafc-165795511ce9,abraham-goertz,Abraham Goertz,queued,
f64dcbc4-ab6b-400e-8f1f-04ce3c454708,abraham-heller,Abraham Heller,queued,
050ee5cd-612c-4fc8-be0a-4cbe397e78b8,abraham-jesse-wingert,Abraham Jesse Wingert,queued,
410b2191-e671-4fcd-8174-6f0ed2065c4b,abraham-l-sugarman,Abraham L. Sugarman,queued,
5ba0d932-9bdf-48a4-8498-72f2232ce094,abraham-neuenschwander,Abraham Neuenschwander,queued,
04cf02b2-c318-43ac-ab71-d86ad47b8c21,abraham-salcido,Abraham Salcido,queued,
85f979ed-ab27-48ca-9390-7fb4f7f1eac9,abraham-schwartz,Abraham Schwartz,queued,
123b01c1-cfda-4fbd-b627-071e526ffdc3,abraham-shocker,Abraham Shocker,queued,
4dfcdef8-c096-43d2-935b-03703ee98634,abraham-unger,Abraham Unger,research_pending,Initial encyclopedia image-index search completed; no verified portrait selected. Broader research remains.
01b8cea7-dd1d-48e1-a4d8-5b61029a456d,abraham-w-penner,Abraham W. Penner,queued,
a07625b0-78e8-42e2-8267-49382b3d7cb1,abram-flaxer,Abram Flaxer,queued,
d24881d5-8e21-47ed-90b4-b839d4a88295,abram-snikarenko,Abram Snikarenko,queued,
d87676d2-a0bb-438d-a14c-f5fc85c1fe43,ada-louise-davenport-kendall,Ada Louise Davenport Kendall,queued,
f7a5ffbc-11db-467e-9b52-613ddf1a14ed,adalberto-serrano,Adalberto Serrano,queued,
e558e053-9fd8-469d-bd40-456d445d4083,adam-blackwell,Adam Blackwell,queued,
0604d04e-19ff-49c2-a110-39522c3ee6c2,adam-getto,Adam Getto,queued,
2b48d869-a2c1-4d80-a9cf-2401e528ed4b,adam-moleski,Adam Moleski,queued,
a0d11400-c8d4-48f9-8d6e-6ac523bf8038,adam-susnowics,Adam Susnowics,queued,
84731b82-37b2-435c-8cf7-80ab448d23f8,adam-troy-peace,Adam Troy Peace,queued,
85015856-68d9-4194-b7f2-7cfc5b429675,addis-ababa,Addis Ababa,queued,
4d917d83-62ec-4225-acac-b19d31e9238f,aden-e-heckman,Aden E. Heckman,queued,
b6427d7b-0ac7-486e-93fb-74058e79a47f,adham-hassoun,Adham Hassoun,queued,
bf4e3f66-7fa9-44ba-b19a-cb6257829785,adion-bryn-mallett,Adion Bryn Mallett,queued,
becdb6b1-a5ac-4144-abca-61b6a4d48a78,adolf-olehnovich,Adolf Olehnovich,queued,
c6ce2c93-c7ff-4589-9996-a29e95c2125f,adolf-wisnefsky,Adolf Wisnefsky,queued,
f7f3f22e-2b3f-4441-b2aa-9732a5432793,adolf-wisnesski,Adolf Wisnesski,queued,
acca4416-e802-47a4-83fd-dfb203523ec4,adolfo-frattesi,Adolfo Frattesi,queued,
9f4e2e89-7816-4c44-83ab-81ef5b4a9bd8,adolfo-matos-antongiorgi,Adolfo Matos Antongiorgi,queued,
daa00850-a5ba-4ef6-8965-ad9e9d140fc7,adolph-f-younger,Adolph F. Younger,queued,
daf75ee6-19ac-4acc-96eb-8f921a849377,adolph-heller,Adolph Heller,queued,
bb24f4da-6e38-44ff-85b1-89c2713aa6fb,adolph-l-yanyar,Adolph L. Yanyar,queued,
c254a687-b94b-43df-ab80-78d9dafc991c,adolph-wagner,Adolph Wagner,queued,
03c61fc4-36e3-46d5-b854-19c7d09d6c75,adrian-andrew-martinez,Adrian Andrew Martinez,queued,
3c375c96-3dcf-40c6-b8c4-846e818edf44,adrian-wood,Adrian Wood,queued,
fbc939dd-70b0-4d6a-b79b-24c6338339d0,afanasy-severny,Afanasy Severny,queued,
352ede10-1ae7-42c3-af79-b5b2cf973029,afanasy-timonatnko,Afanasy Timonatnko,queued,
754cb899-fcf5-419e-8678-eaad938a32a9,aftanasy-litvakoff,Aftanasy Litvakoff,queued,
3bc8bc8f-8fe3-431c-8757-936ea7159fc9,aggi-molochko,Aggi Molochko,queued,
e094ddb4-5e99-40a3-9865-7bcbafe8476b,agnes-bauerlein,Agnes Bauerlein,queued,
1e4e3b72-03fe-40f2-94de-0409fd5a33f5,agustin-calvillo,Agustin Calvillo,queued,
99ea4a1b-2c32-44ef-a851-76f94570ea90,agustin-lebron,Agustin Lebrón,queued,
5f2fbff4-223c-4b78-8513-38b9f0469426,ahlam-mohsen,Ahlam Mohsen,research_pending,Initial encyclopedia image-index search completed; no verified portrait selected. Broader research remains.
78b0a086-ece2-4893-a8c5-a4bcf377bbf3,aida-yagmur-aston,Aida Yagmur Aston,queued,
180be3d9-51ab-463b-ba62-1006af416221,aisha-buckner,Aisha Buckner,queued,
c05cc622-31da-40d4-a6a6-bb9053231d71,aisha-salim,Aisha Salim,queued,
b806349c-d32a-46e8-a37f-0266070eeb45,akil-al-jundi,Akil Al-Jundi,queued,
2e853b86-67e8-47cb-9360-60a37ede66d4,akram-abdallah,Akram Abdallah,queued,
c4b3fd57-bfa2-443e-ae68-6777a66bac52,al-bridges,Al Bridges,queued,
e3f8b539-b440-49bb-881c-ad6fd873b5d1,al-fisher,Al Fisher,queued,
32be2d99-8133-4874-a7f8-b51b69d0503f,al-larcinese,Al Larcinese,queued,
e4a33469-44ff-4db8-a07a-4c9e020360f1,al-m-talaga,Al M. Talaga,queued,
2e1d97ad-514e-4cd0-af98-88b43e4130fc,al-mcbride,Al McBride,queued,
b26f09af-b4f0-44f7-b3da-870157b56160,al-mcsurely,Al McSurely,queued,
89519e29-29e1-4166-bf32-393340a72a97,al-nygren,Al Nygren,queued,
a942bb39-89a9-49cb-b6e5-1c9341afe4bc,al-shidler,Al Shidler,queued,
270c38b4-e49e-453a-9cba-9eb8c900d044,al-zook,Al Zook,queued,
17327472-f2d6-463b-af52-d6968c210f93,alam-zeb,Alam Zeb,queued,
9c48ca86-807b-4cad-a5c9-2666633c6418,alan-holliday,Alan Holliday,queued,
2cacabe5-2702-4e96-bc7f-e8338746583d,alba-galeotti,Alba Galeotti,queued,
f2369ff2-30e9-4ceb-b5f0-f965f6086ad2,albert-b-prashner,Albert B. Prashner,queued,
55fa4fdf-151d-401b-8fcc-688628860e69,albert-barr,Albert Barr,queued,
0cda6089-448e-4478-ae4b-4a7448a22256,albert-brooks,Albert Brooks,queued,
0c3e41b5-3c85-4da1-ac83-5782e10aead3,albert-brown,Albert Brown,queued,
e8df4194-74f8-4fa5-a25a-f6ea9b4da390,albert-cornelius-voth,Albert Cornelius Voth,queued,
b8eeb395-6fbd-4214-a31f-a181563d0968,albert-d-wright,Albert D. Wright,queued,
4a5b82a2-9e6b-4733-b7e4-f571c98e3850,albert-duane-swift,Albert Duane Swift,queued,
8eab752e-588f-4716-a857-72aab1d5bc2f,albert-e-maken,Albert E. Maken,queued,
02c92864-7f3c-4416-8d4d-e9388a1c17e7,albert-earl-lassiter,Albert Earl Lassiter,queued,
fdef63e9-953d-421c-8b92-f97976f34076,albert-eberlie,Albert Eberlie,queued,
81911119-09ba-44cb-83f7-523a8b3db0bf,albert-giles,Albert Giles,queued,
7b46be5a-c31a-4dc4-a377-3df2702700fe,albert-hedar,Albert Hedar,queued,
c39141a9-b019-4d06-8e36-b568c3847858,albert-hougardy,Albert Hougardy,queued,
83a96620-269d-4290-ab68-bf855dc3f801,albert-j-bloss,Albert J. Bloss,queued,
a1343600-f40d-465a-a2e5-5348355fa8f7,albert-kalzenbuch,Albert Kalzenbuch,queued,
f9509c84-dae0-4581-b4cb-14bfdfbfef8c,albert-l-simmons,Albert L. Simmons,queued,
66d40f40-b989-4932-a687-abf27c8cbfe1,albert-lima,Albert Lima,queued,
1582ae94-d119-4488-997f-ba8e018663f8,albert-lowery-grabill,Albert Lowery Grabill,queued,
e601a77e-4f04-4e06-b61c-ac694991e388,albert-osborn,Albert Osborn,queued,
b9e28d06-db3b-4d10-a465-1678f9b0201f,albert-pezatti,Albert Pezatti,queued,
7925b6bf-807a-4d95-8568-a234bebdcac7,albert-rasimavicius,Albert Rasimavicius,queued,
855983a9-bc1c-416f-80c1-c6d2ae348a71,albert-s-nussbaum,Albert S. Nussbaum,queued,
a130744f-a805-4909-9377-1ef73482b8c2,albert-schultz,Albert Schultz,queued,
08f1b81c-2329-464f-b910-6ee7c1a5323a,albert-shadowitz,Albert Shadowitz,research_pending,Initial encyclopedia image-index search completed; no verified portrait selected. Broader research remains.
3b656f63-4de0-4f06-95bb-d76eaf790372,albert-skinner,Albert Skinner,queued,
9ab88e9f-fc26-4b48-b331-412759dfa478,albert-strangeland,Albert Strangeland,queued,
ab8c97ef-0dde-4d95-9727-2b43f526c2ae,albert-wilfred-fullwood,Albert Wilfred Fullwood,queued,
2ae52f2e-51d2-46e5-9ac5-2e37050237d1,albert-wilhelm-walter,Albert Wilhelm Walter,queued,
bc23e516-162b-47b9-8eac-29ba4f58d304,albert-wong,Albert Wong,queued,
e5fe23ea-aec5-41cc-8ea1-ef2451cff6e0,alberta-wicker-africa,Alberta Wicker Africa,queued,
af997188-adb6-44e6-a00d-5974ec473fbf,alberto-aranda,Alberto Aranda,queued,
6e67e573-71eb-4112-aa13-0a37e8be1da8,alberto-fuentes,Alberto Fuentes,queued,
7a703435-0535-46de-b385-39049100fe6f,alberto-ortiz,Alberto Ortiz,queued,
deb8d486-d154-4dbe-bb57-cbd2a45cba6e,alberto-rodriguez,Alberto Rodríguez,queued,
b925f3c9-f635-45d0-aeb6-184d69c4b84b,alberto-vazquez,Alberto Vázquez,queued,
aa9b6610-e0c0-4c05-942f-1d7eba8c7fe2,alberto-de-jesus,Alberto de Jesús,queued,
d93d0745-08dd-4c2c-8eb0-3b501f64d5ed,alberto-de-jesus-berrios,Alberto de Jesús Berríos,queued,
da47f3e8-ed16-471a-8f66-5e7b5c30e1e7,albin-bratland,Albin Bratland,queued,
f84f9442-26bd-410e-b584-d93e735d1857,albin-r-wolfe,Albin R. Wolfe,queued,
993caff7-4566-4e17-8869-f14b8c55f69f,alejandrina-torres,Alejandrina Torres,queued,
aaaebb6e-60a1-495c-af44-124f1a7725de,alejandro-avalos,Alejandro Avalos,queued,
56564749-3d96-40a5-b1c9-30c120074f03,alejandro-morales,Alejandro Morales,queued,
6ec65168-e289-4438-918e-d0bfab23ce07,alejandro-palacios-rengifo,Alejandro Palacios Rengifo,queued,
e9942927-d2a5-42d4-9769-ec879939a204,alek-grigorov-kuchinsky,Alek Grigorov Kuchinsky,queued,
b4e90b17-e289-4121-ad13-2667efa874bb,aleksandr-ivanovich-batura,Aleksandr Ivanovich Batura,queued,
15915554-fe05-45a5-9fa4-7617adabaf2b,aleksandr-konon,Aleksandr Konon,queued,
3b740535-ad24-4042-a4f6-1601af91151f,alex-chasley,Alex Chasley,queued,
a3bdef59-ac85-4d1a-af8f-66ae8c583998,alex-chessman,Alex Chessman,queued,
06a51696-eee2-47df-9553-d8881fefdee8,alex-danilevich,Alex Danilevich,queued,
62326b8c-0fb0-402d-b616-86dae99d0f96,alex-dulchewski,Alex Dulchewski,queued,
da0244f1-51c5-4430-850d-e4cc05a2ab2c,alex-harrison,Alex Harrison,queued,
54a2d2d4-5d66-4c6a-896f-896cac82ed56,alex-jason-hall,Alex Jason Hall,queued,
cc8c7265-ba4f-4411-9e1c-9651f22dbc4d,alex-kiriluk,Alex Kiriluk,queued,
6d9ea0ef-a593-44cf-8b2b-1e7e08596f50,alex-kostamacha,Alex Kostamacha,queued,
fa8c00cd-e40a-46e7-8bff-e3c9622091b2,alex-nicholson,Alex Nicholson,queued,
0ed5dc24-13af-475e-a5be-7bfaeb447f6e,alex-poindexter,Alex Poindexter,queued,
9cd767e3-6e58-45a2-b489-02b816112b4b,alex-reed,Alex Reed,queued,
3697d635-0fdd-439d-a6bd-8c775ca0e86c,alex-shkilnuk,Alex Shkilnuk,queued,
d9bafe80-fda2-4746-8e88-88569aaa551c,alex-sologub,Alex Sologub,queued,
370344a5-9f6b-4c4d-ba16-a511e3bb0046,alex-stuck,Alex Stuck,queued,
79caf744-9e8f-46b9-a99f-fe6834b6d021,alex-targony,Alex Targony,queued,
9426f441-b184-4ffe-9327-2a6c53c47012,alex-urocky,Alex Urocky,queued,
92b2c1e9-d37f-49c2-9a9d-33161546093c,alex-yartim,Alex Yartim,queued,
178d3f10-cc13-4a9e-ab71-d176d56996e3,alexander-akridgejacobs,Alexander Akridgejacobs,queued,
236d6c78-e0a5-4dee-b97b-1ec8362b9911,alexander-antonov,Alexander Antonov,queued,
fa6bc28b-2442-4213-9fb1-c5a4cc583c2e,alexander-beltran-herrera,Alexander Beltran Herrera,queued,
c35e510d-c7b5-458b-8699-6adbba4c968f,alexander-bukovetsky,Alexander Bukovetsky,queued,
7e5567ed-c694-43e1-a2dd-bb81028a5ae6,alexander-campbell,Alexander Campbell,queued,
cfcd5a28-83e9-47a7-b0cc-7df9031822c0,alexander-cournos,Alexander Cournos,queued,
19dc123a-215a-4546-afca-0a6bfcdf19e1,alexander-derkach,Alexander Derkach,queued,
ea9c713f-8126-4f74-9098-fa62b39759d3,alexander-gallod,Alexander Gallod,queued,
40021a1d-e39b-44e9-88af-eddc8b7a9db9,alexander-gorman-dial,Alexander Gorman Dial,queued,
24468c13-52c3-4fa7-b018-b6cafa7bb879,alexander-h-jones,Alexander H. Jones,queued,
57e78446-9417-4e6d-af92-686dbaee0e44,alexander-h-macmillan,Alexander H. Macmillan,queued,
72eccfed-a418-4482-b95e-4b2d9f77f122,alexander-horr,Alexander Horr,queued,
5cbf56e5-a732-43a1-a030-d81f48af5824,alexander-jacob-castro,Alexander Jacob Castro,queued,
8415482b-a240-45fa-a8a5-8d8a6b4aab88,alexander-jenkins,Alexander Jenkins,queued,
2956bd48-9f5a-4b85-b403-e116628e5bfd,alexander-krishtal,Alexander Krishtal,queued,
a89aa18d-cb02-424b-a794-511f8a5e77e7,alexander-lanier,Alexander Lanier,queued,
2f67f486-e7d3-4dad-acef-37a4fc763abd,alexander-mattahan-anderson,Alexander Mattahan Anderson,queued,
195bfd94-b3c5-4f08-baa9-0d70aa7ab0c9,alexander-norbe,Alexander Norbe,queued,
691206a9-4863-453a-bc5c-fb98fd76e2bf,alexander-noviksichi,Alexander Noviksichi,queued,
29df3adb-1130-4116-9e53-f06016710a48,alexander-racolin,Alexander Racolin,queued,
83aba15e-0f68-45cd-81bc-da0d3c99a8bb,alexander-scott,Alexander Scott,queued,
ef33e5b8-5915-4568-a810-45cfa552fa6e,alexander-serevetnik,Alexander Serevetnik,queued,
d0df2b46-c2c2-4321-a9e1-b5b5753909e5,alexander-shkilnyuk,Alexander Shkilnyuk,queued,
ffc4294a-0e03-425c-9eca-a987a291162c,alexander-steven-heil,Alexander Steven Heil,queued,
aee03fdc-5628-49f1-8ecb-eb0bcefccd55,alexander-stoklitsky,Alexander Stoklitsky,queued,
1d10fcc6-feb0-4c1e-a3f7-d3e0ea2795e0,alexander-vinik,Alexander Vinik,queued,
30ed621d-14a7-4e59-85c6-8897292626f3,alexander-wright,Alexander Wright,research_pending,Initial encyclopedia image-index search completed; no verified portrait selected. Broader research remains.
eda67899-d0f2-47bc-97ed-45b92e74f9ba,alexander-zaremba,Alexander Zaremba,queued,
00298c32-ae42-4ce6-bf0f-9bc1c496b7f2,alexandr-dubarev,Alexandr Dubarev,queued,
0cbb8b97-5061-4db5-a145-64866bbb53c3,alexandr-palukevich,Alexandr Palukevich,queued,
0f407d52-efc2-46ea-bcca-0cfdd450ad09,alexandria-ty-fite,Alexandria Ty Fite,queued,
2596bc5a-dc7b-4a0c-a168-ef9837a54931,alexey-nishancoff,Alexey Nishancoff,queued,
16c76f5c-22c7-4cf0-a0d5-99c8160bc7ea,alexis-butler,Alexis Butler,queued,
47cd5efb-2c30-4bb1-9453-2756dac2fba9,alf-hill-jr,Alf Hill Jr.,queued,
e71475d0-b1de-4acf-a13e-18caa699f0ff,alfo-canales,Alfo Canales,queued,
5edf111d-9bfa-4329-a86a-744b405b1de3,alfons-hajduk,Alfons Hajduk,queued,
46a3c805-487d-4fed-8ec0-96fc0a429969,alfonso-fagotti,Alfonso Fagotti,queued,
6faeea54-c0f3-4459-aca5-5edbcb7860a0,alfonso-ross,Alfonso Ross,queued,
6684703c-eb8d-4e04-b63f-44f2b3dd2e27,alfred-banks-jr,Alfred Banks Jr.,queued,
b4f1d87d-8e6c-497e-8cfa-6be006371df0,alfred-burmeister,Alfred Burmeister,queued,
4183e365-57c8-484f-af38-4a5ad34b4a94,alfred-buzzi,Alfred Buzzi,queued,
e0d4e7d4-11d4-4fb6-82c8-0ff9f8f76500,alfred-campbell-belt,Alfred Campbell Belt,queued,
841e8822-f507-41cc-a732-6b77991880fb,alfred-fugelvic,Alfred Fugelvic,queued,
25e6283e-159e-4a8f-9077-2dc44ede83d9,alfred-h-hirsch,Alfred H. Hirsch,queued,
3f850057-6dc8-4b4c-b42d-7be13a3db29d,alfred-hjelm,Alfred Hjelm,queued,
b883f6c2-78cb-4917-9692-72da7dd31e02,alfred-j-samter,Alfred J. Samter,queued,
00a19230-5241-4989-90a4-d14561e8ef9c,alfred-jasper,Alfred Jasper,queued,
bb44bee9-437c-4982-b71e-28f0f86ed5fa,alfred-levitt,Alfred Levitt,queued,
b5767a30-292c-495a-b4f4-b151d29edd74,alfred-m-bingham,Alfred M. Bingham,research_pending,Initial encyclopedia image-index search completed; no verified portrait selected. Broader research remains.
85378469-9459-498d-ad6f-655bb70a4388,alfred-marder,Alfred Marder,queued,
ba9c9852-c8ad-4758-b91b-cca991d8caba,alfred-mccoy,Alfred McCoy,queued,
0613eaee-ae28-463e-b461-e8322c3563fb,alfred-miller,Alfred Miller,queued,
5e23a949-184c-417e-b45a-864fae62934f,alfred-robinson,Alfred Robinson,queued,
26fa4646-2c17-420f-ba8b-a934e656a7b7,alfred-russell,Alfred Russell,queued,
f31899e6-fd2f-4abd-bfd1-b0f1f464ccad,alfred-thomas,Alfred Thomas,queued,
99392c06-8cf5-41f6-a834-2e85c637d690,alfred-tiala,Alfred Tiala,queued,
2231e574-39af-4b1c-a929-3bc46fe2560c,alfred-weider,Alfred Weider,queued,
952e2708-a606-4153-8a24-567afc2dc6f7,alfred-wesley,Alfred Wesley,queued,
878a658c-bcf8-4326-9be4-fe79c827ccc0,alfred-white,Alfred White,queued,
40c39969-81a5-48b0-9592-22e1c637c7e4,alfredo-lopez,Alfredo Lopez,queued,
339dc4f9-a491-4131-9c51-cbb62dc0d161,ali-al-timimi,Ali Al-Timimi,queued,
7a1fc75e-b028-4c76-a0c7-a50e25f71f4e,ali-asad-chandia,Ali Asad Chandia,queued,
90f9e807-1343-449e-89b8-ff5d82bdabc1,ali-rehman,Ali Rehman,queued,
701c8379-da77-40a9-be00-90e180c97708,ali-shokri,Ali Shokri,queued,
23abd6fb-becd-4dd4-80ad-39ff2ce9a655,alice-burke,Alice Burke,queued,
fcfc6697-f62f-4963-b4dd-3aefa8419a17,alice-cosu,Alice Cosu,queued,
6eb76052-cf25-4498-adf1-0539adb07ef1,alice-gerard,Alice Gerard,queued,
205efa5e-66cc-4a51-ba7f-bc2535a08ea1,alice-gram,Alice Gram,queued,
a22e3959-acda-4400-a56d-09c2782f00b4,alice-kimball,Alice Kimball,queued,
3daa625b-ed7f-475b-b485-cb2d18c8867f,alicia-rodriguez,Alicia Rodríguez,queued,
8edfe075-263b-4b50-8a7b-494dfb8274f0,alicia-rosenbaum,Alicia Rosenbaum,queued,
7eac7635-6f80-4712-865c-edd0c82a0abf,aline-espinosa-villegas,Aline Espinosa-Villegas,queued,
076bff19-328b-4fbe-bdba-0734528ce3b7,alisandro-rodriguez,Alisandro Rodriguez,queued,
e652347a-d90a-4626-ad1e-849d963a9bf9,allan-s-broms,Allan S. Broms,queued,
024226fa-78f7-40e3-a250-054699c6efb8,allan-wilson,Allan Wilson,queued,
8f1399fc-8905-40e8-8efb-8e83cf38feea,allanawissica,Allanawissica,queued,
fa8df7ab-98b0-4cce-92d0-61bbd804c9ae,allen-b-christophel,Allen B. Christophel,queued,
28ffef07-7968-4546-958c-9a9d978c07f5,allen-b-christophol,Allen B. Christophol,queued,
7c36e1dc-d09f-4401-87ed-a0723d6c8ddd,allen-blitz,Allen Blitz,queued,
b63b9e44-90b8-4bdb-a0d1-3a67c179b2d2,allen-bullock,Allen Bullock,queued,
1c30d030-12db-452a-bf63-1a76d9d3b5eb,allen-flory,Allen Flory,queued,
2ebc07a6-d3fc-4b41-b6ab-65cdd8a5a559,allen-kellogg-philbrick,Allen Kellogg Philbrick,queued,
838d3208-4f63-479d-9a80-e44f5eb2ea6b,allen-mathews,Allen Mathews,queued,
82d53349-2df9-457f-aa5a-530fc65671b1,allen-randolph,Allen Randolph,queued,
db64ac9f-a5f9-45de-b8d0-ed8d05ad177f,allen-s-broms,Allen S. Broms,queued,
7e7c88a8-88d0-4e12-89ca-c04d3f9e09db,allen-schmidt,Allen Schmidt,queued,
e9bc5a95-0ce0-4445-ab06-a6d07de94d69,allison-hunter,Allison Hunter,queued,
d03e0312-4f3a-4bfe-924b-99e656a87198,alonzo-h-sampley,Alonzo H. Sampley,queued,
3e008225-8970-4cf4-a355-f951034a2e8c,alpheus-colton,Alpheus Colton,queued,
bd5b0b4d-12ea-4421-9e53-02a54e129b3a,alprentice-bunchy-carter,Alprentice Bunchy Carter,queued,
4d7374ff-db32-4c27-a84b-6f7ef22248fa,alrik-swenson,Alrik Swenson,queued,
5c38d5b7-30cc-4596-9ff5-932cf0410ceb,alton-chureh,Alton Chureh,queued,
fe5deebc-b537-4518-a305-af5ae72f751b,alton-deville,Alton Deville,queued,
45e2e5c5-942d-4586-9c50-1e27e15606a0,alton-foss,Alton Foss,queued,
b4ef6e52-b940-4967-b0dd-11a2a1e8dc10,alton-lawrence,Alton Lawrence,queued,
c16e21bc-ebff-40b1-a956-c03b3685fccc,alvah-m-davis,Alvah M. Davis,queued,
ea06def8-d0cb-4073-adf1-2bd783d46340,alvin-joseph,Alvin Joseph,queued,
63db256d-6983-434c-adb7-89e7a04a6579,amado-hernandez,Amado Hernández,queued,
4a5d8def-7eb2-431f-8e85-31fbbe0f7111,amanda-r-wolf,Amanda R. Wolf,queued,
e9ef3148-2516-4ec9-afd0-0e679736eb84,amedeo-lilli,Amedeo Lilli,queued,
9db04432-572f-4341-af53-eaa15352135c,amendo-morantes,Amendo Morantes,queued,
6018d74a-4e88-4528-8f66-93eb19913cec,americo-v-alexander,Americo V. Alexander,queued,
66610d3a-480a-40ac-b19d-d08698c7b00f,amilcar-a-alicea,Amilcar A. Alicea,queued,
b55a3443-04ee-4a2f-afbd-915190922a61,amos-martin-showalter,Amos Martin Showalter,queued,
74e1999f-61f7-4b3e-903f-5728153a4d9d,amos-t-bontrager,Amos T. Bontrager,queued,
a8b4a767-b5fe-4915-9d51-8c2280edf29f,amost-l-hitchcock,Amost L. Hitchcock,queued,
cdbb5382-7781-45a9-93e8-615e09451d7f,amy-colyer,Amy Colyer,queued,
268eb0ec-4e45-4428-a333-43dd9389be1c,ana-gypsy-lee,Ana Gypsy Lee,queued,
751609b1-a9aa-47f7-bb78-dddc1429d02f,ana-isabel-pena-arevalo,Ana Isabel Pena Arevalo,queued,
08a5771f-e5e0-453a-b27c-ccb4820dc5ee,ana-lucia-gelabert,Ana Lucia Gelabert,queued,
22c1a9d8-22c2-4bc3-9f6a-cc887c59b71c,ana-maria-gelabert,Ana María Gelabert,queued,
599bff55-b9a6-436c-b36f-3b5ac2ef4525,anani-nazarchuk,Anani Nazarchuk,queued,
dde063fa-bb45-48b5-8fce-7953a0de140c,anderson-chamapuro-dogirama,Anderson Chamapuro Dogirama,queued,
cdd293e4-5849-4d17-92c1-0513b2639fbf,anderson-mcpherson,Anderson McPherson,queued,
aad9779d-c735-4471-83fd-d1d3848c2fe1,andre-boutin,Andre Boutin,queued,
804df299-64a9-43a6-8d08-e10323b5287e,andre-evans,Andre Evans,queued,
37a007ba-543c-48a2-af9c-03d7b50ed653,andrea-robbins,Andrea Robbins,queued,
f2fc361b-2a3b-46f2-a6d9-6879686338fa,andrei-balash,Andrei Balash,queued,
8dc544fa-1268-4684-bdfe-47e7676044ee,andrei-nazaruk,Andrei Nazaruk,queued,
a948f84f-1837-4f9c-98ec-f2f5a66bbda0,andrei-pranka,Andrei Pranka,queued,
f99513f5-e02c-444e-98e8-5773addf7a5d,andrei-sacharchuk,Andrei Sacharchuk,queued,
d70bd63b-603d-4525-b872-f63439505484,andrew-adolf-hofer,Andrew Adolf Hofer,queued,
43227e9a-c9e3-459a-b49f-af09705f2c01,andrew-ana-hofer,Andrew Ana Hofer,queued,
eb8db8a9-0fc4-4124-9fb9-bafaa927d0a8,andrew-anna-hofer,Andrew Anna Hofer,queued,
0f9914df-2b64-4c68-8a6c-9dae9bd41785,andrew-augustyniak-duncan,Andrew Augustyniak-Duncan,queued,
ca9283d0-5dcc-40bf-aec6-b58f20fb6179,andrew-craig,Andrew Craig,queued,
e21c85e8-6af6-4288-86af-646aa67b3668,andrew-darnell-carlisle,Andrew Darnell Carlisle,queued,
52ad093a-173b-44cc-960c-c5bb5efc611e,andrew-duggan,Andrew Duggan,queued,
33ff6c0e-a993-4de6-a2b1-c76259a3e88b,andrew-f-busch,Andrew F. Busch,queued,
b9cc9c50-355c-46bd-abd7-c59f4a994d88,andrew-fisher,Andrew Fisher,queued,
b45fd06b-22a1-412d-8b5e-04e613eabdef,andrew-goff,Andrew Goff,queued,
27fcc2b1-cceb-4256-9b16-c442098ab3dc,andrew-gust-prince,Andrew Gust Prince,queued,
26e0c388-f760-457b-8e94-fc682af4a052,andrew-hinch,Andrew Hinch,queued,
1e149845-c510-4e6a-9403-d1856feceaf5,andrew-hostilla,Andrew Hostilla,queued,
b792cf74-e34f-4441-9f74-3adba2a0c589,andrew-iswashko,Andrew Iswashko,queued,
cbc77b94-322a-4887-aca7-ed2b99887247,andrew-jacob-spisak,Andrew Jacob Spisak,queued,
254876c5-4f6f-4f45-bcc3-d3224e569950,andrew-lawrence,Andrew Lawrence,queued,
873202b6-5e06-4cd1-b9a1-d923b74d2612,andrew-lopitsky,Andrew Lopitsky,queued,
e954562d-7f85-40fc-bfeb-f4d17d61433f,andrew-magers,Andrew Magers,queued,
dedf0609-ede8-49a7-a7f3-09ad70160e60,andrew-moore-stegner,Andrew Moore Stegner,queued,
5376320d-c8f9-456e-807a-0556f0ee831c,andrew-n-bishop,Andrew N. Bishop,queued,
7fd7d8c9-e259-4caf-8963-a8abf377dbda,andrew-olask,Andrew Olask,queued,
48240b78-975c-4f0c-929b-f0c9297e32be,andrew-onda,Andrew Onda,queued,
d2513a4d-bbf6-4996-a2a6-9b3cc34a13ab,andrew-postaruk,Andrew Postaruk,queued,
d6ef6fcc-c971-4fd3-be7a-d34cee8c27b6,andrew-remes,Andrew Remes,queued,
33c7a53a-51a1-4ee0-9c93-2a208e506e3f,andrew-salvarani-garcia-smith,Andrew Salvarani Garcia-Smith,queued,
126efdac-6eb5-47a1-b77d-ff0de4adde1a,andrew-schkurski,Andrew Schkurski,queued,
bba4ffa7-0ace-4580-8fb3-ab4183042655,andrew-shubin,Andrew Shubin,queued,
bc623033-cba9-440f-b407-022ee6d4ec5a,andrew-sinitza,Andrew Sinitza,queued,
c85e8dae-0924-40e3-b759-89810d53f544,andrew-smulian,Andrew Smulian,queued,
3424ac55-f731-49fe-8ddc-d0d3e1f717a9,andrew-steven-faulkner,Andrew Steven Faulkner,queued,
6b682759-6b50-4428-8896-b1137c7b43fa,andrew-turner,Andrew Turner,queued,
e5bcb271-6fa2-4fa9-b1ba-647730d82161,andrew-wade,Andrew Wade,queued,
6c1caeac-7041-4e4c-a79b-a7f48a01b2ea,andrew-yarosevick,Andrew Yarosevick,queued,
77f6cd70-1889-409a-a946-f90a53988cbb,andrew-yiannopolis,Andrew Yiannopolis,queued,
730a71c4-2df5-4e4e-ae4e-43b4072e50c5,andrey-chigraev,Andrey Chigraev,queued,
8765d34b-6590-499b-aad3-3391afd56604,andrey-dediushka,Andrey Dediushka,queued,
825f54ea-2cbe-4d74-a708-8cbabe8aaa8b,andrey-geray,Andrey Geray,queued,
2142cb49-0314-4512-9543-a0d0c7193039,andrey-lazarevich,Andrey Lazarevich,queued,
27b1305e-7746-42e4-9679-42ef3c330014,andrey-savruk,Andrey Savruk,queued,
6a67dcb3-cd42-41af-8a16-89d84febc585,andrey-shkuraki,Andrey Shkuraki,queued,
8b20cce3-0f13-45dc-b469-150b2876ac63,andrey-smal,Andrey Smal,queued,
ae32c841-b712-4081-b46d-3c11ada4f4b7,andres-figueroa-cordero,Andrés Figueroa Cordero,queued,
8426dfa1-c4f4-4d11-9e99-9d5c98d6990e,andres-miranda,Andrés Miranda,queued,
324dce49-ff75-4ebe-8b60-6e2403b65a48,andres-rosado,Andrés Rosado,queued,
3345ef10-f8a0-4446-86ff-ed23bd89baa4,andres-santos-ortiz,Andrés Santos Ortiz,queued,
690a9d11-d485-4ff7-9ff1-aa12e4bece41,andy-e-nichols,Andy E. Nichols,queued,
62cae3e8-2c19-4e5d-ac2a-53451c1dea3e,andy-ogando,Andy Ogando,research_pending,Initial encyclopedia image-index search completed; no verified portrait selected. Broader research remains.
f6494842-3057-43ea-be63-aeae53808e43,andy-riendeau,Andy Riendeau,queued,
14cc7023-1a4d-4392-a1f8-478f7a696662,andy-rivera,Andy Rivera,queued,
8a4f0b74-bc9d-4f8c-95ad-f03902b75b6e,andy-sereck,Andy Sereck,queued,
59893390-7612-4f01-89e8-285717b98911,andy-skarupa,Andy Skarupa,queued,
f518fcc7-25c7-4076-a8e6-64966a522b89,andy-vaughn,Andy Vaughn,queued,
01294d72-1ae3-4f03-b61e-d8d75fbcf9d7,andy-wright,Andy Wright,queued,
f95f6900-91f9-4280-b247-7b3482c2e22b,angel-cabrera,Angel Cabrera,queued,
e9a682f1-9d49-41e6-a9ac-b6a1d9c0d573,angel-quiles,Angel Quiles,queued,
edb1811f-10e2-4edf-bc6d-7d8238cd0c24,angel-roncal,Angel Roncal,queued,
db23a57e-46e8-45fb-bbd7-e9e876ec1f4a,angel-ruben-santiago-aponte,Angel Rubén Santiago Aponte,queued,
2a2ad03e-3ed5-4f3e-a390-e56ec9789a6a,angela-marie-cesario,Angela Marie Cesario,queued,
dbd97482-e565-4f4e-8a58-ac3503b201a5,angelo-cappelo,Angelo Cappelo,queued,
b81bed9a-30da-4d1f-ad02-1a1aec078992,angelo-varricchio,Angelo Varricchio,queued,
59de0c08-30ed-4a61-9bb6-41ae0188301e,angelus-nick-vlachos,Angelus Nick Vlachos,queued,
5fb5f410-59e4-4413-a3ab-348d68a7de99,anibal-jose-diaz,Anibal José Diaz,queued,
602efa1d-c229-46e2-ade3-885688bccc65,anika-d-cunningham,Anika D. Cunningham,queued,
eed38b8a-4333-484b-b858-cdd88cc29a88,anita-ricci,Anita Ricci,queued,
0d39b1f2-5764-4946-9d63-305991c4052f,ann-barton,Ann Barton,queued,
a330e429-e7a4-43c4-b0b0-c574c77ab16e,ann-greenleaf,Ann Greenleaf,queued,
229a16cb-bbcb-4d86-9586-bbadf2a4753a,ann-morton,Ann Morton,queued,
3255c030-2f17-4cff-aadd-0fbd3090cd74,ann-shepard,Ann Shepard,queued,
d3c936b8-28f3-4e51-9570-e891795f50f2,ann-shepard-turner,Ann Shepard Turner,queued,
d8488ecb-a798-4a8c-ad3e-86f66e496e9a,ann-britt-sternfeldt,Ann-Britt Sternfeldt,queued,
be7e57f5-ffcd-4731-b38a-108c0eed02f7,anna-bary,Anna Bary,queued,
4b955f99-c592-4fe7-96ba-37caf753cbb3,anna-bogansky,Anna Bogansky,queued,
b2916418-b715-492e-9f5e-8b461f67a598,anna-burlak,Anna Burlak,queued,
c7376e56-23d9-41ee-b26a-268ea3071e69,anna-ganley,Anna Ganley,queued,
d54241c1-d89b-49b2-8327-6b8910f5aa15,anna-ginsberg,Anna Ginsberg,queued,
2bf3079c-0497-49ba-ab4b-014bba471cc3,anna-gvinter,Anna Gvinter,queued,
143964be-edbe-4a57-b08a-7cdc7d85bf3f,anna-gyorgy,Anna Gyorgy,queued,
1c20a162-22eb-4804-a1b8-efddb0758322,anna-h-morgan,Anna H. Morgan,queued,
6783db93-8b3d-4dee-b286-cb20f9517773,anna-kuhn,Anna Kuhn,queued,
0826649f-4aa2-47ac-a76f-1250185595e2,anna-leisman,Anna Leisman,queued,
a492925f-c2ae-4e33-a258-2d3b9279649b,anna-loban,Anna Loban,queued,
67489e51-78b1-4709-a4d8-a92498499ca7,anna-rasefsky,Anna Rasefsky,queued,
a8490dfa-5b2e-4550-87bc-20917bcce7ec,anna-robbins,Anna Robbins,queued,
d09c41de-e66e-4b55-a4e2-316f587b5455,anna-rosenblatt,Anna Rosenblatt,queued,
acd54e21-3c39-48e3-8d0c-fe675fc24576,annarella-rivera,Annarella Rivera,queued,
905d359f-2e6c-46ea-83a7-2134d2597385,anne-bennis,Anne Bennis,queued,
3ea743d5-69c6-4d8d-a632-2548a19f1191,anne-lee,Anne Lee,queued,
c9676ed2-dc39-4d64-9de5-d72c8dca68ae,anne-montgomery,Anne Montgomery,queued,
64e2ca26-3f01-4719-b058-c62cacf3a316,anne-morrissett,Anne Morrissett,queued,
554efd7f-ec37-4b15-bed6-5bd20e7d5314,anne-sweet,Anne Sweet,queued,
4208780b-e928-486d-935f-26c6f7689350,anne-symens-bucher,Anne Symens-Bucher,research_pending,Initial encyclopedia image-index search completed; no verified portrait selected. Broader research remains.
e671c4be-83dd-41ab-a3f5-dae3b30007f4,anne-waldman,Anne Waldman,prepared_batch259,Verified portrait prepared; deployment not yet confirmed.
afb10889-db3d-4d1f-b1c2-1c6af6d19678,anne-walsh,Anne Walsh,queued,
2e3fe88b-e79e-43e0-bd62-2c6537b4b793,annell-ponder,Annell Ponder,queued,
ebedbd9b-5478-49b0-b76c-afc1f236d867,annette-roper,Annette Roper,queued,
b1eac30a-ae37-42ac-8fc0-dd850be54a2a,anni-rainbow,Anni Rainbow,queued,
61d0cc3b-5676-49c5-a53e-f325718b05bd,annie-j-magee,Annie J. Magee,queued,
b886e74e-c9d3-4aa9-94ab-d5913934ac7f,annie-mae-leathers,Annie Mae Leathers,queued,
993a41b4-ed48-45f1-9dce-d60c7fa09d34,ansel-w-lyman,Ansel W. Lyman,queued,
bb0df033-1c99-4716-a29a-2e3db29d6f4e,anson-k-burrill,Anson K. Burrill,queued,
aba8ec78-2494-43dd-8a0e-d8c205dbc096,anthony-bryant,Anthony Bryant,queued,
11181b52-d312-408f-9839-4f4a895d1c8c,anthony-haswell,Anthony Haswell,queued,
ed320652-a9b6-4fe4-8c28-f5c66d0b460b,anthony-j-adams,Anthony J. Adams,queued,
9a7e3dc4-97aa-4e4c-a4ce-759f4ad55840,anthony-j-stopa,Anthony J. Stopa,queued,
42f44b4f-fc50-40eb-aad4-a2b2a89ebdbb,anthony-lovenetsky,Anthony Lovenetsky,queued,
11c2dc95-89f5-4122-9d8f-730623b48f99,anthony-michael-anderson,Anthony Michael Anderson,queued,
ea938730-41d1-4977-8319-8605d0d1fa68,anthony-paradise,Anthony Paradise,queued,
b9432e3b-3365-4c96-b933-bf9c036c3b69,anthony-richard-couse-iii,Anthony Richard Couse III,queued,
5936fb11-6ff3-468e-9916-4e0c9d968f1d,anthony-russo,Anthony Russo,queued,
0579157f-68cc-4528-aefd-f2cc46fbc3c2,anthony-scoblick,Anthony Scoblick,queued,
001ec0e2-b3b9-4fda-9e17-c977fe2663c9,anthony-smyth,Anthony Smyth,queued,
7438de5f-aa79-4723-884d-cc1cf3f8c00c,anthony-valentino,Anthony Valentino,queued,
b7690e4b-6ab6-41e5-9c40-d4f0d18fd98c,anton-andronsyuk,Anton Andronsyuk,queued,
93046a76-4835-451f-b3ae-f915db034478,anton-dudka,Anton Dudka,queued,
ea89df23-9527-442a-931f-f80dd93bf79d,anton-federako,Anton Federako,queued,
fac00fa1-80d3-4e11-87f4-ebeb6c978bb6,anton-jacobinson,Anton Jacobinson,queued,
9cd40a19-e56e-42a1-914a-eb75ef617512,anton-karachun,Anton Karachun,queued,
3abf715b-732e-43fb-a66d-a4c562c3eb68,anton-korshikov,Anton Korshikov,queued,
ece58de0-7e00-40dc-a89a-80ce93d8e662,anton-kotiak,Anton Kotiak,queued,
3125d90a-96a9-409d-af05-91176049a512,anton-lipsky,Anton Lipsky,queued,
67d4b850-a0b4-4418-aa18-3a2235981d22,anton-minarich,Anton Minarich,queued,
7aacc387-76f3-43a2-9961-b96d92a688af,anton-nikolaychuk,Anton Nikolaychuk,queued,
157b8d57-1097-4321-a13f-380eb16f3954,anton-ostopchuk,Anton Ostopchuk,queued,
9d3abd6c-926f-4da8-b43e-ef1758ce8d72,anton-prushchuk,Anton Prushchuk,queued,
5f7b9cc7-b980-4be2-aa7e-693f32d96adf,anton-sheroff,Anton Sheroff,queued,
79901d77-9f24-4442-8004-2da4161461d5,anton-stepanov,Anton Stepanov,queued,
c53aa3d0-687f-4f20-876a-0dff5427fbe1,anton-trzpiot,Anton Trzpiot,queued,
96235ae2-111b-4905-9eb2-67b949713bd0,anton-zilich,Anton Zilich,queued,
7317adc8-1106-498f-8cb0-322ab6a1eda7,antonia-sentner,Antonia Sentner,queued,
02c686eb-fa25-4c05-b2f4-444f30969f21,antonin-gualberti,Antonin Gualberti,queued,
6b80a3b8-9a43-4cce-9e0b-cc4c5abd4a46,antonio-camacho-negron,Antonio Camacho Negron,queued,
4eb5a023-4268-4974-b460-96e15050e5dd,antonio-caseres,Antonio Caseres,queued,
fb9d0187-c26e-44a2-9afd-58c92488edba,antonio-colonna,Antonio Colonna,queued,
7aedcf75-0bbb-4e09-8558-6709f2a43c57,antonio-papadimitriou,Antonio Papadimitriou,queued,
31f5fd04-a7e7-4bb1-a495-f0bb7d0f07a7,antonio-quintana,Antonio Quintana,queued,
01e5002a-9f93-4e2c-846b-0d31537e6b0c,antonio-scott-zamora,Antonio Scott Zamora,queued,
948dcf87-3498-473e-8506-1dcce1557ffe,antonio-suares,Antonio Suares,queued,
fac83573-5eb5-455b-bf83-b2c991b32cf1,antonio-wooden,Antonio Wooden,queued,
3002ab30-5b62-4a45-9277-312e2e7dd930,antonio-de-pio-araujo,Antonio de Pío Araujo,queued,
e25cf7df-b66d-4765-83be-12357abc709a,antoniy-anisenya,Antoniy Anisenya,queued,
60cc56bd-a56c-479e-907b-7f5556c39cd7,archibald-scales,Archibald Scales,queued,
7fae4347-d961-4e43-b647-122e5f400cf7,archie-bayer,Archie Bayer,queued,
d653c591-0577-41a5-b235-1913688bed3b,archie-brown,Archie Brown,queued,
ce3f841c-1ab1-4056-8772-cca63f3827a7,archie-crawford,Archie Crawford,queued,
332ffb8d-efb2-4411-a6e4-91060b045c7c,archie-gibbs,Archie Gibbs,queued,
5d679602-d49f-4486-9d22-a302d274027c,archie-w-graham,Archie W. Graham,queued,
78e61c8b-a200-41d1-85a6-6608f5147541,ariel-ebaugh,Ariel Ebaugh,queued,
abbdbfd5-3fe7-4112-9123-1bee402b1bd5,arieon-robinson,Arieon Robinson,queued,
d4e75f64-5837-495a-8426-b1d2b18cac2b,arkhip-libed,Arkhip Libed,queued,
55cd20bb-4bac-4dfb-9a8e-a3d1babf2940,armando-caban-vega,Armando Caban Vega,queued,
c0e4e425-fe45-4b2f-bd69-15a962e54195,armando-miramon,Armando Miramon,queued,
19e1010a-59ca-44ae-8987-411d04db78ec,armin-harcevic,Armin Harcevic,queued,
0d9f33d0-a2b3-4b5b-8fbd-86ebb2a3a46d,armin-von-harder,Armin Von Harder,queued,
bb4f0999-bc77-42ce-9f74-d67a53ecfb1a,arnaldo-jose-gonzalez,Arnaldo José González,queued,
ecbe6268-d9bb-42d5-b52c-0e1ae873a2e2,arnold-bernardini,Arnold Bernardini,queued,
652fcec4-ad41-4e42-a65d-cce487ccb881,arnold-heightland,Arnold Heightland,queued,
9e26b33c-e4e5-4372-926d-dbee0db09c01,arnold-johnson,Arnold Johnson,queued,
4af85725-b130-49e7-9388-5f64b2901fe6,arsen-yerganian,Arsen Yerganian,queued,
301df6c7-dabb-447c-a24e-a301ed38e139,art-laffin,Art Laffin,queued,
635499de-37f6-47c3-bebb-72dbcd8acbac,artell-lancaster,Artell Lancaster,queued,
12e96d8e-643e-4346-a616-2e9841fc5975,artemy-pavluk,Artemy Pavluk,queued,
415ce55e-a736-4727-996b-4109b4adb948,arthur-barber,Arthur Barber,queued,
a77da35b-ffe6-4e00-bb90-1739125d4e2c,arthur-bartl,Arthur Bartl,queued,
e2e1b42a-4650-41b3-9449-75fa65e29133,arthur-bary,Arthur Bary,queued,
532a94db-7ec8-476d-b5bd-ade9947f0dc2,arthur-berg,Arthur Berg,queued,
69844295-38d1-4e67-b67e-a27936ee4007,arthur-boose,Arthur Boose,queued,
404ef99a-27ae-4fe5-bc2e-ce95362b7d78,arthur-buchanan,Arthur Buchanan,queued,
de3f0ea5-e842-453e-a00d-1b27930d7287,arthur-c-ward,Arthur C. Ward,queued,
03a3b8f0-478a-4753-b7fd-233b29071d52,arthur-clark,Arthur Clark,queued,
6a146a84-d5fa-4034-a12c-636d33eb0d7a,arthur-connelly,Arthur Connelly,queued,
a1ca2a93-f29a-4dbc-a59b-e14e55750a38,arthur-dunham,Arthur Dunham,queued,
1b220e91-a975-4fe6-aad1-6ff176a99193,arthur-evans,Arthur Evans,queued,
6db9c48f-5fcb-4261-82b7-eeef6adffc71,arthur-foulke,Arthur Foulke,queued,
3944415c-7072-4ca9-aa0d-60044f7bb694,arthur-g-melville,Arthur G. Melville,queued,
fc46b78d-910d-42f5-a85b-0eebf52a58b2,arthur-g-ross,Arthur G. Ross,queued,
3e9634bd-1bb9-4094-bc3c-91fa8584fb68,arthur-hardge,Arthur Hardge,queued,
7ff74563-bd5a-49bd-8a9a-d29ba4a2cf77,arthur-harvey,Arthur Harvey,queued,
be544020-7d07-4965-bb74-bd54441b6985,arthur-hazelton,Arthur Hazelton,queued,
c1fcd24c-eb9f-41ef-910d-82b861c93eac,arthur-j-gwim,Arthur J. Gwim,queued,
202400f4-4209-4668-9c09-f9625ab0c335,arthur-jackson,Arthur Jackson,queued,
6b13e5e6-6c1a-47c2-9210-4225d745fc64,arthur-landis,Arthur Landis,queued,
cd3575a8-2aa5-4be6-94f2-c5e435f8d6cf,arthur-lee-washington-jr,Arthur Lee Washington Jr.,queued,
15084956-0017-40ec-8ea5-3864cbb8b795,arthur-lesiga,Arthur Lesiga,queued,
7c224e96-7fea-4267-a3fb-9203eb35df9f,arthur-mcphaul,Arthur McPhaul,queued,
6d9f5992-a093-4020-9518-ede9f21e2863,arthur-mini,Arthur Mini,queued,
c30f23dd-0081-497d-a041-a1bb3c92f224,arthur-park,Arthur Park,queued,
974fdae0-84e5-4692-b2a1-6bc8a307f491,arthur-roth,Arthur Roth,queued,
dddc82ae-3682-4f71-888d-03aa131d987d,arthur-springer,Arthur Springer,queued,
36804296-7a61-4e86-a5dc-ff8d6de43a57,arthur-stanley-cattell,Arthur Stanley Cattell,queued,
ba7e78ec-554a-4199-b381-bd0f5875bd4e,arthur-taylor,Arthur Taylor,queued,
a7004d83-8b4b-4f74-bbff-8d784fb83c26,arthur-turco,Arthur Turco,queued,
f7cd230f-d250-4fa9-a962-335a81636a97,arthur-wilson,Arthur Wilson,queued,
4554566c-40aa-4734-9dff-4b712a799a93,artie-adanandus,Artie Adanandus,queued,
058e0fde-8a89-4f94-91a8-fc4f44ce4e8d,artur-tchibassa,Artur Tchibassa,queued,
b158e0db-21ad-47c9-ac81-0262f46dd58c,arvid-owens,Arvid Owens,queued,
5bb5f727-87c7-4753-b853-f0beb69ede6c,asa-cusick,Asa Cusick,queued,
b63a0587-1ac0-4449-964b-4196f7c272f4,asbury-howard,Asbury Howard,queued,
828c8748-3554-4d77-8fbc-a7b5c7586bab,asbury-howard-jr,Asbury Howard Jr.,queued,
f344c314-2749-46a5-8bdf-a9d7d2a6a10b,asha-sundiata,Asha Sundiata,queued,
203db688-5cf4-4081-a3b6-603a0e7e10cd,asuncion-papo-rodriguez-crespo,Asunción Papo Rodriguez Crespo,queued,
e9f2f61e-eb94-4d51-ad83-e3786674e141,athos-terzani,Athos Terzani,queued,
0f45a577-86d5-4d49-b59a-b17ab53e54d9,audrey-stewart,Audrey Stewart,queued,
17ed2ac0-e71c-42ce-a251-8a414f92f1a9,august-a-miller,August A. Miller,queued,
6cabd8c7-dcbd-46c4-ad8d-f8ff55bc3c46,august-allman,August Allman,queued,
14f00aac-d892-4d46-b5a9-743c24bbf0ba,august-schewing,August Schewing,queued,
28798934-e443-4337-8c82-f5af3354235b,august-weissenfels,August Weissenfels,queued,
d987434c-2a77-47d6-8ff5-ad070873448d,august-welssensel,August Welssensel,queued,
439e846d-6cfb-4047-977b-849f853fb69f,august-wilhelm-lahtinen,August Wilhelm Lahtinen,queued,
d5b5e4c1-ebde-485e-af95-ffc238d9a7c9,august-yokinen,August Yokinen,queued,
d4aca351-6843-4b55-9d06-4c8c59615d14,augusta-birnberg,Augusta Birnberg,queued,
ce780123-e965-4eda-a378-b517399d0e95,augustine-cabrera-oroza,Augustine Cabrera Oroza,queued,
c53663ea-7d88-44e3-ad61-d3f9e122eeaa,augustine-roddy,Augustine Roddy,queued,
a1b1e7f9-873d-4e1c-a959-5950bc39942b,augustus-j-johnson,Augustus J. Johnson,queued,
caf2656d-8062-486c-b4d0-6f4fd98bcf6e,augustus-swift,Augustus Swift,queued,
17a1cca6-6639-4699-8bd1-e71b59d10bcb,austin-copeland,Austin Copeland,queued,
e481e813-b3eb-4b24-a384-e9ac1ec04da1,austin-l-hewett,Austin L. Hewett,queued,
2e33f873-3bf0-45e2-a876-6c1983614c5e,austin-nathaniel-nuchraksa,Austin Nathaniel Nuchraksa,queued,
b3e7ad5e-a607-4d06-b011-4430358fbfb1,australia-poole,Australia Poole,queued,
d53418c0-df1f-4ab5-94f8-8902d9f6921a,avelino-gonzalez-claudio,Avelino González-Claudio,queued,
2edeedd5-0d0a-4503-bc9e-aee5e4e221e0,avery-kimrey,Avery Kimrey,queued,
306ede5c-8822-4ceb-bb96-ed8b79dc791a,awali-stoneham,Awali Stoneham,queued,
eb11a151-2939-4733-94e6-5dfbdfdb6691,axel-mora-melendez,Axel Mora Meléndez,queued,
f8837798-6e10-48e5-b584-3db6b289b70f,axel-o-londall,Axel O. Londall,queued,
281443b3-2c0a-4298-8a51-380ad99bb593,axel-rudolph,Axel Rudolph,queued,
5bbb115e-3fc6-4dc7-bf18-47ead4590612,axel-w-carlson,Axel W. Carlson,queued,
8315f61a-e74c-402e-9d75-cf032c7fdd28,ayman-jarwan,Ayman Jarwan,queued,
de90761f-708c-49ec-ae82-e5b0f34d2c11,ayoub-tabri,Ayoub Tabri,queued,
9e7d3da9-b94a-427e-adbb-b13d5e32cee0,b-earl,B. Earl,queued,
b6a1c16e-6724-4538-bd14-8750e8d5d228,b-f-bryant,B. F. Bryant,queued,
1b6e0cb0-f03e-495f-9019-efb6433cf909,b-f-burns,B. F. Burns,queued,
4f894a97-a630-4491-a591-f4b3df63102a,b-h-mccown,B. H. McCown,queued,
e67e71d2-3db5-4d92-a176-0288a211c44f,b-johansen,B. Johansen,queued,
22a963f6-07df-409a-9d4c-08641ccedb98,b-m-murphy,B. M. Murphy,queued,
1bb9068c-faa8-415b-932f-192910cca30c,b-pumerantz,B. Pumerantz,queued,
bd5585e9-fd87-4fcf-875a-a24f1b038394,baba-odinga,Baba Odinga,queued,
eedeabfe-85a2-4ef1-88cb-e11cfb52f861,bailey-marie-baldus,Bailey Marie Baldus,queued,
1c576733-7621-4140-b151-750a07b45fe6,barbara-a-thomas,Barbara A. Thomas,queued,
04d4c109-d81a-4236-aae8-862e71cbd3df,barbara-broxton,Barbara Broxton,queued,
a394c9b9-99d1-44f4-853e-57e9c1f994c4,barbara-carter,Barbara Carter,queued,
df7e1ce1-5091-43af-898b-6d39926783d6,barbara-hartle,Barbara Hartle,queued,
21156dee-77ce-46c1-b89a-460cac2db602,barbara-smedema,Barbara Smedema,queued,
f04021da-2451-48e1-9930-36de19f5e84a,barncho,Barncho,queued,
ba84a369-9139-4bf3-9a2a-da15f10f085b,barney-lee-ross,Barney Lee Ross,queued,
7e9048b8-82a1-4826-b103-513a49841958,barrows-dunham,Barrows Dunham,queued,
94318441-b5ae-46e5-9144-f3675a50ea10,barry-musi,Barry Musi,queued,
c3483035-6953-4bbc-934d-65e196119289,barry-roth,Barry Roth,queued,
86014cad-d860-4f80-b478-9a7e2636fb7f,barry-wynn,Barry Wynn,research_pending,Initial encyclopedia image-index search completed; no verified portrait selected. Broader research remains.
b73c42a6-bc9a-4e8b-a32d-e743528282da,bartee-haile,Bartee Haile,queued,
457d0cfc-f536-4ce9-b0ba-45bb334201e8,basil-saffores,Basil Saffores,queued,
0c8f5f46-331e-43e9-af30-ad504d867631,basil-wahib,Basil Wahib,queued,
ff982ecf-09d5-449f-aaef-7725b15a63c5,basman-elashi,Basman Elashi,queued,
f6da65ff-5172-4eb3-bfb3-772e0cea9f2d,bawin-riete,Bawin Riete,queued,
a59dedd1-3533-40e0-9549-1495169f6968,bayan-elashi,Bayan Elashi,queued,
57a21baa-e908-45a2-bd0f-b67e1a78f082,bear-lincoln,Bear Lincoln,queued,
56dc862d-a66e-4b17-aeea-d50e8e0bb997,beatrice-kinkead,Beatrice Kinkead,queued,
03fa5a2a-028b-49a2-aabc-c6e2c7a9e211,becky-edelsohn,Becky Edelsohn,queued,
5cb6eae7-6fbf-4145-a91f-02dd131fa112,bell-wicenski,Bell Wicenski,queued,
39b2cd42-c78d-41ad-8167-699b7731afce,bella-mintz,Bella Mintz,queued,
477a7e9b-ec11-4af8-a6c8-844de4dee7a2,ben-boloff,Ben Boloff,queued,
82041544-78f0-4897-b82e-d79c53e0b62d,ben-carreathers,Ben Carreathers,queued,
3d3a7229-ac6d-421c-b490-71ce3b4a5ead,ben-f-jackson,Ben F. Jackson,queued,
aeb867ce-31c9-4cd7-8267-19b64ad843bd,ben-gardner,Ben Gardner,queued,
df1c9e31-b3bd-4bd4-9fcc-b042e770f508,ben-irby,Ben Irby,queued,
dcabfd0b-0eaf-43df-b3dd-4f0b41b1ed80,ben-joldersma,Ben Joldersma,queued,
cc97ceda-c9b5-4467-80ad-2b9997cf3dbf,ben-legg,Ben Legg,queued,
cc7634ee-eb84-45c8-855d-de3a73da6301,ben-lenard,Ben Lenard,queued,
b8a09ed3-8d77-4394-8ae6-e4695dd18415,ben-lifshitz,Ben Lifshitz,queued,
595752f5-7cd2-4b1c-a47f-0809c4df7502,ben-rubin,Ben Rubin,queued,
5f8bb5df-315f-4cec-b43d-428d5e119fdd,ben-schapiro,Ben Schapiro,queued,
3ff53d95-44ed-460f-b116-618daeffb79c,ben-thomas,Ben Thomas,queued,
3c2572f6-2836-443e-bc98-7182fd71e4f7,ben-wakaye,Ben Wakaye,queued,
73217ffe-ebbe-4d4f-8086-67520ef665ca,ben-wittling,Ben Wittling,queued,
66ecad1e-a308-47a7-b6b0-6a16958994b9,benedict-prieth,Benedict Prieth,queued,
f97eddea-c48d-4024-9d61-6f0dc4b50ada,benito-solis,Benito Solís,queued,
8a212945-5630-4ee8-ae74-aed0a51e518d,benjamin-baltzer,Benjamin Baltzer,queued,
326ff6b9-5bce-43e6-baf2-a1208c46a80c,benjamin-breger,Benjamin Breger,queued,
e7b98d4b-6a73-4f49-8ffd-d9d687549526,benjamin-careathers,Benjamin Careathers,queued,
34b3dbed-cae7-4ece-b589-5bf0cf0c8a28,benjamin-cruz,Benjamin Cruz,queued,
15b7ee0f-b1cc-4403-bab8-a0a453be4b7d,benjamin-f-randolph,Benjamin F. Randolph,queued,
afd0aa9a-0529-4412-9d10-d11c9e192c0c,benjamin-f-thompson,Benjamin F. Thompson,queued,
7745c3f8-9557-444e-bccf-724ea1718f09,benjamin-feifer,Benjamin Feifer,queued,
dbba5ffc-7e1b-4714-8002-cd4e892af7fd,benjamin-gidow,Benjamin Gidow,queued,
147ca79b-a2c3-43b7-aab1-e27df7f6a2d0,benjamin-kontrowitz,Benjamin Kontrowitz,queued,
ff172db7-875c-40a4-8751-902afc9cb47d,benjamin-kopp,Benjamin Kopp,queued,
3ff8dcd6-8e76-4f63-9939-699582a3adef,benjamin-lieb,Benjamin Lieb,queued,
b95f73d1-3982-4bcf-a62e-07c6d65cb9d6,benjamin-mandel,Benjamin Mandel,queued,
038d9482-c2dc-49b0-9090-e457146e930c,benjamin-merrill,Benjamin Merrill,queued,
e88216e0-2ea8-43df-97f7-e1ad5924c7eb,benjamin-moye,Benjamin Moye,queued,
9c6959ab-ac0a-48f8-8735-8ddfeade9ab1,benjamin-ortiz,Benjamin Ortiz,queued,
72a3c5db-7d62-408a-bd23-e2e5081c5074,benjamin-parkinson,Benjamin Parkinson,queued,
2fdbed68-7853-490a-a686-39508a0eb19f,benjamin-persky,Benjamin Persky,queued,
c076e60d-4fc1-4905-8b0c-c98501d8d3bf,benjamin-repsys,Benjamin Repsys,queued,
687542d5-aa44-4bf1-b2a6-c2abd944bbdd,benjamin-saltzman,Benjamin Saltzman,queued,
9c8061c0-dca2-4fdc-b7af-04b69879fec7,benjamin-saul,Benjamin Saul,queued,
91e18402-a5b5-48b0-ae30-9acc60a49c73,benjamin-tobak,Benjamin Tobak,queued,
1fd9eb6e-a68e-476a-9804-197c71651c31,benjamin-weiss,Benjamin Weiss,queued,
1d430f71-d798-47cd-a190-f1fa123ee60a,benjamin-wood-pavich,Benjamin Wood-Pavich,queued,
522e2479-ac28-4d38-aa1a-23a8ea156d7b,benjamin-silva,Benjamín Silva,queued,
861d7fcd-1b6d-4185-ab3b-95b3fce8ffde,benny-long,Benny Long,queued,
0e1fa258-8baa-4a6c-a76b-5ee0332a5297,benton-claiborne,Benton Claiborne,queued,
9ba537af-7e26-4bc7-9d25-8ff8ced2bcae,beril-kirson,Beril Kirson,queued,
4952c015-ff52-47ed-abd1-b17d9de55316,bernadette-doyle,Bernadette Doyle,queued,
d33d3a7b-2d2b-417b-aeab-c0e11748dd31,bernard-clark,Bernard Clark,queued,
e5361b3a-bb14-4260-a3e1-43093f877a1d,bernard-deutch,Bernard Deutch,queued,
e010b266-4a61-4fc9-8451-c50666ac7f9c,bernard-e-fast,Bernard E. Fast,queued,
426c7a94-6ddb-4f51-b7a5-9b4d9f2ab454,bernard-lee,Bernard Lee,queued,
d4670e2f-4ddf-4205-add7-1ccfac72f7fe,bernard-meyer,Bernard Meyer,queued,
edad5d88-6d68-4501-835a-3e39e50e957f,bernard-rosenfeld,Bernard Rosenfeld,queued,
49285591-993a-40dc-a501-69488a430d91,bernard-rush,Bernard Rush,queued,
c38b3912-1f42-43d7-9ab0-323e94454e86,bernard-silber,Bernard Silber,queued,
82caaa0a-c225-4974-84a7-20fb544c31ba,bernard-stenzel,Bernard Stenzel,queued,
7b32dd46-ecfc-4965-a029-49ee04f295c9,bernardo-valdes-londono,Bernardo Valdes Londono,queued,
01247ffd-cacc-466a-bd5d-6d0b49fe55f0,bernhard-deutch,Bernhard Deutch,queued,
4f94794e-8634-4365-9a09-aee92b31ce2b,bernhard-e-fast,Bernhard E. Fast,queued,
2a5f1a18-6d32-420f-94f3-bc73e3f418f4,berry-pottier,Berry Pottier,queued,
f3edf3a1-dd52-4f0c-87ad-d6f37a4af2e6,bert-banker,Bert Banker,queued,
27b226a0-ea6d-4b5a-9d9c-af838478e74d,bert-hanson,Bert Hanson,queued,
069a8e65-ab72-4dda-89bd-f9c23c981877,bert-kyler,Bert Kyler,queued,
ae3885c1-3636-43f1-9315-1a3c2c09d179,bert-s-brush,Bert S. Brush,queued,
96b1972d-1091-46ce-aaf2-d2208210a95a,bert-s-cage,Bert S. Cage,queued,
cc016490-0b8f-40d6-95a2-dcc257ea4740,bert-salwen,Bert Salwen,queued,
a3a7c332-ff05-44bb-9a83-a4aa853f4c2a,bert-sells,Bert Sells,queued,
3950aa8c-2932-4534-8762-a0d44ae26bbc,bertha-gober,Bertha Gober,queued,
27262f34-fc13-439e-87d7-2fbc2a48d67f,bertha-m-jackson,Bertha M. Jackson,queued,
fbf17dd9-ae75-4c78-b990-6eaf56ddb833,bertha-teplow,Bertha Teplow,queued,
2655ff09-9887-48c2-a3fe-39b2c9a6ffd3,bertha-wallerstein,Bertha Wallerstein,queued,
b177f1d1-8fd2-462f-b56b-e15cac915e4d,bertha-walmsley,Bertha Walmsley,queued,
6d03bfcb-1cff-45a6-bea4-a3104285c83d,bertha-zimmerman,Bertha Zimmerman,queued,
8ab246a1-be24-417b-8a61-e5a0c3d26aa0,bessie-herman,Bessie Herman,queued,
2a8d84b9-65e6-4ffe-8049-d569320f30f4,beth-rosdatter,Beth Rosdatter,queued,
3ddecfeb-eaab-4210-b263-6b2ecc09af0a,betsy-corner,Betsy Corner,queued,
d72ec80e-53bf-43c6-880a-485cac4700cc,betsy-graves-reyneau,Betsy Graves Reyneau,prepared_batch258,Verified photo prepared; deployment not yet confirmed.
a71a0d45-18da-4bf8-93f6-88c80d2c32b1,betty-connolly,Betty Connolly,queued,
eb8e946c-8295-47c7-965f-ef85f0aa2a05,betty-gram,Betty Gram,research_pending,Group photograph located; download/individual framing pending.
f98459df-066c-460b-b285-4b5d6d374158,betty-powell,Betty Powell,queued,
ff7e2254-beb9-4241-960e-dada289fabf7,bezil-belousov,Bezil Belousov,queued,
f44a9177-a9b3-4818-b488-a83447bb52f6,bibiano-pizarro,Bibiano Pizarro,queued,
264f0204-ffaf-4ae6-9883-a7ffa35edafd,bilal-sunni-ali,Bilal Sunni-Ali,research_pending,Initial encyclopedia image-index search completed; no verified portrait selected. Broader research remains.
727afd8f-4239-405a-b0d0-c58bffdd0c94,bill-ayers,Bill Ayers,queued,
521cb5c3-37ea-4dea-927c-c26f5383e372,bill-caudle,Bill Caudle,queued,
68a20b65-75f1-4468-8513-8d36be7b2331,bill-gebert,Bill Gebert,queued,
55493de4-aa0f-4f0d-9866-7a85304c38f3,bill-hartman,Bill Hartman,queued,
ffababeb-e301-4252-b4d1-0fb6c0bd80b2,bill-heikkila,Bill Heikkila,queued,
95082e72-c859-45cf-b08b-575769c2026c,bill-lawrence,Bill Lawrence,queued,
238c1150-29ed-4aad-9347-f30965b73b7c,bill-morgan,Bill Morgan,queued,
366cd28a-1cca-4bcb-afb0-a71ceafe7358,bill-murdock,Bill Murdock,queued,
d438fcef-5ed2-445b-a792-d8897daa7ff5,bill-odonell,Bill O'Donell,queued,
bb1b3515-cbf6-440f-bba4-ac0f6fb0abaf,bill-streit,Bill Streit,queued,
e030ee22-1b18-4ae6-9116-0e637980b2a5,bill-tilton,Bill Tilton,queued,
07fcb83b-ada0-48a7-bbe6-ed1aea6c065a,bill-worral,Bill Worral,queued,
9c06de9a-f8e5-4692-951c-1c74d5dfc931,bill-wylie-kellermann,Bill Wylie-Kellermann,queued,
5c855abc-55c4-4e9f-97c6-8b784f8f2aae,billie-rogers,Billie Rogers,queued,
64ef179c-665e-4dbd-a5e2-05aa67eb1abb,billy-allen,Billy Allen,queued,
e07264f0-1a4d-4402-b2f1-72b938432973,billy-frank-sr,Billy Frank Sr.,queued,
4779a5de-d259-4151-bb49-b2242a47c5dc,blair-anderson,Blair Anderson,queued,
26324a4b-daea-416e-90b1-4d142299bb18,blake-lemoine,Blake Lemoine,queued,
34f7bc6c-525a-475b-8328-863e4a0a62c5,blanca-gari-perez,Blanca Gari Perez,queued,
0d302a15-f4bb-4da7-bd8f-aa999121c09d,bland-rayburn-harris,Bland Rayburn Harris,queued,
d283687b-821d-45ad-b7c0-aa52a068b62a,bo-brown,Bo Brown,queued,
0347f815-e5cc-4dc4-9de5-3d920732d116,bob-atchison,Bob Atchison,queued,
0a075f61-55cd-4fee-8901-68e79797ad5d,bob-brown,Bob Brown,queued,
93523f63-1495-4ea9-88e0-d1e0d436268a,bob-carson,Bob Carson,queued,
9acef25b-777a-4b08-8a9a-9be3447a2a55,bob-davis,Bob Davis,queued,
36968c9b-a3a0-48fd-ac55-b5d18bbd1542,bob-duren,Bob Duren,queued,
520d7b2c-d951-4cef-87f1-ed9f254177e3,bob-graf,Bob Graf,queued,
52ee2348-589c-4783-9698-aa7d2c3b10f1,bob-jackson,Bob Jackson,queued,
dd8241ad-aa28-4272-867c-dc4b2c017f42,bob-jackson-2,Bob Jackson,queued,
12903d47-d599-4130-a499-5b329e79b8f1,bob-wirtz,Bob Wirtz,queued,
de9cc813-49a9-41f3-a208-605a59e0fbc5,bob-yellow-bird,Bob Yellow Bird,queued,
7a83b261-d0fe-4b9f-80ef-6db1cf261a91,bob-young,Bob Young,queued,
70a03030-9b6c-4c6e-b12e-9263f292c854,bobby-bishop,Bobby Bishop,queued,
288aa752-517d-44da-9d67-24e2d2b0ef4f,bobby-dellelo,Bobby Dellelo,queued,
4dbed57c-ce17-4755-b190-69207147773e,bobby-hardwick,Bobby Hardwick,queued,
32080da8-35c8-4b02-9125-9f926359d670,bobby-lee-williams,Bobby Lee Williams,queued,
9b4c8fff-63de-439e-896a-2fd8664c24e3,bobby-rush,Bobby Rush,queued,
4e9c0c36-dba4-4dc4-ac70-8a5e28709b95,bonnie-urfer,Bonnie Urfer,queued,
c420eb0e-8889-4cdc-a412-62126553c1d4,booker-collins,Booker Collins,queued,
a12720f6-f902-4357-8be7-069d8f6c9915,booker-t-millner,Booker T. Millner,queued,
c91e2611-0d85-4d77-b7d4-abe00d1ee807,boris-borsuk,Boris Borsuk,queued,
861ee269-8c27-49c0-881a-15b44e240e0c,boris-cevetsky,Boris Cevetsky,queued,
8ed23707-ee3b-41ea-a4c1-83e460d443c1,boris-keretchuk,Boris Keretchuk,queued,
26af7985-8959-4daf-9e11-9906e068a285,boris-schatz,Boris Schatz,queued,
3d931ca6-e2e2-45f0-8e87-a959a0be5800,boris-sklar,Boris Sklar,queued,
482fe69c-61cc-45b0-8764-3907996171a4,boris-trofinov-rusak,Boris Trofinov Rusak,queued,
87d8a8f3-cb50-471a-83ad-e6bdae1abfe5,bouke-blom,Bouke Blom,queued,
1b35a3b8-f115-43ad-a9dc-778d60563647,boyd-payton,Boyd Payton,queued,
b02e9bd9-8885-4a48-9409-f8b3349049c4,brad-beneke,Brad Beneke,queued,
7a4bbb63-8e63-4cf6-95e4-2da156e19407,bradley-neil-crowder,Bradley Neil Crowder,queued,
8ca526c5-ab65-4ca8-b982-d8a612af9738,brandon-aaron-miller-castillo,Brandon Aaron Miller-Castillo,queued,
29d7110a-c9cb-4a3e-936d-601b5ead9970,brandon-michael-althof-long,Brandon Michael Althof Long,queued,
ef458387-04e0-43f9-8819-dfb8edb26f2e,brandon-orlando-baldwin,Brandon Orlando Baldwin,queued,
c4f80e17-b14c-490c-a602-8ea916b232fe,brendan-eaton,Brendan Eaton,queued,
9ce8147b-9af1-4103-9c7f-6de4901ba2e6,brendan-hunt,Brendan Hunt,queued,
272d2c2c-7fe6-401d-ae04-3c66ff539f71,brendan-maslauskas-dunn,Brendan Maslauskas Dunn,queued,
2a38e804-b7d0-46b3-870c-b8735ab6fdb5,brendan-walsh,Brendan Walsh,queued,
bd7d7a64-5dfb-4ea5-a559-beb9508b2c2f,brennon-j-nastacio,Brennon J. Nastacio,queued,
930c542c-71d9-40e2-87b3-6b66bb17ff18,brent-barksdale,Brent Barksdale,queued,
c1da43f7-adeb-4d17-927d-b0a5a21f681a,brent-betterly,Brent Betterly,queued,
58349391-d768-4a2f-9a66-20a4a7c7ed63,brent-dow-allinson,Brent Dow Allinson,queued,
c6e940e1-c934-4fb6-8a3d-bec1e63eaeed,bret-g-walton,Bret G. Walton,queued,
b5d22109-0b1a-47fc-bfa2-26f232388bd0,brian-barrett,Brian Barrett,queued,
068b8c86-931d-47cb-b7a9-e8eba88d4b89,brian-buckley,Brian Buckley,queued,
d4ded98f-70de-47df-9a1d-526ee72e0d38,brian-flanagan,Brian Flanagan,queued,
188caa97-1b31-4d1b-880a-e22185656c78,brian-fleming,Brian Fleming,queued,
a4ba4664-eb91-44cc-9353-352e4dc7e74a,brian-hynes,Brian Hynes,queued,
4e0006b2-c73e-4a77-9ae6-dab5d8de381b,brian-kavanagh,Brian Kavanagh,research_pending,Initial encyclopedia image-index search completed; no verified portrait selected. Broader research remains.
0f906057-e159-42f2-956e-95cee013e8bf,brian-quail,Brian Quail,queued,
f7f42f62-62f5-481d-9632-c13ac4a89b8a,brian-terrell,Brian Terrell,queued,
f1cbec8c-da5d-4072-bc79-ec973170f5b2,brian-thomas-mettenbrink,Brian Thomas Mettenbrink,queued,
6ae1caae-7fe6-4472-9fd3-a75f84b0b7af,brian-willson,Brian Willson,queued,
7f4b9e75-163d-4e73-96db-1e4563175902,brooke-elaine-courtemanche,Brooke Elaine Courtemanche,queued,
b47da39b-dd38-451e-a7f5-6203224216e3,brooks-anderson,Brooks Anderson,queued,
9d588d90-514b-4221-b6b7-442a9cb03a65,bruce-friedrich,Bruce Friedrich,queued,
51cafa0b-3460-4a4b-80dd-2d76014bae66,bruce-peterson,Bruce Peterson,queued,
1205d424-e27b-4863-826e-2a03184b323e,bruce-seidel,Bruce Seidel,queued,
604077c6-c1cf-45fc-a51d-07b7a96f7945,bruce-triggs,Bruce Triggs,queued,
0318fffe-a41b-49c4-b96c-dad2424e1b72,bruce-washington,Bruce Washington,queued,
10dbd463-1d84-439e-ae21-d99ce9b96655,bruno-trevino,Bruno Treviño,queued,
30c5c6d3-cff6-4932-b4ab-be194a396b77,bryan-rivera,Bryan Rivera,queued,
7b9360dd-8f1a-46ad-a1a6-444cbfc2e523,bryce-tuller,Bryce Tuller,queued,
b6951472-56a3-4fa0-99fa-23c22af27b4c,bryn-taylor,Bryn Taylor,queued,
32f36b7b-f3c5-49f7-ad39-7aecac42492f,buchan-singh,Buchan Singh,queued,
ba551bfa-4933-4c52-9b35-bab4a868e466,bud-combs,Bud Combs,queued,
90a5f5d9-406c-4c69-8908-821077cf776c,buddy-bell,Buddy Bell,queued,
29db765d-3f9a-4b54-93fc-9bb2db3f7ad8,buddy-shaw,Buddy Shaw,queued,
21e8d514-bd2b-4d4d-b7c8-21cfc6dc8823,burdtt-w-stine,Burdtt W. Stine,queued,
ae7948e6-23ac-4c16-8ec0-36bfc217e7c2,burnham-wardwell,Burnham Wardwell,queued,
73bf4a0b-4dc7-4d25-90bd-4c4b42ee4a13,burson-augustin,Burson Augustin,queued,
37d4bca5-0b6f-400c-8ace-3e6f6e83df6f,c-a-drew,C. A. Drew,queued,
eed80320-2012-4704-8cbd-3728df832f38,c-b-schoberg,C. B. Schoberg,queued,
79359f8d-be7f-40cd-bde2-d4ff3222b3d8,c-c-hubert,C. C. Hubert,queued,
4ddcb364-1eba-4b92-808e-2eb498a64614,c-c-nesbitt,C. C. Nesbitt,queued,
98914a4a-6db8-4533-ac8b-81b8664736ae,c-c-stemler,C. C. Stemler,queued,
827d8308-6f53-4ab1-a90f-121c8971c31c,c-e-bates,C. E. Bates,queued,
fc9faf2c-9372-4969-bbfa-62a4c2492c31,c-e-berquist,C. E. Berquist,queued,
18572dd6-76a9-4878-8a16-e4e0ffd38e05,c-e-menke,C. E. Menke,queued,
ec6033af-5618-4405-9741-99540b5d71e7,c-e-michaels,C. E. Michaels,queued,
b1f24822-1492-4f18-a310-dedbb6a04d2b,c-f-bendey,C. F. Bendey,queued,
7a25fbfb-2d4f-45d9-9df1-36e4fc906397,c-f-mcgrath,C. F. McGrath,queued,
3a9e822f-894f-495b-8143-0352354ea5dc,c-f-payne,C. F. Payne,queued,
3a457c66-1362-493f-b09a-56dfbd87dd74,c-h-kamann,C. H. Kamann,queued,
3d5f6b48-17db-4b6e-bdef-e49db24ac4d3,c-h-kammann,C. H. Kammann,queued,
247d4524-7869-49a4-a43c-5ffa6ef6342b,c-h-rice,C. H. Rice,queued,
cc89a8c3-8643-4e12-bd3a-8ff00e5d67f1,c-j-smith,C. J. Smith,queued,
d10da2aa-3f19-41c3-8176-72f1a1de3b50,c-j-sullivan,C. J. Sullivan,queued,
a1852c7c-0765-4b4a-b8ac-5d7f15f463cf,c-j-terrill,C. J. Terrill,queued,
4cb77f5d-390e-4272-a928-812888884316,c-j-woodworth,C. J. Woodworth,queued,
3c88b26f-0ba4-47ab-aeb1-7b3d4a94dc11,c-jacobsen,C. Jacobsen,queued,
b1468e28-0dac-4fb9-b1b5-14dcb57d9ae8,c-l-filigno,C. L. Filigno,queued,
bb63bde5-8a41-4c60-9e7c-dd439a38b89e,c-l-smith,C. L. Smith,queued,
0297e2f2-78aa-40ac-9cb6-7a433aaa390e,c-m-nelson,C. M. Nelson,queued,
de58883f-e3a2-48d3-ab43-6fd7b14be453,c-m-o-eines,C. M. O. Eines,queued,
4cd8e607-ff50-4ff4-99cb-581702785909,c-o-chamblee,C. O. Chamblee,queued,
6ac3647c-3d03-41be-a71e-5102fbca128c,c-o-young,C. O. Young,queued,
45db6dc8-cce7-4881-9a76-34420677fa56,c-r-griffin,C. R. Griffin,queued,
a8bf023d-172e-4861-8dec-13255c94508b,c-spinner,C. Spinner,queued,
c956a207-e888-4c85-b3ea-aae6775d84c1,c-w-davis,C. W. Davis,queued,
71959f72-2d8a-4b1d-b207-68e39861fe1f,c-w-reno,C. W. Reno,queued,
6b6c03ee-56e0-45da-8f01-f98f3c93e967,cf-lillig,C.F. Lillig,queued,
659d56e4-c3af-490f-85b1-f8570606d8c7,cj-herschberger,C.J. Herschberger,queued,
9709099e-7db2-4c25-a00f-a179f5cc9a53,caquintez-gibson,Ca'Quintez Gibson,queued,
24fcaa05-2147-49ef-a7eb-e0b83e25660e,cacimar-zenon,Cacimar Zenón,queued,
08f98446-ea68-490e-8894-efe3f95d057a,caesar-tabib,Caesar Tabib,queued,
5f3553f0-6cbd-4bd9-adfd-41de23e7494b,cailin-elizabeth-major,Cailin Elizabeth Major,queued,
9164592e-cff3-488a-ac6e-b2f7512eede5,cal-ray-biggins,Cal Ray Biggins,queued,
c7402683-ecc8-40ff-84f4-d591f6994c74,cal-robertson,Cal Robertson,research_pending,Initial encyclopedia image-index search completed; no verified portrait selected. Broader research remains.
2806c85d-2a2d-4b32-941a-5bbef99dd528,caleb-a-brown,Caleb A. Brown,queued,
e8430a43-9536-4637-845a-8a5bfd5a85cf,caleb-foote,Caleb Foote,queued,
f4a2cf83-81c0-49e9-b337-712ce39a6808,caleb-mountz,Caleb Mountz,queued,
237c342f-cddd-4bf8-803e-fe4bfef4150b,calixto-guerra,Calixto Guerra,queued,
3457a195-7f3f-4b3c-9142-186515a9c608,calvin-madison,Calvin Madison,queued,
7555f7f6-2427-450e-aa45-a7ed2e9c10ea,calvin-zastrow,Calvin Zastrow,queued,
0ab727b2-2c51-4d8a-9a57-73a4767a1369,cameron-michael-kraus,Cameron Michael Kraus,queued,
a7839c5b-c559-4432-8cfc-6f7c7e819f6e,cameron-rose,Cameron Rose,queued,
5bb755f1-1ec5-46f3-b6ac-7ac312c8c2be,camilla-whitcomb,Camilla Whitcomb,queued,
e81f6b31-41fe-4258-a12a-36bfddd7da42,camille-derose,Camille DeRose,queued,
aeaedb07-8866-48a6-8b37-243000e60d9a,camillo-munoz,Camillo Muñoz,queued,
1a519ca3-9831-4305-add7-f78f507da647,camilo-mejia,Camilo Mejía,queued,
c583c35b-3158-4422-ab0f-6ef82849fe64,candalaria-montoya,Candalaria Montoya,queued,
1fa13fac-03fc-48b0-92ac-ff4859340f12,caravas-detroit-1930,"Caravas (Detroit, 1930)",queued,
06cf6e53-536a-478d-a24e-649247996017,carey-junkin,Carey Junkin,queued,
7d94a33f-9e59-4fa6-869d-239699dc4b7d,carey-martin,Carey Martin,queued,
59e86df4-237f-4679-9887-756a5250416a,carl-a-schmidt,Carl A. Schmidt,queued,
b7dea2c2-84f4-450a-9cfc-105dbef97d86,carl-a-wold,Carl A. Wold,queued,
b7281fc8-a03f-4ab3-a2d3-97f01bca8d57,carl-bass,Carl Bass,queued,
288f5bb0-ee9b-403b-b890-885e4fa4064a,carl-braden,Carl Braden,research_pending,Initial encyclopedia image-index search completed; no verified portrait selected. Broader research remains.
6acd8f48-2c83-4f90-b02b-d7b9806e2673,carl-christofferson,Carl Christofferson,queued,
4ecb2844-9948-44c6-abeb-38ab0eece769,carl-davis,Carl Davis,queued,
bb5cb6af-83f4-45c4-8b08-950160b545ac,carl-de-sehell,Carl De Sehell,queued,
17b6d87a-d40f-4329-b55d-cd2503819de7,carl-e-bowman,Carl E. Bowman,queued,
c6ec0916-5303-4e59-8f1d-0b5c7e090c8d,carl-glesser,Carl Glesser,queued,
b4ea69ff-4c99-465e-8080-6b6622f14a21,carl-h-johnson,Carl H. Johnson,queued,
24e298ab-00ef-467c-860c-f5e9ac442249,carl-henry-ritter,Carl Henry Ritter,queued,
4b7ab9bf-e554-4282-865b-91fb79220e8d,carl-hummel,Carl Hummel,queued,
a771db7c-d6aa-482d-8f0c-191346e4b424,carl-j-e-wacher,Carl J. E. Wacher,queued,
4aaed4ec-074f-44b9-940b-f0963ed083d0,carl-j-maier,Carl J. Maier,queued,
89b51f56-8ecf-4c54-86d8-222488d65349,carl-jacobs,Carl Jacobs,queued,
304557e6-fab4-441b-b4de-41c84b47413d,carl-johnson,Carl Johnson,queued,
69c7d5c3-3be5-4aac-9f3a-d13b6d1e565a,carl-lambert,Carl Lambert,queued,
b2a89c84-86d7-4ea6-a35b-38f92d6103a9,carl-larson,Carl Larson,queued,
e0e64d79-37fe-4646-a51e-7f6be577f0d7,carl-larson-2,Carl Larson,queued,
a830a541-03dd-4539-a933-5cb95509820c,carl-lester,Carl Lester,queued,
f460568b-d0b9-4a26-97a4-7d2d957a63b8,carl-martin,Carl Martin,queued,
8c4ef83d-813e-40f1-8f74-bbd23aec5517,carl-newman,Carl Newman,queued,
8099cf08-cd0d-4d44-bbb7-f8265c05d4ee,carl-ohm,Carl Ohm,queued,
0f3a2c63-4152-4b2e-9e68-01d267cb76f4,carl-patterson,Carl Patterson,queued,
96af5440-6f1a-474d-a29c-5a87c842357f,carl-ross,Carl Ross,queued,
2ce9fe15-8567-433c-a300-39429177fe8e,carl-schilter,Carl Schilter,queued,
e5241821-4815-4361-b2e4-8300bd2ea13c,carl-schnell,Carl Schnell,queued,
02a0a6cc-0af2-4c49-a6b3-1c7e34630dc2,carl-swenson,Carl Swenson,queued,
9fafd316-c287-4f94-8e94-679fe7b873b9,carl-thierman,Carl Thierman,queued,
cf8664c2-ce49-4aa1-b091-27d619041c70,carl-vincent-henry,Carl Vincent Henry,queued,
1b586da5-7ceb-46e5-9ae8-3d31e1cfc38c,carl-voss,Carl Voss,queued,
a455d07d-cdeb-44db-897b-d9347a0d8bac,carl-wickland,Carl Wickland,queued,
68c5d22c-26bd-4757-95a7-e370d0655fa6,carl-william-newlander,Carl William Newlander,queued,
5a0fc6fd-498f-4474-921d-d6daedbeed32,carl-williams,Carl Williams,queued,
c86b1270-7c8c-4185-a5ed-fd5e04a35c2a,carleton-campbell,Carleton Campbell,queued,
75c4286e-0d74-4591-b12d-ae460f5e1b3c,carlos-a-frontera,Carlos A. Frontera,queued,
5aa6aeaa-8c25-4375-9a69-c87a301f91ba,carlos-a-navarro,Carlos A. Navarro,queued,
99d8d1d2-4f83-4efe-8de4-3d652f0e5706,carlos-adolfo-romero-panchano,Carlos Adolfo Romero-Panchano,queued,
11919866-e44a-47c6-8296-f632a4bb2164,carlos-al-santiago-rivera,Carlos Al Santiago Rivera,queued,
d03d2f15-a74a-4e54-bde3-123ddae66dd7,carlos-alberto-escobales,Carlos Alberto Escobales,queued,
940289f8-c8a5-4110-8711-6b957cac6cd4,carlos-ayes-suarez,Carlos Ayes Suárez,queued,
7d893403-72e3-49b7-833a-c454b4db99bf,carlos-bayon,Carlos Bayon,queued,
91e0bdad-fbf7-4ccb-ae60-c80b661f273b,carlos-coleman,Carlos Coleman,queued,
7f1ec8ed-d54e-48e1-9059-9bce4b46e0cc,carlos-colon,Carlos Colón,queued,
c8339c68-2e3d-4d85-bc45-5c3efa0b8963,carlos-cortez,Carlos Cortéz,research_pending,Initial encyclopedia image-index search completed; no verified portrait selected. Broader research remains.
3757ea08-78e1-48d1-ad4b-bca86345c965,carlos-david-aviles,Carlos David Aviles,queued,
a69f55e3-9356-450b-b57c-4f581b148bd8,carlos-e-marrero,Carlos E. Marrero,queued,
d8603615-054e-45d2-bf20-f85fbb96fe69,carlos-feliciano,Carlos Feliciano,queued,
eb9e248d-cc51-4048-8530-4bffcfeb8f1f,carlos-gamarra-murillo,Carlos Gamarra-Murillo,queued,
3826a805-cb4f-4374-8d42-333f562ad929,carlos-hudson,Carlos Hudson,queued,
e84301dd-a74a-459f-94ac-b48b4171e822,carlos-humbert,Carlos Humbert,queued,
cde0fda4-8908-4854-8fd3-0461b2a9b93c,carlos-m-de-la-mar,Carlos M. De La Mar,queued,
7ba799be-de8c-4c11-b3c3-9d2d1a51dc70,carlos-naranjo,Carlos Naranjo,queued,
cda185a5-5e98-458d-825e-b79b52c56249,carlos-noya,Carlos Noya,queued,
3b2c0742-a5e5-444e-9806-fe6798aee6bc,carlos-noya-muratti,Carlos Noya-Muratti,queued,
d7be8a46-e05a-42a0-ac92-a68bafea868f,carlos-perez-africa,Carlos Perez Africa,queued,
9ca1d23a-6e87-485a-8a2e-e082bbd301f8,carlos-rosario-pantojas,Carlos Rosario Pantojas,queued,
c07ea56d-ead8-4fdf-bccd-c040d24ee95f,carlos-snodgrass,Carlos Snodgrass,queued,
75380b2a-7e95-4eca-a991-6eaeaf7505c0,carlos-soule-echeverria,Carlos Soule Echeverria,queued,
2ebe712e-d122-4639-8680-27c63f0e3e28,carlos-zenon,Carlos Zenón,queued,
604e2736-788b-4c64-a418-edbfccd7a4b5,carmen-gonzalez-arias,Carmen Gonzalez Arias,queued,
1363f67b-f5fa-4f3d-97fe-b9d645c58959,carmen-maria-ponton-caro,Carmen Maria Ponton Caro,queued,
e402ac33-5743-4190-bbe9-21271cda13c5,carmen-valentin-perez,Carmen Valentín Pérez,queued,
3c1aa249-95ca-4720-a1de-3d8b8a779d82,carna-yipe,Carna Yipe,queued,
2b5bf37b-8f74-4d62-acc9-748d40b8fd95,carol-carson,Carol Carson,queued,
1ee76d88-4f4f-4b7e-95e4-9280dd2374ce,carol-crooks,Carol Crooks,queued,
1d9708d8-3f18-4da9-b682-4463d3f59086,carol-gilbert,Carol Gilbert,queued,
635641f7-77bf-47b3-b1e3-4344f33c6249,carol-hill,Carol Hill,queued,
9590693c-6216-4461-841f-3622922dd0d9,carol-ruth-silver,Carol Ruth Silver,queued,
0760156f-80b9-451a-a6ed-e658e98d5a09,carol-silver,Carol Silver,queued,
1bf99264-aa65-47f0-afe5-805b11db79d6,carole-graves,Carole Graves,queued,
b7c38a49-c83b-4212-acc1-02a72c6577ad,caroline-drew,Caroline Drew,queued,
637e1f5c-3503-4fee-9153-208d5129a900,caroline-f-urie,Caroline F. Urie,queued,
f154a001-2f8a-4ea4-a1e7-504da3b96eea,caroline-vasquez,Caroline Vasquez,queued,
02d5591f-d982-40b6-bcfd-ca9b84de946e,carolyn-long,Carolyn Long,queued,
205658f9-28de-434b-a459-c52f7f0dcda5,carolyn-yvonne-reed,Carolyn Yvonne Reed,queued,
f7a6363b-791c-411b-85a0-885915324a54,carrie-feldman,Carrie Feldman,queued,
fd957e0c-bc0b-45ee-beb7-91ccb7c74fe4,carrie-patterson,Carrie Patterson,queued,
97471e0f-23f0-40ea-b043-1b84b6984971,case-johnson,Case Johnson,queued,
d47c6b35-4dc7-4fe4-ae55-30091dee202d,casey-brezik,Casey Brezik,queued,
83cffb4f-698f-4e88-a47b-2c878237ba9d,casimiro-absolar,Casimiro Absolar,queued,
6192aca3-3c8b-4e8e-b46c-eaf7fe03dff6,casimiro-berenguer,Casimiro Berenguer,queued,
5b8f5b59-fa43-4178-aa43-db0c0bb3dbae,casimiro-h-regalado,Casimiro H. Regalado,queued,
fe010916-10ac-4583-89d8-0b913a6dcea1,casper-oberstadt,Casper Oberstadt,queued,
96be77c1-30e5-49fa-9dc9-574170d10577,catherine-bournes,Catherine Bournes,queued,
172e7e71-b4ac-4818-aa30-3f8e862710e9,catherine-hartog-bloom,Catherine Hartog Bloom,queued,
68683a0f-d86b-4f81-bf8d-eb9cae9cd08e,catherine-m-flanagan,Catherine M. Flanagan,prepared_batch258,Verified photo prepared; deployment not yet confirmed.
423c8158-3e95-44da-95df-9e6a8a176429,catherine-melville,Catherine Melville,queued,
5a2418e4-00ef-4631-87d2-c21a9e20ce51,catherine-morris,Catherine Morris,queued,
993aaf43-19a1-418a-af3f-9a037abb9505,cecil-e-rust,Cecil E. Rust,queued,
328f32da-cbab-481e-9072-dec2bc1893df,cecil-shadrick,Cecil Shadrick,queued,
f6b84799-b695-4d3b-8ac9-fd62910fb6c3,cecilia-ferguson,Cecilia Ferguson,queued,
67f17e13-c432-4bc8-a6d8-9922d383bbde,cecilio-ferguson,Cecilio Ferguson,queued,
a9b9336d-c2f8-43ed-acb2-76259e0a3d1e,cellicia-latoya-hunt,Cellicia Latoya Hunt,queued,
143bd05a-47db-4adf-802d-86651317ab9d,cesar-aguirre,Cesar Aguirre,queued,
3791c471-67fa-42fd-90f3-a85c4b537ad0,chaim-lurie,Chaim Lurie,queued,
ca240605-ed0d-476e-9e3b-4a174f59db20,chantilly-geigle,Chantilly Geigle,queued,
96d1cf6b-9f12-4ae8-a03a-ba27cdfd9c68,charles-2x-beasley,Charles 2X Beasley,queued,
bffbea55-231b-486e-8367-abc987db21aa,charles-a-stuart,Charles A. Stuart,queued,
db33dd29-b9ad-4470-b9f2-27d80a57f5b9,charles-a-tuller,Charles A. Tuller,queued,
2da2d393-7edc-4f56-84ae-0fbfac25a2f8,charles-anderson,Charles Anderson,queued,
027e5555-2070-4486-b07e-4b3309272a8a,charles-andrews,Charles Andrews,queued,
e3d7b3a4-a8d7-4710-a49a-ce587eeb1421,charles-auslander,Charles Auslander,queued,
6578f5ed-24ba-4bee-8cd6-ea1fc5918845,charles-baker,Charles Baker,queued,
e0070845-ddd0-4613-8849-b4afb4a3ea99,charles-beasley,Charles Beasley,queued,
2043c8d7-1c62-49df-850b-21b528783724,charles-bennett,Charles Bennett,queued,
75040921-b806-4dbe-8538-c421767cf797,charles-bernal,Charles Bernal,queued,
1c8730c5-4bdc-46ec-a753-c7bfc29fc434,charles-bernat,Charles Bernat,queued,
c0c669b1-85a4-4ad4-a6d3-878b56bc4ac3,charles-black,Charles Black,queued,
156d021b-ed90-4557-b677-30a03d17914f,charles-bock,Charles Bock,queued,
96d510db-9827-47f2-94ce-bda70be5b1b7,charles-booker-hirsch,Charles Booker-Hirsch,queued,
69911b93-fdfa-4972-8349-c18befdc5ba1,charles-brunson,Charles Brunson,queued,
0664bfa8-3567-40aa-93b8-2d2a2023f649,charles-bursey,Charles Bursey,queued,
9c6c75e7-193e-4964-9882-83b66c7d6606,charles-butler,Charles Butler,queued,
834f8da9-5abb-4822-947c-dd275fba2b99,charles-carlson,Charles Carlson,queued,
8afdb8a0-dcbc-4a7c-bdae-3b963784b403,charles-carlton-rodolph,Charles Carlton Rodolph,queued,
31aa7f42-41af-4a33-a4a8-2fb16c1ef123,charles-cialia,Charles Cialia,queued,
b2d09dcd-d46e-4e54-ace6-304aaad199b5,charles-clifford,Charles Clifford,queued,
eb8cd6a6-1a42-4236-bc71-7d640f732c35,charles-cline,Charles Cline,queued,
efbeb46e-8b0f-4165-90d6-03390ca93b40,charles-clodi,Charles Clodi,queued,
b8995e35-87d8-4d2e-99ef-314acd5f898a,charles-coder,Charles Coder,queued,
13a812a1-7165-4bc3-9d50-70b3032bfd4d,charles-collins,Charles Collins,queued,
018cc256-e59c-41f5-a071-c4b8b5b3aeae,charles-crowley,Charles Crowley,queued,
a3deb0af-829d-40ad-9dc0-e5c831d861fb,charles-crozier,Charles Crozier,queued,
f8721d15-82e8-41fb-b161-f0cd438f096e,charles-d-hinks,Charles D. Hinks,queued,
5b9737bd-b998-4478-8123-bea84ec03a9f,charles-damien-darden,Charles Damien Darden,queued,
56b8c96a-8871-44a5-91e7-338f00bde235,charles-doyle,Charles Doyle,queued,
0edf8e7e-7005-4ba8-a2e7-9ebd91d47f00,charles-e-mcpherson,Charles E. McPherson,queued,
d7827074-f355-4d74-9019-d88e76e371ea,charles-e-mohr,Charles E. Mohr,queued,
31f1d1d9-7846-4ad3-8f42-a09d7c48c365,charles-e-olson,Charles E. Olson,queued,
8a410ac5-df73-499b-8055-812bf004763b,charles-e-wheeler,Charles E. Wheeler,queued,
9ab508c2-1f2b-4038-83e1-a967465d510d,charles-eddy,Charles Eddy,queued,
1a5dd3c0-cb87-4a58-ae05-660d2a32a6cb,charles-ellis,Charles Ellis,queued,
7334fa36-884f-4e2b-9353-d57cd8d9eba6,charles-f-fadeley,Charles F. Fadeley,queued,
a00d640f-d766-41d8-bb35-3ca961445b1f,charles-f-schilling,Charles F. Schilling,queued,
baeee14f-7030-4be8-9e30-94da96a687f7,charles-f-zademack,Charles F. Zademack,queued,
03f094bc-6356-4926-b88a-ca3ef57dbc94,charles-fritz,Charles Fritz,queued,
ec1c4191-14e9-4230-8caa-af2875811bfd,charles-fujimoto,Charles Fujimoto,queued,
44936eb3-d5e6-4b9b-aeeb-2339b27d5396,charles-fullenkamp,Charles Fullenkamp,queued,
ce7b5f9f-0643-4e6d-aaf1-e4988d06fdbb,charles-g-schulze,Charles G. Schulze,queued,
aad3a634-0246-4bf9-afe1-cdb239cbfa48,charles-gomillion,Charles Gomillion,queued,
881df4cd-df3f-43a3-a1d8-a2d7f24de63f,charles-guynn,Charles Guynn,queued,
67bb82f4-38c5-4b06-b83f-63efcba15d0f,charles-h-drummond,Charles H. Drummond,queued,
a3630fee-d7f0-4fc1-8bdd-54a7ac2d47fa,charles-h-highley,Charles H. Highley,queued,
1104528e-eaca-4a1a-8379-cc221571b424,charles-h-mackinnon,Charles H. MacKinnon,queued,
4a13077e-e64e-4a11-a06b-ac053cb587a5,charles-h-pitts,Charles H. Pitts,queued,
99c7194d-4221-424b-ae8f-074d4f0576d3,charles-h-walker,Charles H. Walker,queued,
9489ec12-ec28-4e79-adea-f3742b3c8b0a,charles-h-waters,Charles H. Waters,queued,
2511f4e3-cb7e-4ebb-9e30-c4c63127f555,charles-hoke,Charles Hoke,queued,
27c99c9e-1593-480d-b7d3-37bb351e7c76,charles-holt,Charles Holt,queued,
1dc70ade-b4bb-4937-a613-c791d39014ac,charles-hopkins,Charles Hopkins,queued,
f84533dd-0bd4-4089-bf9c-e84242ec0ad3,charles-howard,Charles Howard,queued,
6a669ab0-aa8e-4424-b6e2-8757fce29dd0,charles-jacobs,Charles Jacobs,queued,
f26c23e9-2749-4dce-8724-1ba540e225d2,charles-james-faulkner,Charles James Faulkner,research_pending,"Rejected lead: 1899 congressional portrait depicts the younger senator, not the former minister to France in this profile."
ed9ebea0-f15b-4c48-9744-9ff7329a586e,charles-jennings,Charles Jennings,queued,
d48129fb-43c8-4527-9c1c-1dc6bd3b7a50,charles-jervis,Charles Jervis,queued,
1159e817-49b1-4dd7-b1bf-3e40b7b756cd,charles-joseph-jones,Charles Joseph Jones,queued,
c5a02f66-79a2-463e-8cc2-d290d97f6dc9,charles-kelley,Charles Kelley,queued,
248b4327-3167-4ea3-84fa-b57f7643ad3f,charles-king,Charles King,queued,
62bfc7b9-6dc3-4056-a014-363e40032600,charles-koen,Charles Koen,queued,
55c53427-4e94-454a-9f0e-245e9a127a85,charles-koenig,Charles Koenig,queued,
41c8755d-b6f3-4eaa-a206-b38f6b870cae,charles-krieger,Charles Krieger,queued,
9b6bc006-1088-43b5-87dc-7df4fc11b7b0,charles-krumbein,Charles Krumbein,queued,
1e00db42-e656-4d1a-aab0-1b9719c16930,charles-l-lambert,Charles L. Lambert,queued,
7022461d-f0af-4417-8710-cd382298c66d,charles-langston,Charles Langston,research_pending,Initial encyclopedia image-index search completed; no verified portrait selected. Broader research remains.
3567ff32-3212-414d-84bb-3a556cb22654,charles-lyons,Charles Lyons,queued,
9f33d18f-8ff0-4495-a8b1-a1aacc8fde68,charles-m-walker,Charles M. Walker,queued,
c2e33897-a568-48bc-9922-3486ab28d1b6,charles-marks,Charles Marks,queued,
0b15a961-4f45-48a3-b866-e639f9892dcb,charles-mccray,Charles McCray,research_pending,Initial encyclopedia image-index search completed; no verified portrait selected. Broader research remains.
014491d9-b3d7-4960-a747-b7e8b202b461,charles-mcwhirt,Charles McWhirt,queued,
4cfd7120-344f-41a2-bf02-5c8531d38d16,charles-moore,Charles Moore,queued,
c8e5cde0-b558-4573-99e5-a069cc10e2ba,charles-muse,Charles Muse,queued,
0c0e9e94-8f1d-4f47-833c-bc574967ca32,charles-nusser,Charles Nusser,queued,
6aa8584b-e98f-42d7-8a55-95e15b8dde8a,charles-ohlsen,Charles Ohlsen,queued,
09523414-82c3-483b-a235-d8b4a9517e72,charles-p-larsen,Charles P. Larsen,queued,
b23b69aa-418e-4bee-91ec-e58e89778628,charles-parker,Charles Parker,queued,
12263d1b-9ad1-49c0-beb9-ddf417fc85f9,charles-pernasilice,Charles Pernasilice,queued,
c4cee8b6-e7ac-4f49-b725-cc4ca96d90b1,charles-plann,Charles Plann,queued,
50cc23b6-62cf-4c79-aa45-85beabbd7bda,charles-plunkett,Charles Plunkett,queued,
bf8e7e97-6d7e-44e2-9ac4-f33b94478b46,charles-rose,Charles Rose,queued,
0e2835eb-3cb8-44d6-8b48-49eb4fcb685f,charles-ross,Charles Ross,queued,
735cdbc5-9007-42fb-a00a-89a4c94d4aea,charles-rothfiser,Charles Rothfiser,queued,
6da928c1-95c0-4a85-87b9-3faf510197a9,charles-rowoldt,Charles Rowoldt,queued,
64047039-3288-4327-8ee0-1f2b07cf6881,charles-rudolph-scott,Charles Rudolph Scott,queued,
c519ecb0-d0e2-4b79-b0ae-0cceab17276f,charles-s-morehead,Charles S. Morehead,queued,
35dc342f-8337-47ae-9a29-8a83bb6f9140,charles-s-roberts,Charles S. Roberts,queued,
0a945699-75af-4c8f-9fff-13448ef51f19,charles-sabrbacher,Charles Sabrbacher,queued,
94c84fcc-4ad8-4385-abd9-16236c000021,charles-sahrbacher,Charles Sahrbacher,queued,
55594bf6-21ec-4b14-a168-dcb109e38ed9,charles-sauer,Charles Sauer,queued,
d72355e3-4f4d-4fe7-a2ee-d93f7667b2d9,charles-scott,Charles Scott,queued,
ecf837ea-5bc7-44b2-9d42-51ceae05476d,charles-sharp,Charles Sharp,queued,
379f86cc-6505-41c1-b34c-207aaffb54f8,charles-skowronski,Charles Skowronski,queued,
596041da-8199-4264-bd42-e1120d148821,charles-smolikoff,Charles Smolikoff,queued,
13f7eb87-82e5-4b4f-be92-2b3c57b4af42,charles-sotis,Charles Sotis,queued,
a701d0dd-1f4b-482d-be39-03d70e5c6be8,charles-spangberg,Charles Spangberg,queued,
dbcfb1a0-5837-470d-a0d4-1d8e7967f876,charles-spillner,Charles Spillner,queued,
99a1e32c-ebb6-4f68-aaf9-e77f950fd397,charles-stadtfeld,Charles Stadtfeld,queued,
2f9943c4-62af-48e0-9460-12e272c2e2b3,charles-starocarski,Charles Starocarski,queued,
c88930bf-01df-46e8-ab9a-476a42c9f888,charles-stearns,Charles Stearns,queued,
5ad017f6-f5a4-4514-9159-71b37baaa2d3,charles-t-clay,Charles T. Clay,queued,
a417355c-6694-4590-b06b-918eb20e4eb4,charles-t-mccumber,Charles T. McCumber,queued,
628f85e1-7815-4e96-98a3-060260352daa,charles-t-schenck,Charles T. Schenck,queued,
c17cb866-3936-4b83-b682-522e96d0a6cb,charles-talley,Charles Talley,queued,
5c51de75-658b-4143-9eff-3e5adf74becb,charles-thomas-smit,Charles Thomas Smit,queued,
2d8b2bb1-a573-4a44-91dd-683f2a0e0fad,charles-tuteur,Charles Tuteur,queued,
789e893c-809b-4416-8565-c085a35a9447,charles-w-baltimore,Charles W. Baltimore,queued,
f3c21f28-fdc4-4a06-9b1c-de35d98c6797,charles-w-bolly,Charles W. Bolly,queued,
6f5ea684-1c6d-49db-94f2-fc878caa4879,charles-wakefield,Charles Wakefield,queued,
0151a8c7-7833-43cc-819f-31986458a677,charles-wilson,Charles Wilson,queued,
54c4c27b-dac1-435c-ab0b-70a7581d227f,charles-wright,Charles Wright,queued,
650fee66-6cb8-4e4d-a23f-0ff6606dbfc8,charles-wyche,Charles Wyche,queued,
cb2df017-2a11-4cad-800e-8dfc30cb5557,charley-hubbard,Charley Hubbard,queued,
c5f0be3d-6fd4-42aa-be89-3ec2e9a876ec,charley-jones,Charley Jones,queued,
52a12eaa-ecf0-4c47-a26a-cb984b1e4cc0,charley-p-graber,Charley P. Graber,queued,
6160a529-e3a4-41d1-a962-384758464945,charley-parrett,Charley Parrett,queued,
bfbc6ed2-4246-4717-9004-34126bb9ff3d,charley-tennenbaum,Charley Tennenbaum,queued,
29354d70-0e4b-434f-804f-76ea05bf6d4c,charlie-brown,Charlie Brown,queued,
f05279aa-2799-4fb8-8397-f686fe58d5d9,charlie-davis,Charlie Davis,queued,
b78a094e-ced1-40d2-84b5-824ae0727f7f,charlie-henry-newkirk,Charlie Henry Newkirk,queued,
b385a807-3523-4503-8615-870869e2f499,charlie-mammen,Charlie Mammen,queued,
bb93a420-9d66-454e-9810-674e38a3589c,charlie-rowoldt,Charlie Rowoldt,queued,
d9dd47a4-a76e-480f-8afb-da9618e968ab,charlie-slom,Charlie Slom,queued,
2e7c1ce1-ce53-4741-aaa7-2ce2bd95c446,charlie-weems,Charlie Weems,queued,
a0716084-f579-4625-9696-be1033d70970,charlotte-oneal,Charlotte O'Neal,research_pending,Initial encyclopedia image-index search completed; no verified portrait selected. Broader research remains.
61a52ed4-f661-4a28-8c3b-371466061ca2,chas-shadrick,Chas. Shadrick,queued,
8d5b1370-0766-4c4f-a130-88e2711d17ee,chase-a-davis,Chase A. Davis,queued,
b9132544-870d-4279-a704-c846cde56edc,chase-powers,Chase Powers,queued,
c594f6c5-3f55-416a-b7d2-0457f8342edd,chelsie-leann-eggers,Chelsie Leann Eggers,queued,
92b315ee-3e04-4a53-b998-47407d417d46,cheryl-sommers,Cheryl Sommers,queued,
6bed2eb2-2a16-413a-a944-060feda596ec,cheryl-todd,Cheryl Todd,queued,
f14bf8a3-b0c4-4db2-9a98-434c66a72a5e,chester-gallagher,Chester Gallagher,queued,
e915f523-eca6-4ab7-94a8-37dc32b11a10,chester-jackson,Chester Jackson,queued,
6d101763-6393-4e6c-8e96-266db090fd24,chester-poore,Chester Poore,queued,
07fd59cb-7a58-4a5c-8a39-244f75c6bbf1,chief-leschi,Chief Leschi,queued,
93100914-86b1-45d1-b13d-4911752d7cd3,chin-hong-ming,Chin Hong Ming,queued,
0e2bff55-711e-4408-b604-7617411d2fb2,chin-you-gon,Chin You Gon,queued,
ec8226d9-18d2-4498-beb3-984a2c5868dc,chioke-auden-fugate,Chioke Auden Fugate,queued,
c9eaf422-3d0b-459a-a0bc-93a7450b53e4,chisom-kingston,Chisom Kingston,queued,
963c5a39-0714-463c-b6c5-c5cdba70e331,chitto-harjo,Chitto Harjo,queued,
c4b26d10-592c-48c6-8db7-40877ba59dfc,choon-cha-kwak,Choon Cha Kwak,queued,
717db783-2c47-49cf-a6a9-e8e13a836607,chris-ammer,Chris Ammer,queued,
b343b415-3094-4ae9-a6b9-3bd5184f033c,chris-grande,Chris Grande,queued,
d87ae27a-76f1-4bfd-bb42-5cc62509ffae,chris-hershberger,Chris Hershberger,queued,
d2e465db-7dfd-4a5f-8dc8-144c7c49550b,chris-laury,Chris Laury,queued,
fc3def9d-5677-41a2-8470-9f0f4bb138ab,chris-luber,Chris Luber,queued,
2c3ee168-8029-498f-874a-daa9c0e79058,chris-mensalvas,Chris Mensalvas,research_pending,Initial encyclopedia image-index search completed; no verified portrait selected. Broader research remains.
80bc59eb-d674-4c80-b4f9-6b133e61a0e6,christ-popoff,Christ Popoff,queued,
dfb89160-7a95-47a3-8035-a2b6224cd78a,christian-damian-cerna-camacho,Christian Damian Cerna-Camacho,queued,
afcd9299-312b-480f-876b-3e73d47b8f64,christian-f-lillig,Christian F. Lillig,queued,
f9cd36c6-5b03-4831-815e-7dbd57a6579d,christian-frank-lellig,Christian Frank Lellig,queued,
2c80127d-b33c-4b52-9632-4e018eb1864a,christian-martinez,Christian Martinez,queued,
292576f2-ed9e-4d9b-bde2-a847b0e7f563,christian-minaya,Christian Minaya,queued,
a86ae6e6-dabd-4009-9271-55968ffc2416,christian-schunck,Christian Schunck,queued,
0e33b365-ae67-4ece-970c-62c03d9e8ec2,christian-seeger,Christian Seeger,queued,
3c57a585-ab6f-4161-b7f7-2366b865f1cd,christian-yearous,Christian Yearous,queued,
6d84cbb2-057f-44fd-b4e5-93f79a78d76e,christin-schmidt,Christin Schmidt,queued,
8d814ccc-6eb6-43d2-a0d5-f23bf4978edb,christine-gaunt,Christine Gaunt,queued,
4e50e29e-8ba8-4e68-aa46-81f67bc3515a,christine-mulready,Christine Mulready,queued,
f27dac82-0bac-4b4c-a66f-23f77d55861d,christine-rico,Christine Rico,queued,
25a00ddc-0c6c-4b6d-9d67-6c0cd45d5dba,christopher-blake,Christopher Blake,queued,
3ebff38a-f5a6-42fc-aba0-93bbacf66ef3,christopher-clarich,Christopher Clarich,queued,
9ae2ebb4-b3a6-42c4-9ac8-7c0034691841,christopher-columbus-blakey,Christopher Columbus Blakey,queued,
6eb0941e-7c43-47e2-a04a-3f51ebfe6ebc,christopher-french,Christopher French,queued,
0f88e3c4-818c-40ba-ab21-525d880b68d6,christopher-haun,Christopher Haun,queued,
2cfdb90f-6ac6-4714-83b8-e271537c7ef2,christopher-hetaguroff,Christopher Hetaguroff,queued,
8a76c4bf-e0a0-4cef-aff6-faac17ce126a,christopher-k-zelle,Christopher K. Zelle,queued,
78db8405-ef2e-4e46-ad19-5f4eb4b13807,christopher-kent-podlesnik,Christopher Kent Podlesnik,research_pending,Initial encyclopedia image-index search completed; no verified portrait selected. Broader research remains.
c435fb07-6fb6-4d9b-8647-34f97a5d2f9e,christopher-kyle-salmon,Christopher Kyle Salmon,queued,
4a4db2cb-1e94-4f60-88aa-df6e69c8ebc2,christopher-lay,Christopher Lay,queued,
76167bdb-95cd-4a06-a40e-d8239822aac9,christopher-mcintosh,Christopher McIntosh,queued,
d4ec1235-db6c-45cc-b5b0-4e22fc25e7a7,christopher-monfort,Christopher Monfort,queued,
d8cc2d16-4910-4bf7-bd72-6f88d82c0314,christopher-oliver-land,Christopher Oliver Land,queued,
6fa03c2d-eb42-483b-92d6-6bd3a8114098,christopher-reynolds,Christopher Reynolds,queued,
510c5606-8f3a-461f-9367-ab3856f6fcaf,christopher-spicer,Christopher Spicer,queued,
6bf7bb62-b96c-484d-9479-5986b90bcec5,chuck-armsbury,Chuck Armsbury,queued,
c79f4f2d-61a9-4cf7-adac-effd17c675a5,chuck-turchick,Chuck Turchick,queued,
443271fd-375d-4f02-8667-5c7c07445a33,chuma,Chuma,queued,
2fda18f4-c84d-4742-8277-c492615251ba,chumaimari-fela-askadi,Chumaimari Fela Askadi,queued,
38175af9-166a-4c4e-9769-3ef1a2ed8925,chungsoon-kwak,Chungsoon Kwak,queued,
0a530dcd-57c7-4ad9-9e34-8c598d9fba38,ciarin-hughes,Ciarin Hughes,queued,
ae115aff-efd2-43c6-98d9-f9df012839a2,cipriano-montoya,Cipriano Montoya,queued,
50b7b85f-1b14-435e-a3f4-450b5b9f3740,cisco-torres,Cisco Torres,queued,
40c14679-f422-44f0-bc65-6c90260ab688,clara-wold,Clara Wold,research_pending,Initial encyclopedia image-index search completed; no verified portrait selected. Broader research remains.
624921fa-b1ea-4348-9ae1-fa48e09e073d,clare-marie-hanrahan,Clare Marie Hanrahan,queued,
4318d865-a0d5-45bc-860b-247724a54dd5,clarence-copens,Clarence Copens,queued,
d9ba61fb-78b8-4240-b4c7-34845c02bd23,clarence-cyphert,Clarence Cyphert,queued,
8fa2e584-0b2c-471f-a179-6df73ab738d6,clarence-g-maurer,Clarence G. Maurer,queued,
d00ff85d-02d2-4859-baaf-94c960e96572,clarence-hamel,Clarence Hamel,queued,
9da34bfb-e058-4098-81be-3c543819aa5f,clarence-jones,Clarence Jones,queued,
24d0bbe1-789e-4989-9b50-90464f793278,clarence-peters,Clarence Peters,queued,
10d7b26c-c251-4d2d-962e-315f42877e8e,clarence-senior,Clarence Senior,queued,
63235163-1325-4105-8771-83b0db163365,clarence-w-pix,Clarence W. Pix,queued,
318cbf8c-981f-43ef-90da-7b5dbc4622de,clarence-w-waldron,Clarence W. Waldron,queued,
a7720216-0d29-490a-87b5-14e8ce51e91d,clarence-weaver,Clarence Weaver,queued,
e8ce4eee-728c-40f3-83ab-c8be53284e5f,clarina-michaelson,Clarina Michaelson,queued,
aa4246c9-c939-4dff-b6a4-6b7b0b18ee6b,clark-dickson,Clark Dickson,queued,
d4bcfe38-3311-42d1-aedb-9be59fafb7d3,clark-foreman,Clark Foreman,queued,
1e15669f-8eb7-48af-9f0a-8c6e30d9fb23,clark-h-getts,Clark H. Getts,queued,
78eea4af-07e8-4ec0-8d3f-508cb0264913,claude-c-culp,Claude C. Culp,queued,
9d9aaa4d-5d96-467b-9fe6-313d1111eb72,claude-c-williams,Claude C. Williams,queued,
492193f6-bc4a-4333-a75c-b27866016f5c,claude-frost,Claude Frost,queued,
440f1d20-821d-434d-a53b-d484549ef672,claude-merritt,Claude Merritt,queued,
0e8f6e13-2c2d-44f6-b3bd-700d067ead00,claude-o-grant,Claude O. Grant,queued,
cc58b787-d45f-4cbf-b337-beaafbba7726,claus-gunderson,Claus Gunderson,queued,
099c043e-8d54-4c37-a3e2-f527bea3f1e9,clay-east,Clay East,research_pending,Initial encyclopedia image-index search completed; no verified portrait selected. Broader research remains.
1f16bd95-c9d2-4143-9024-99e02180690c,clay-naff,Clay Naff,queued,
ac458a1b-4b3f-4f0d-85f9-f4ebcfbd9a20,clement-alexanderovitch,Clement Alexanderovitch,queued,
6716bc78-215d-4f95-b446-a683e15a134a,clennon-washington-king-jr,Clennon Washington King Jr.,research_pending,Initial encyclopedia image-index search completed; no verified portrait selected. Broader research remains.
c050a1c6-6b56-43a2-8a2c-270d00061909,cleveland-shaw,Cleveland Shaw,queued,
d37c4701-5b22-480e-be0a-5203eeeee2d0,cliff-cornell,Cliff Cornell,queued,
db9a14f4-614a-4b8e-bdad-9e144f7a10c9,cliff-frazier,Cliff Frazier,queued,
f420463c-d1e9-4e18-876e-ad01b08d850a,cliff-james,Cliff James,queued,
e27dea03-eb88-4acc-bef1-97f8c7ba942a,cliff-saylors,Cliff Saylors,queued,
510567df-891a-4cca-a9ea-015db5126118,cliff-ulen,Cliff Ulen,queued,
66ecf741-d00f-45e8-8fce-d731d4b80494,clifton-watrous,Clifton Watrous,queued,
e904abdf-873d-4fae-b083-0707537a0daf,clinton-colby-ellerman,Clinton Colby Ellerman,queued,
79439a3b-cbce-4075-9e81-27e8dc61a562,clinton-h-pierce,Clinton H. Pierce,queued,
5084dda8-c9a2-418d-b681-4fb86e0ef3cf,clinton-montgomery,Clinton Montgomery,queued,
6aacb275-9885-4ab6-96ac-bf04cf84797b,clinton-moss,Clinton Moss,queued,
67f95458-2317-4034-83db-f298cc84628d,clive-fudge,Clive Fudge,queued,
48ec6422-4b7d-42c0-ba55-c853f972b2c3,clure-isenhouer,Clure Isenhouer,queued,
34c20d8f-3c72-4ed5-8c3c-161fd0b5688f,clure-isenhover,Clure Isenhover,queued,
7497b912-59be-4ffa-99fa-82ea3c677bf0,clyde-allen,Clyde Allen,queued,
b63a6af0-7fed-4366-82c2-dec35185d228,clyde-hough,Clyde Hough,queued,
8e8b11d4-6bd1-4061-8357-e2caee7456dc,clyde-smith,Clyde Smith,queued,
80279f76-b647-4a2f-bac1-fdfc2e9f2e97,cody-beau-porter,Cody Beau Porter,queued,
9c31e533-1c3b-48c7-8b5b-ed0b93589eed,cody-ingram,Cody Ingram,queued,
159d357e-a48f-49f3-8e70-d40b577b2bd3,cody-michael-tarner,Cody Michael Tarner,queued,
c8072ff2-0243-47e6-bbc1-85e34eccc2a1,cody-nowlin,Cody Nowlin,queued,
22b24e10-dbce-4f41-bd02-e95bb6f5f73c,cody-sutherlin,Cody Sutherlin,queued,
961a7d06-912c-4c7c-9c33-bb024225acde,colette-pean,Colette Pean,queued,
e25487a3-e1bc-4b17-a6a4-2047117ca691,collis-english,Collis English,queued,
69e78df5-97b3-4b2b-9e05-fa2bb3e930de,colm-meehan,Colm Meehan,queued,
3364bd13-d0f9-4cae-a584-e70ad312cd2f,coltrane-chimurenga,Coltrane Chimurenga,queued,
050ecbbf-4130-4192-aad3-43b7080ce340,comas,Comas,queued,
41466d7c-e029-4933-85a8-e81ccd0fae6f,concepcion-estrada-correa,Concepcion Estrada Correa,queued,
33db6cda-3613-494c-b405-b436fa19a4d5,concha-cantu,Concha Cantu,queued,
da23abf8-97ea-4b69-8d89-6f01da5c448c,conn-detroit-1930,"Conn (Detroit, 1930)",queued,
3f8741c3-8da2-481e-b873-2f55e330c339,connie-grubbs-mcnamara,Connie Grubbs McNamara,queued,
67308759-6ea3-480f-ab10-ce5ac998ff65,connie-wilson,Connie Wilson,queued,
8976ebff-7376-496f-b0b8-90b9263c62a2,conor-claxton,Conor Claxton,queued,
239948cf-c89c-42a0-8d64-49f07a05e857,conrad-fahnestock,Conrad Fahnestock,queued,
ee12e095-2943-4ad8-94b3-7af0d17e8c3a,conrad-kornmann,Conrad Kornmann,queued,
1d4ed87b-f538-46b6-a8ca-1bb86611dfdc,conrad-kroschenski,Conrad Kroschenski,queued,
454a2058-35ac-4682-9834-f2db55f20443,constance-webb,Constance Webb,queued,
e4858452-1e43-45a2-b2e9-5c2b3f2d0db6,constancio-cargado,Constancio Cargado,queued,
5c0fe96e-40a0-4fea-ad2e-d9d80f35a68c,consuelo-burgos,Consuelo Burgos,queued,
ca1f0b55-ce3a-4c6b-9ab6-8010f879e576,consuelo-lee-de-corretjer,Consuelo Lee de Corretjer,research_pending,Initial encyclopedia image-index search completed; no verified portrait selected. Broader research remains.
83861142-36c3-4053-a3fc-67a00db07885,consuewella-dotson-africa,Consuewella Dotson Africa,queued,
fe110420-83e1-4bce-b5d4-997039cffb3b,cora-crawford,Cora Crawford,queued,
f45ffb10-26ff-4784-adb7-e953c3c3f133,cora-week,Cora Week,queued,
b50305c0-2ee1-4bb9-9fe9-d509995bc1c7,corbett-bishop,Corbett Bishop,queued,
d9375724-e689-471b-a871-5f5446a0e1a7,corbin-street,Corbin Street,queued,
286354ef-650c-42c3-9d49-e829ffcca797,corey-cardale-gee,Corey Cardale Gee,queued,
6877769f-6a7c-4edc-b403-b8367d9adf1d,corey-donahue,Corey Donahue,queued,
dfa20384-cb8b-4720-92eb-ba02af5f1f05,cornelius-c-allen,Cornelius C. Allen,queued,
cc6db63d-d8b2-4346-bd16-3f0f4c628d7f,cornelius-lehane,Cornelius Lehane,research_pending,Initial encyclopedia image-index search completed; no verified portrait selected. Broader research remains.
80e66f61-be05-4e4c-a7dc-bc2be8ccab6d,cornelius-smith,Cornelius Smith,queued,
3767f2de-bc46-4283-bd11-047cea381bc4,cornelius-voth,Cornelius Voth,queued,
948667e5-1031-44b7-af48-71700e9373dd,cornelius-w-vogt,Cornelius W. Vogt,queued,
60024029-e41c-4798-9105-969ce9135b53,cory-bartholomew,Cory Bartholomew,queued,
df77c621-0bee-42c8-8d80-cb408eddc105,craemen-gethers,Craemen Gethers,queued,
11ba6199-e658-4ddb-a3d7-b27de16d9bda,craig-michael-digangi,Craig Michael Digangi,queued,
b7339f4b-0c09-4b49-a8e0-9c755c0e2c26,craig-vincent,Craig Vincent,queued,
d3424c8e-9580-4d12-86dc-604f65949bd8,crawford-louis-jones,Crawford Louis Jones,queued,
5671a568-4e53-486c-82cc-1a7e3dbc9010,crescencio-lopez-aguilera,Crescencio López Aguilera,queued,
3ddabde1-6cce-49b0-a2ab-4265b7ba75c7,crescencio-villarreal,Crescencio Villarreal,queued,
be39508c-a10f-4d54-8a2d-ca1592e8ece9,cris-pedersen,Cris Pedersen,queued,
00d02645-a118-481e-9090-b6fde57bfab6,cristian-vintila,Cristian Vintila,queued,
f6cc9b5e-f69d-4551-b1e0-4e0f06a3c39c,cristino-perez-mendez,Cristino Perez Mendez,queued,
137f16a2-762f-43d4-b3c2-716f2b1e24df,cruz-cecilia-lopez,Cruz Cecilia López,queued,
3caaa83b-b25d-4c1c-b8f3-603aa5ea1fd2,cruz-perez,Cruz Pérez,queued,
c6d51bb0-cb55-45a1-8f10-5b89816ef616,csaba-john-csukas,Csaba John Csukas,queued,
bfec5c6a-f1c8-4db6-bc29-2256d2d166c8,curt-schneider,Curt Schneider,queued,
20825ce8-c7a8-4a75-a38a-51892198d6e7,curt-schrelder,Curt Schrelder,queued,
ce3c2425-e7c4-4111-a09d-1aff4b1b5999,curt-von-einen,Curt Von Einen,queued,
e55f1d6a-31f7-4813-8f00-c9a04ebe7bcf,curt-voneinem,Curt Voneinem,queued,
1f670dd5-828e-499e-8e77-29dd8ec891c6,curtis-coggins,Curtis Coggins,queued,
3d6ea28d-8fc6-4d84-950c-7431ed284eed,curtis-jones-jr,Curtis Jones Jr.,queued,
94b435a4-e33f-4080-aac8-b03371f590c4,curtis-jordan,Curtis Jordan,queued,
68064a66-8bdb-4ec1-82fa-ce86d873cbc9,curtis-powell,Curtis Powell,queued,
80f7b6f8-324a-43bc-a549-a43a2ee61d50,candido-de-jesus,Cándido De Jesús,queued,
ac0baa03-b563-42e1-84b2-e04c5a5fe909,cesar-eduardo-gutierrez,César Eduardo Gutiérrez,queued,
4815cf45-aa22-46c0-b1f7-98f91f973e6e,cesar-pacheco-rodriguez,César Pacheco Rodríguez,queued,
8326a90c-2e03-4331-acf2-fb67740d1e3d,d-c-russell,D. C. Russell,queued,
23681928-08da-45b4-aa59-31c2d3119aba,d-d-foley,D. D. Foley,queued,
c63fcc1c-2f37-4fd1-b1b9-97e3429a00c8,d-fradkin,D. Fradkin,queued,
3c6bd9da-a8e9-4602-a7a4-aca9eadd1daa,d-hadley,D. Hadley,queued,
68bac192-f318-4ffd-b0cb-041150f3c7ca,d-m-carr,D. M. Carr,queued,
7831efe5-5207-4ca1-af3f-83544c660d5d,d-paine,D. Paine,queued,
c38c7f3c-d5c1-4361-8dd0-c3664d5eefd9,d-windmueller,D. Windmueller,queued,
a2924509-a521-4e27-818f-ab180e9ae2a3,dade-singapuri,Dade Singapuri,queued,
2347ea2f-f6c6-4778-a4c3-9d2413f4a5b9,daithi-ocorrain,Daithí O'Corrain,queued,
90707b96-b425-41d0-a004-08bdf2fb9a93,dale-bartell,Dale Bartell,queued,
c2a5b593-55e2-4693-a1b9-2abbbc6dc327,dale-noyd,Dale Noyd,research_pending,Initial encyclopedia image-index search completed; no verified portrait selected. Broader research remains.
c8fd3494-f824-4fd7-be9f-22c4ad280518,dalimar-vega-rodriguez,Dalimar Vega Rodríguez,queued,
5a481513-8d13-4151-b3c3-13849bbf6066,damean-martin,Damean Martin,queued,
f8ec87f0-67ea-4f9e-a913-b9e5ded2dcd4,damian-smith-birge,Damian Smith-Birge,queued,
f92cb060-cba8-41f7-b7ce-9366311094df,dan-b-speed,Dan B. Speed,queued,
aaaeb640-90ae-4b6f-92ad-8a54cc742b11,dan-braucher,Dan Braucher,queued,
d9c73671-3d95-42ad-a27b-eb5fd002e246,dan-buckley,Dan Buckley,queued,
68e92865-ef9d-4bec-bcfb-a6abfd3d9761,dan-curtin,Dan Curtin,queued,
8345996e-d84c-4546-905e-dc55847c428b,dan-ethier,Dan Ethier,queued,
d498392e-2731-481f-bcfe-58ab12cc2032,dan-fallon,Dan Fallon,queued,
6b65dd8d-5571-4591-bed1-dc2b614765d0,dan-fortson,Dan Fortson,queued,
387982d5-2071-4d7c-ad79-cc4240c7faae,dan-hamilton,Dan Hamilton,queued,
e3cfc536-2ea2-43e1-b1a5-5df240dab527,dan-malina,Dan Malina,queued,
806ebb0b-3c6f-480c-8427-54257af083d7,dan-rollins,Dan Rollins,queued,
0371410d-7f51-45a7-891f-9e3307c74e28,dan-slinger,Dan Slinger,queued,
4accbb85-5b2f-4a26-83b2-eef44929a26d,dan-stoeff,Dan Stoeff,queued,
189edf64-580e-4891-9207-f6a891cfd2e9,dan-voloshin,Dan Voloshin,queued,
68e6a15a-f17d-40b7-af4b-d6beca7492e7,dan-womack,Dan Womack,queued,
12b2792f-bdef-43a8-a46d-71e0195a15be,daniel-b-flory,Daniel B. Flory,queued,
92809580-9886-49ff-a1f5-b71e784ce61c,daniel-bardaio,Daniel Bardaio,queued,
be73b5a0-c168-4320-ba55-adb979acf472,daniel-boone-schirmer,Daniel Boone Schirmer,queued,
c51c2f9b-eb8f-43d0-9a80-27b2a78b468c,daniel-burgevin,Daniel Burgevin,queued,
3a764bc3-189c-4c74-ad3e-ee6c5d887ae9,daniel-byron,Daniel Byron,queued,
53a6742d-1757-40d1-9585-71fbdc7951ed,daniel-cahalane,Daniel Cahalane,queued,
e2719ba6-8f6d-4e47-a953-3be53340145c,daniel-crawford,Daniel Crawford,queued,
628c12c1-9260-4bb6-99a3-c7927b5f945e,daniel-duffy,Daniel Duffy,queued,
5e199418-ccfa-43e6-a6b6-bdbd7bbc0c82,daniel-fierro,Daniel Fierro,queued,
f7f3e81e-e308-42c3-b9fa-5c61189b3bb0,daniel-flanagan,Daniel Flanagan,queued,
6d5b7639-0f71-490e-a60b-7bc8a1ddf8ed,daniel-h-wallace,Daniel H. Wallace,queued,
c883fb80-5ea6-4304-93dc-25f7aa790b14,daniel-hamm,Daniel Hamm,queued,
86d982b7-2cc6-42d6-9ccd-76a17f672381,daniel-hogan,Daniel Hogan,queued,
d479fcc2-3c00-4920-a0d2-faf9874903df,daniel-j-schmidt,Daniel J. Schmidt,queued,
25a8dbfe-1bac-4a81-a19f-309c9c6b0db3,daniel-long,Daniel Long,queued,
50f0f19f-0e34-4b36-85e5-00004106b8ab,daniel-ludington,Daniel Ludington,queued,
39fc02cb-7df4-4b51-ace9-8a905022ecb0,daniel-mahoney,Daniel Mahoney,queued,
a98e32b3-28b4-407b-8b4c-54ef9ea5f2f6,daniel-northrup,Daniel Northrup,queued,
765cf9b5-bd5a-479e-b114-16434597b36a,daniel-oconnell,Daniel O'Connell,queued,
d52c87da-6574-4577-89ef-c2d220a0861f,daniel-rutt,Daniel Rutt,queued,
be913f08-d822-4910-af19-024dad5302c9,daniel-ryzhukov,Daniel Ryzhukov,queued,
de6a5298-a357-43af-92a7-21c64dcf9107,daniel-s-yoder,Daniel S. Yoder,queued,
de283c86-087c-43da-9304-fbf741334ce4,daniel-teuscher,Daniel Teuscher,queued,
0a2657ba-7843-4897-b721-33f8f85600c3,daniel-w-squires,Daniel W. Squires,queued,
1e858e4a-7aa9-4211-b150-11647d0a8fc5,daniel-williams,Daniel Williams,queued,
85b2f625-0608-4c20-bb24-990f82c43807,daniil-levchuk,Daniil Levchuk,queued,
b7ae12ab-8e8a-41b9-b424-1bdffafd4571,danilo-melendez,Danilo Melendez,queued,
44d1ee7f-5894-4ffc-8c9c-f1dbd4687e9c,danny-rivera-mendez,Danny Rivera Mendez,queued,
f5f713ea-435c-41a5-8010-bce3aa1c6161,danny-seals,Danny Seals,queued,
f5317bed-b6e4-4944-9025-5be315ad10ec,danny-wilkins,Danny Wilkins,queued,
ee260df4-7f99-4fb0-8506-526269f1e2cc,dario-sanchez,Dario Sanchez,queued,
c2d47194-9ecf-4f37-a4d4-d968edff45d3,darion-lindsey,Darion Lindsey,queued,
5c95c262-072b-42b8-994d-5325a064ccdf,darlene-nicgorski,Darlene Nicgorski,queued,
972a2ef2-1146-4a3d-b46f-d2b12802e895,darrelle-butler,Darrelle Butler,queued,
0215b06a-3f82-4206-99ba-2990f3e24d09,darren-thurston,Darren Thurston,queued,
fec6b29f-88a2-40e0-8831-c324445f809b,darryl-harris,Darryl Harris,queued,
87defecd-588d-4f85-bbeb-8b15f00bca28,darryl-king,Darryl King,queued,
92510c0f-69fb-4ebf-9895-0a777ddd8de0,darwin-lance-brown,Darwin Lance Brown,queued,
852c5260-7bcd-4f44-a3c6-aa51ddc58338,dave-b-schmidt,Dave B. Schmidt,queued,
bd144079-fbde-4a1c-a87f-dfe9abdda618,dave-benson,Dave Benson,queued,
dde51f31-a4ab-4219-901b-f62e16d03988,dave-haas,Dave Haas,queued,
29428802-a4b3-45ab-bf5b-5a3f9aecf420,dave-ingar,Dave Ingar,queued,
7576af5d-5848-4392-ac41-36703cba8ea5,dave-reed,Dave Reed,queued,
17b21f77-1758-4816-ab64-1cdb25d281db,dave-smith,Dave Smith,queued,
d308ff55-ba05-45e4-88fe-6bc7fcfa99a7,dave-tarbell,Dave Tarbell,queued,
dfc46b0d-8059-49da-be94-b0f6bdd94b11,dave-turner,Dave Turner,queued,
c615656f-1df6-464f-8c28-4cfbf9d0c655,dave-wyland,Dave Wyland,queued,
f2c02105-e5e0-489c-8e51-bbb08bbee438,david-a-sylvester,David A. Sylvester,queued,
d4a102a2-2631-439f-b58e-142ee2f4b192,david-a-troyer,David A. Troyer,queued,
a8f44fc0-7bbf-49b1-9e5b-429c83576ffb,david-agranoff,David Agranoff,queued,
4f9ef420-b425-4278-83f3-cf9b5077c056,david-alan-wayte,David Alan Wayte,queued,
d896a16e-5c5e-498e-9492-75df6f3affa8,david-andrews,David Andrews,queued,
219c6012-ee77-4e3c-b80e-5cd8e721ea51,david-bermudez,David Bermudez,queued,
93f150cb-af49-4dc3-b4aa-ff16a8f20a8f,david-bolton,David Bolton,queued,
0b507f85-cfb8-4d38-a766-49dafff7eca1,david-boyd,David Boyd,queued,
b23d38bc-7bfa-4a26-ad9e-e6e390c57a5f,david-brown,David Brown,queued,
e5ea4324-52c8-4181-853b-5e72b18a7b0a,david-butler,David Butler,queued,
233255dd-ecbd-464b-9ee8-35595881d1c5,david-corcoran,David Corcoran,queued,
da1c8f10-5c13-4f22-8543-0022e7513eb0,david-d-derstine,David D. Derstine,queued,
82959ea4-1b01-48e0-b914-eed53759c1f9,david-d-nickel,David D. Nickel,queued,
ebd7a6b8-7f5d-486c-863a-d31812e39b82,david-davidovich-zimmerman,David Davidovich Zimmerman,queued,
1a8e89ab-64aa-4137-8c2d-ebf2dc20c786,david-davis,David Davis,queued,
e5e0c2b6-42bd-4dbd-8f77-3303c7dd4347,david-e-johnson,David E. Johnson,queued,
b400aef5-38b9-4513-807a-99d69f9e680d,david-e-scull,David E. Scull,queued,
a96e8d53-5eda-4a5f-91e1-0c9185a61fcd,david-eichel,David Eichel,queued,
75846a04-26d9-49f4-947a-4d4fd97670ca,david-eli-baghdadi,David Eli Baghdadi,queued,
0f615179-3e2c-4d12-b7f1-c8f9857de222,david-elmakayes,David Elmakayes,queued,
4f822c04-5b75-4caf-ab5d-273ac68a9ce6,david-frothingham,David Frothingham,queued,
950924ba-4a74-4ffc-bc1a-fcbf24b91611,david-fry,David Fry,queued,
2a87d75a-d972-4b87-857a-86c3384a7af6,david-gardner,David Gardner,queued,
d5fc88e2-5bcd-41f3-84ca-1a9aa9f2f6fc,david-heller,David Heller,queued,
291439b4-7e35-4291-8f2e-25f85b76742d,david-henry-mitchell-iii,David Henry Mitchell III,queued,
4a7e2fce-94bb-4a20-adde-ed8fcebf6654,david-hitchcock,David Hitchcock,queued,
b5ed68f1-5619-4a9d-bf0b-fd5b92c73080,david-hofer,David Hofer,queued,
c32a3614-4d49-492d-bf8e-87c3efe997aa,david-hofstetter,David Hofstetter,queued,
d035d745-0ec8-4a9b-b5de-2e914ce4396b,david-holmquist,David Holmquist,queued,
e9de8597-b713-4b60-97a6-ad8e0ea53d74,david-hyun,David Hyun,queued,
be28819f-4e7e-41ea-9b43-63054601d5c6,david-j-dennis-sr,David J. Dennis Sr.,queued,
9a8e3125-1a87-4165-9277-ee0d7c490238,david-j-miller,David J. Miller,queued,
b30dec5a-ae3f-41b5-8317-aa719ebbcee0,david-kaplan,David Kaplan,queued,
a489775f-7033-4473-b451-2350ef0a3951,david-katz,David Katz,queued,
2c3a6a0d-77b7-477d-b825-bdafaeb86297,david-leff,David Leff,queued,
8e689660-3223-49de-a7a4-f4c8d156333c,david-lemke,David Lemke,queued,
d2d72532-3762-4deb-9ab0-6c557a66273f,david-lippert,David Lippert,queued,
5dbde9a0-3792-48b0-b7cc-06a455cb0238,david-lock,David Lock,queued,
e8368d68-06d3-457a-ae3a-0597933ef029,david-maksimovich-elak-berman,David Maksimovich Elak-Berman,queued,
2f6f2cfc-e5d4-4314-90fd-ae011c9b35ea,david-mathews,David Mathews,research_pending,Initial encyclopedia image-index search completed; no verified portrait selected. Broader research remains.
36c741aa-f810-49c2-8ee2-1c4c8124a996,david-michael-ansberry,David Michael Ansberry,queued,
e28b446d-62c2-4367-b91c-1454a18fa274,david-obrien,David O'Brien,queued,
726ee9ed-f8dd-4a1a-94ae-64324ab3bbb8,david-o-heibert,David O. Heibert,queued,
34e6380d-2093-44ba-84ac-2bb2d95fc9e0,david-o-hiebert,David O. Hiebert,queued,
c4f5fd26-be7c-43f5-9c3d-ba5c6fc21472,david-paul-obrien,David Paul O'Brien,queued,
1047251b-be72-44e0-ab25-cd4c1a971f23,david-r-troyer,David R. Troyer,queued,
1158cca8-e89b-42d7-9851-e4bc46c276b4,david-r-troyes,David R. Troyes,queued,
2f3c338a-6dda-4b61-8614-f14b943a05f5,david-scalera,David Scalera,queued,
185a95bf-6030-49e0-9d74-15a1abdb3c48,david-schaeffer,David Schaeffer,queued,
0745280c-4cd5-490c-8245-0234403baa6b,david-sohappy,David Sohappy,queued,
12a527db-92a2-43f2-a865-767651cc95cb,david-sukhov,David Sukhov,queued,
8803c736-6fdc-4f12-9eb9-619617004f6b,david-t-blodgett,David T. Blodgett,research_pending,Initial encyclopedia image-index search completed; no verified portrait selected. Broader research remains.
72e0d35d-4db5-4691-8020-7408a37f8a3b,david-travis-bishop,David Travis Bishop,queued,
b2f5ac80-e8ae-4dc6-8ea1-d2a9ba6a8866,david-truong,David Truong,queued,
f20cf5af-3f67-40b9-9c8b-6849f26d9bd9,david-w-berg,David W. Berg,queued,
50b6dbcd-e5cd-4193-a1d4-d59ab4cbc63a,david-w-meister,David W. Meister,queued,
a209f32e-8821-44f5-adea-827d6e653180,david-wagner,David Wagner,queued,
50e852a5-2a16-4153-a66d-c405f624e9b7,david-watson,David Watson,queued,
e54153c4-c38d-4bc1-ae64-95bee521b2c3,david-wieck,David Wieck,research_pending,Initial encyclopedia image-index search completed; no verified portrait selected. Broader research remains.
dc2ecd9d-a3f3-41b5-bfa6-eee6b1824917,david-williams,David Williams,queued,
01670f23-0aa9-46b3-9726-a8ef4bc8933a,david-williams-2,David Williams,queued,
39676ebe-8a92-49e4-b274-06a280b8e230,davon-de-andre-turner,Davon De-Andre Turner,queued,
b585fdf5-8892-4671-b17f-3cbdf86f1337,dawud-abdur-rahman,Dawud Abdur Rahman,queued,
63e00023-5c6b-4fbc-837e-a1540420ce93,de-bernardi,De Bernardi,queued,
c7d7cffc-0e66-4280-88f9-ccaf5aebbebe,decourcy-squire,DeCourcy Squire,queued,
ae4645a5-1db9-4291-870b-9bb7b8c544c6,dewayne-williams,DeWayne Williams,queued,
34c5ce39-3a6f-4d78-b52c-659158305937,dean-hammer,Dean Hammer,queued,
c78d8acf-6c0f-4102-84dc-52b21f3136a4,deane-mowrer,Deane Mowrer,queued,
2055ff69-7c60-4511-8347-239a42fc66b3,debbie-hands,Debbie Hands,queued,
a47c7503-c3d3-4b38-8b1f-4278f8551cf7,deep-alpesh-kumar-patel,Deep Alpesh Kumar Patel,queued,
39b46918-68ec-4f92-ad83-235864c48abf,delbert-tibbs,Delbert Tibbs,queued,
7704220c-288b-4a01-af32-cb32a969ae81,delia-gonzalez,Delia Gonzalez,queued,
22e51144-2971-423a-9d77-a41a0de6252a,delmar-hampton,Delmar Hampton,queued,
4b8f32e7-16e1-40f9-90ba-c74e1146fa69,delmar-schwaller,Delmar Schwaller,queued,
50b48a43-e3b7-4e52-8965-375344ffa11c,demetrio-castro,Demetrio Castro,queued,
0d08758d-6511-43c4-8052-607b22f60082,demetrios-g-corcoran,Demetrios G. Corcoran,queued,
3e52e085-72fd-429b-97a3-e917aa1ce870,demetrius-ppapgeorge,Demetrius Ppapgeorge,queued,
f5f14cf9-2898-4814-bf42-a655d8f56dd5,demian-lisiuk,Demian Lisiuk,queued,
0382bac2-af91-4406-bd0d-200b4e99d736,demian-pruss,Demian Pruss,queued,
f514f62c-6a30-43ab-b2be-2240fb131d48,demian-roznuk,Demian Roznuk,queued,
75241a41-c997-40a7-97c8-3e56f200e9f2,demian-vlasov,Demian Vlasov,queued,
b71584cd-3992-4964-bfef-8b0fda78bbd6,demyan-belowky,Demyan Belowky,queued,
d6f3ae94-583c-411c-a67d-59b95c1f2488,dennis-batt,Dennis Batt,prepared_batch259,Verified portrait prepared; deployment not yet confirmed.
d3b17f30-6f36-48c4-aabe-4e6b7a28dcb9,dennis-donnelly,Dennis Donnelly,queued,
3a72efa3-385e-49b4-a97f-6b47a54d4a94,dennis-duvall,Dennis DuVall,queued,
be68e7f7-04c4-41da-afc4-734e03f3c944,dennis-goodwin,Dennis Goodwin,queued,
840787d7-38a1-4b93-945d-36a0a50b4871,dennis-j-moloney,Dennis J. Moloney,queued,
2c414f60-7043-497b-8818-012bdb927b50,dennis-mccarthy,Dennis McCarthy,queued,
1f37cfc2-a7a2-47de-ba8b-25d0b17882ae,dennis-rivera,Dennis Rivera,queued,
60ad2ee5-693d-49b4-a626-3f9038dda778,denzal-stewart,Denzal Stewart,queued,
7c28c545-7f51-4f5a-abc6-ae158670400a,derrlyn-tom,Derrlyn Tom,queued,
3140b999-e1cb-4e55-a639-504a7dc3d0b6,desco-h-walker,Desco H. Walker,queued,
5e9b84c1-5a6e-41c4-8c61-ee6df1e61e04,dessie-woods,Dessie Woods,queued,
8be2148c-a980-4439-8058-0b6b82fc82fd,deusdedit-marrero,Deusdedit Marrero,queued,
a3e049e1-714d-4551-9ca1-e208f7ce4b56,devarian-haynes,Devarian Haynes,queued,
24639f74-e364-4431-bd26-bbb308c3411d,devinare-antwan-parker,Devinare Antwan Parker,queued,
d8696453-5306-4edf-b121-5d54da674211,devon-bryce-poland,Devon Bryce Poland,queued,
4cd774bd-86ca-4a08-9b5b-951e1bc01d1a,devon-vaughn,Devon Vaughn,queued,
905b3d67-bd70-4d61-a3b0-e0551704343b,devonna-culver,Devonna Culver,queued,
e473e655-f03d-4d6d-80d8-4e25676f0577,devonte-clark,Devonte Clark,queued,
e8d645ab-94b6-40bb-8168-25e7b6f66b9e,dewey-martin,Dewey Martin,queued,
553726be-a1bc-4718-a893-c305e3325fbf,dexter-lanctot,Dexter Lanctot,queued,
c4e9b50f-3df5-46ed-acf9-a3c833d0ae27,diamond-kim,Diamond Kim,queued,
ca60d02a-9a8e-4300-a81b-c523a5a23df1,diamond-kimm,Diamond Kimm,queued,
4c340358-d670-464c-a7c6-ddcc4171625c,diantha-hoag,Diantha Hoag,research_pending,Initial encyclopedia image-index search completed; no verified portrait selected. Broader research remains.
f53fa3b7-8984-4851-977a-5d02345c6ff6,dick-keough,Dick Keough,queued,
a3f8a257-94f4-4c1a-9aba-74646901cebd,diego-ledee,Diego Ledée,queued,
adf91314-dcc3-4a4e-8c27-3bd6604a575d,dimitri-panko,Dimitri Panko,queued,
bcb477d6-d1ff-46cb-a6e0-306edc766510,dimitry-bahruk,Dimitry Bahruk,queued,
aff7ee15-5a6a-46dc-bc35-404f620e7799,dimitry-remar,Dimitry Remar,queued,
89dfdabc-aeaa-4002-960a-60d4235a5a73,dimitry-yasinsky,Dimitry Yasinsky,queued,
01de598f-d2fe-4d8b-9544-7f7c97364aac,dionisiy-ivanovich-koval,Dionisiy Ivanovich Koval,queued,
438b677a-b846-4dd8-81d1-143b43e4c897,dionisy-drichetz,Dionisy Drichetz,queued,
32ad3d7d-14d5-40b4-b93b-b5710ba8f811,dmitry-ivanyuk,Dmitry Ivanyuk,queued,
9d5533b8-40fb-4fa9-8045-f4e28d87a98b,dmytro-iwankiw,Dmytro Iwankiw,research_pending,Initial encyclopedia image-index search completed; no verified portrait selected. Broader research remains.
f0504ed0-0432-4f37-9327-5c7cc04479bd,dominador-ambrosio,Dominador Ambrosio,queued,
390569ee-7e06-4f12-9d16-408f89d6a06a,dominador-gomez,Dominador Gómez,queued,
8c5a601a-abc2-411e-b1b5-532862baf05e,dominic-d-brown,Dominic D. Brown,queued,
a65ed396-2a8a-400e-b5a7-670af6bcfe61,dominick-a-hall,Dominick A. Hall,queued,
8fe1dedb-6b98-4b0f-9ba0-95c2674406ab,dominick-flaiani,Dominick Flaiani,queued,
e5ae54a5-21d4-4b81-8f8d-eb4c5f59fc32,dominick-venturato,Dominick Venturato,queued,
e2326962-d2c3-476f-8b62-74ee8489a07a,don-benedict,Don Benedict,queued,
6db655ba-9bc4-4010-9b39-fbeb0a5d040c,don-cluster,Don Cluster,queued,
12a548cd-222d-4581-ab0b-9b2dfbd60486,don-haselfeld,Don Haselfeld,queued,
2e7b1a90-82c5-4a51-aed2-45681091eae9,don-olson,Don Olson,queued,
cadac932-daa3-4c71-b250-541bcff1b629,don-sheridan,Don Sheridan,queued,
416bfc6c-6dec-4cb3-a561-6920ecfdafcf,don-wallam,Don Wallam,queued,
5ecdc4d9-1c0a-41e0-97de-d0036715312f,donald-austin,Donald Austin,queued,
80d9d917-d0ec-4799-bab6-802287d063c5,donald-fortenberry,Donald Fortenberry,queued,
93f84760-e97d-4081-b43d-89e36cd7711f,donald-henderson,Donald Henderson,queued,
3f0e776b-efd9-4786-ac9c-d8701fdf9941,donald-hunter,Donald Hunter,queued,
0676368a-ac22-4107-bb36-a4815c82fd12,donald-mark-johnson,Donald Mark Johnson,queued,
0be07374-94c6-44e8-9e85-42ee106f8aa8,donald-martin,Donald Martin,queued,
62c61105-2829-41a6-9580-38028a2abb2e,donald-mcpherson,Donald McPherson,queued,
a8315d4e-21f9-47d3-b94b-c62e946ac9a9,donald-mcpherson-fraser,Donald McPherson Fraser,queued,
78c66933-0bc0-4bb3-b688-901f8cd3c42e,donald-perdue,Donald Perdue,queued,
3fd8daa4-d030-4003-b1fa-d500ea8c4ffe,donald-stephens,Donald Stephens,queued,
7fddf201-0664-46cc-bb08-5ca3cd0c4320,donald-stuart-harris,Donald Stuart Harris,queued,
67b0a912-02e9-4aef-9664-db71b1ffe910,donald-taylor,Donald Taylor,queued,
ac0ba387-2900-42d8-ae57-7f980faff748,donald-thigpen,Donald Thigpen,queued,
1920d1c2-8c44-4c63-a265-7ac4744a4ec3,donald-w-nelson,Donald W. Nelson,queued,
2e810d27-0394-400e-8dd0-c6f6ea1948ea,donald-zepeda,Donald Zepeda,queued,
0f825329-e457-46d5-87ce-86a317cc8f51,donegian,Donegian,queued,
41d8cd9d-8169-4e1f-a881-540fbd895bf8,donna-howard-hastings,Donna Howard-Hastings,queued,
51dff3c4-2fd3-4297-8d79-f8332ddae7d3,donna-joan-borup,Donna Joan Borup,queued,
39797186-0ce5-4cda-a288-55eaa496850c,donnell-lankford,Donnell Lankford,queued,
78aa68a8-69b7-4feb-96c8-32cdb990183a,donnell-moore,Donnell Moore,queued,
4db89487-e602-4402-8006-7916354735fe,donnell-thomas,Donnell Thomas,queued,
b79f155a-71e4-4bc3-a047-5f783a712600,donnie-thornsbury,Donnie Thornsbury,queued,
558e51f8-e80b-4c88-8374-41933ef7f9b7,donta-betts,Donta Betts,queued,
f3e024c8-118f-4426-b937-370a7cc38e81,dontario-j-stephens,Dontario J. Stephens,queued,
1b700ee0-eda1-41e8-9017-0414c6c1b47c,donte-smith,Donte Smith,queued,
852c517e-5db4-4bc1-b15d-55ef9deec860,dora-garcia,Dora Garcia,queued,
9a530b9c-90ca-45c3-88c3-11ddeeeda3fd,dora-garcia-lopez,Dora García-López,queued,
f4204b35-6e1d-4f04-881c-b1aee70cee4a,doreen-dixon,Doreen Dixon,queued,
edab196d-0390-4372-95d3-ae78f447c531,doris-parks,Doris Parks,queued,
2e5b46e6-a17c-4006-b42a-e3467f38b4c1,doris-stevens,Doris Stevens,queued,
77b2c19f-892c-4c94-809e-f20dab387169,dorothy-blitz,Dorothy Blitz,queued,
03696de5-9c08-453a-aaec-9b9ee9a240c8,dorothy-calhoun,Dorothy Calhoun,queued,
a03bdd51-e253-4c9a-aa1c-7a747a8ff02a,dorothy-forest,Dorothy Forest,queued,
46573acb-0f24-47c2-8a35-3527afc84f1f,dorothy-m-hennessey,Dorothy M. Hennessey,queued,
66b96ed5-0ae1-45df-8551-b40fb7dbe588,dorothy-pagosa,Dorothy Pagosa,queued,
6ded3f77-667a-44de-9ae6-061cb7d0aca6,dorothy-ross-weber,Dorothy Ross Weber,queued,
b469773a-34d9-47ca-bc81-8ac50f8a65d0,dougherty,Dougherty,queued,
ceeaaeaa-fc5b-4594-9f21-f3ae5c2dab8e,douglas-joshua-ellerman,Douglas Joshua Ellerman,queued,
c2481065-9ef3-4f72-ace7-1f94f6bb54ee,douglas-kasper,Douglas Kasper,queued,
b4d05175-10bf-48a1-9b6a-abed72376590,douglas-lane,Douglas Lane,queued,
97e76b55-8358-4172-97ac-f0e4e92f697d,dozier-will-graham,Dozier Will Graham,queued,
2048a7ff-0e34-4a25-b4d5-10e00bd83090,dr-sarah-h-lockrey,Dr. Sarah H. Lockrey,queued,
627dba1d-d668-45a2-a887-d160327390f0,dr-walter-a-matthey,Dr. Walter A. Matthey,queued,
ff9c522b-2848-4f6e-8407-b5f2b41bf62a,dr-wolfgang-sternstein,Dr. Wolfgang Sternstein,queued,
021a8546-dec3-4b81-800a-4caa8eac83c7,duncan-andrew-small,Duncan Andrew Small,queued,
e6275c50-cfd4-441e-b690-5f12e73072ab,duncan-murphy,Duncan Murphy,queued,
17fddd52-3b66-4cbf-8a49-3ad4132b4882,dustin-stevens,Dustin Stevens,queued,
144f9589-5c0d-4405-8a3b-f0c60d1015e0,dwight-freeman,Dwight Freeman,queued,
e2e7fd17-7e25-4893-afb0-eeed28263a7e,dylan-shakespeare-robinson,Dylan Shakespeare Robinson,queued,
8221035c-3721-412f-9410-dfef8f8ae7fc,dylan-sutherlin,Dylan Sutherlin,queued,
0cdd70b6-42a4-4211-964b-6b4b6917af09,dyshika-mcfadden,Dyshika McFadden,queued,
ea787498-3192-44d4-9db3-35fba98b00cf,damaso,Dámaso,queued,
6371fb28-87aa-4e26-8245-887624e23796,e-a-engelin,E. A. Engelin,queued,
333c43ca-06fe-4431-aa28-35fac910051d,e-b-eastwood,E. B. Eastwood,queued,
a5479602-8dcb-46ae-996d-c1a7e752a36b,e-cousins,E. Cousins,queued,
1d7ee161-930e-45a3-b0b6-43875325db7b,e-d-mcnassor,E. D. McNassor,queued,
f893b3fe-b62a-43b2-ab7a-16ce5eb8b997,e-douglass,E. Douglass,queued,
0a5b42e9-5cc7-486c-a227-6cfe302b956f,e-davila,E. Dávila,queued,
d948ea89-05eb-4eeb-ba13-7a7ca1b86e21,e-f,E. F,queued,
d8896776-0789-47f4-a204-826947a9a471,e-f-burman,E. F. Burman,queued,
fa6f3284-2d52-494e-9ecf-bfad1f7ff3ff,e-f-foster,E. F. Foster,queued,
0e20ad55-063c-4e95-ab59-d30a595657a1,e-f-hollingsworth,E. F. Hollingsworth,queued,
a81c4cb0-11db-490d-97eb-afb54e31fc59,e-g-dickson,E. G. Dickson,queued,
c7ce9a47-ca58-4415-b012-10c43e1e0b4f,e-harris,E. Harris,queued,
44645486-3d41-4286-b806-7237e8371000,e-j-foote,E. J. Foote,queued,
fb21935f-3457-4818-8b71-9189513fe372,e-j-huber,E. J. Huber,queued,
ded6f017-170a-4317-84c8-f48fd29c77ba,e-j-shapeero,E. J. Shapeero,queued,
4d19b0d5-41a8-4ecd-8cc1-68c66cfab31e,e-j-sonnenburg,E. J. Sonnenburg,queued,
0fab47e4-7fc2-4ae1-a44e-6c3682056bc2,e-l-bentley,E. L. Bentley,queued,
0726f6b7-914b-4cca-bc66-33be4e6a40af,e-l-montgomery,E. L. Montgomery,queued,
11aa1c33-b9b6-4f7a-b95c-25398a0db6d2,e-m-boyd,E. M. Boyd,queued,
dce10c93-e604-44bc-87e6-94efbfee7493,e-p-jennings,E. P. Jennings,queued,
53db4c82-b462-4019-a0a8-d02fe8fdac5b,e-phillips,E. Phillips,queued,
dd1acd46-e1fc-4cb9-ae4f-cd0be1a27ad7,e-scarpelli,E. Scarpelli,queued,
04c12463-2616-4720-a0b5-f0e12b63074c,e-v-starr,E. V. Starr,queued,
1c09cc54-fd18-4c1b-811e-4affb38bb333,e-w-latchem,E. W. Latchem,queued,
16c02196-9b3a-487e-a191-5294150ab210,eh-daniels,E.H. Daniels,queued,
9e375c0c-bb1c-4831-ac10-cd6e1c0097a7,ei-brandt,E.I. Brandt,queued,
57ee33eb-1981-44ea-a2b8-1fffb4422fa9,eamon-meehan,Eamon Meehan,queued,
480b15de-a465-4575-bef6-a432efd4cc13,earl-barlow,Earl Barlow,queued,
5aae2fbf-1784-4fc5-a872-402a3c0ccbe9,earl-brown,Earl Brown,queued,
9b066a76-ec1a-4e69-b4da-043a6de3072f,earl-firey,Earl Firey,queued,
9ba99870-5d92-442c-a290-ec6dc606bfe5,earl-gaither,Earl Gaither,queued,
52b3e423-1d16-4ae5-84ac-1d0165bd5836,earl-gibson,Earl Gibson,queued,
01736032-96a7-4583-9112-0e578adf4984,earl-huckelberry,Earl Huckelberry,queued,
0d3b41fd-3854-4e5c-a95d-d133ff8df36c,earl-hucklebery,Earl Hucklebery,queued,
6f7909cb-fa09-4614-b4a4-752519c817f6,earl-i-garber,Earl I. Garber,queued,
da069cbb-4d3e-42ae-8bfc-4dbf11b9a2b5,earl-king,Earl King,queued,
e06c8f54-c8b8-4726-800d-825c565c6125,earl-leverette,Earl Leverette,queued,
8d600d63-415c-4d6b-8cc8-43fb5ea084da,earl-m-humphreys,Earl M. Humphreys,queued,
d5f83700-e06e-434b-ac35-a5672dd5152c,earl-osborne,Earl Osborne,queued,
34b29422-4e9a-4fff-a166-63896606a8c7,earl-potter,Earl Potter,queued,
499d0d8f-0b39-475b-8717-3db1b82719f7,earl-ross-whitaker,Earl Ross Whitaker,queued,
3ed459bb-2724-46e4-9f2b-2b1ce0f5f275,earl-steward,Earl Steward,queued,
f9ab731d-d3e7-400c-bc3e-e292d41439ee,earl-ward,Earl Ward,queued,
e08f5d2c-64dc-43d2-94b9-d6af8ac32400,earl-whitten,Earl Whitten,queued,
8c4205c6-e2de-441e-bb88-9fcfa015ef33,earl-wilkenson,Earl Wilkenson,queued,
c2d44382-e763-4622-8ef6-c600f18d99d0,earlja-dudley,Earlja Dudley,queued,
36a2f8fc-d661-43b1-b6a5-a7900cfe71a3,early-whitehesd,Early Whitehesd,queued,
6d76c624-4301-4a88-843c-74c06e897053,earnest-ball,Earnest Ball,queued,
500477f6-81d3-4bef-be12-6c91e1aea3cb,earnest-n-lamb,Earnest N. Lamb,queued,
2c2b28fc-47eb-46a6-a13c-6155160adb42,ebb-payne,Ebb Payne,queued,
1fa66756-89af-4b90-8ab4-98715d632a8c,ed-baker,Ed Baker,queued,
c624a26e-37d7-4ff2-a7ca-3179d4c9aba5,ed-bloomer,Ed Bloomer,queued,
8b53db21-0abf-4747-9949-5e8b51c98886,ed-brown,Ed Brown,queued,
3aa77ed0-89b5-4139-b2c2-7e1bad6cb878,ed-burns,Ed Burns,queued,
e86dedb7-e655-472a-b230-3e2aa84ff0ca,ed-burns-seattle,Ed Burns,queued,
a20aec0e-1474-4b5e-8320-5cba1c3e75aa,ed-coleman,Ed Coleman,queued,
d59cdbae-45b9-4d97-baf5-d9af96deb946,ed-condon,Ed Condon,queued,
1ab38090-5eb2-4005-a9de-3fd51d589dc2,ed-dawe,Ed Dawe,queued,
5b57f9ff-69c8-4804-9184-5072f13f2193,ed-ferguson,Ed Ferguson,queued,
b2ad38c6-4611-48cb-a4c9-8bf5d70e2ec6,ed-g-heth,Ed G. Heth,queued,
7a91983d-f28d-4ccb-9b23-32485b009261,ed-gargan,Ed Gargan,queued,
4e79fc41-6628-4520-94dd-0724f1de01f7,ed-hicks,Ed Hicks,queued,
04e48eff-adaf-4ce6-994f-965e082364c7,ed-kinane,Ed Kinane,queued,
03830610-dc00-4058-88a6-27aa907e9fa5,ed-lazar,Ed Lazar,queued,
a98f0ee9-8a22-4cfc-964b-e17debbfdef5,ed-levitt,Ed Levitt,queued,
194f7c4a-5e6b-4acf-b8da-aec48801ed86,ed-mcnalley,Ed McNalley,queued,
d26ca7c3-a412-40f5-8a9c-a3f3e563a88f,ed-mead,Ed Mead,queued,
24d3df9a-baff-459d-870f-8031b1951be4,ed-miller,Ed Miller,queued,
35194e67-db33-47e3-a607-6e0a08d516be,ed-mitchell,Ed Mitchell,queued,
9482e378-96a9-48a8-b74a-ddfb3d2101c0,ed-roth,Ed Roth,queued,
363cf198-04aa-4897-b073-a90def8c5320,ed-sears,Ed Sears,queued,
8b12c7ea-badf-494c-ab4e-3b01b0f8bd57,ed-ware,Ed Ware,queued,
efdc5131-b199-4e5b-a11d-9f53961bee9e,ed-wing,Ed Wing,queued,
1abb7e19-6d14-4abd-a15a-dfd9e2b17829,ed-yost,Ed Yost,queued,
190999d7-61f8-4a1b-82e8-2da53f6f7784,eddie-benton-banai,Eddie Benton-Banai,research_pending,Initial encyclopedia image-index search completed; no verified portrait selected. Broader research remains.
799e3a2d-8949-4bed-9f64-90b4bef68379,eddie-blakely,Eddie Blakely,queued,
4bbe51ed-33e7-4960-b0a0-1af0c476af14,eddie-carthan,Eddie Carthan,research_pending,Initial encyclopedia image-index search completed; no verified portrait selected. Broader research remains.
21bae2c2-23cf-439c-85b8-3942ca160308,eddie-clemens,Eddie Clemens,queued,
3f0d5d8f-d4bf-4a3b-a7a2-085c7390e720,eddie-josephs,Eddie Josephs,queued,
1ecd4a7b-efeb-4b4d-8da3-cc906565b49b,eddie-maleski,Eddie Maleski,queued,
21d92c2d-f207-4513-90b3-d88f09059884,eddie-page,Eddie Page,queued,
b2099786-040f-4cea-8733-2569bab4befa,eddie-robinette,Eddie Robinette,queued,
b7ed27ff-99d7-4b53-af74-51e867f82824,eddy-dyer,Eddy Dyer,queued,
39c079ef-aaee-4e92-954e-890f39494af7,edgar-combs,Edgar Combs,queued,
1187baa2-dc6c-4c40-950d-df10bf2c7153,edgar-held,Edgar Held,queued,
428ce579-303a-40ec-978f-407cd4d5aba3,edgar-s-benedict,Edgar S. Benedict,queued,
be1c2ba0-feec-4154-af92-3a3fe812e991,edgard-m-greauad,Edgard M. Greauad,queued,
fcd41476-540c-4a9b-a9fa-cc3da46d3f13,edgardo-cordero,Edgardo Cordero,queued,
2a943d03-0ef5-4d01-9c06-d246d6eb4ef9,edgardo-hernandez,Edgardo Hernández,queued,
93294a7d-ee08-4c50-bc14-d2c4255eeabc,edgardo-rodriguez-riquelme,Edgardo Rodríguez Riquelme,queued,
f4a9c549-bf4f-4887-b770-ff34678f326a,edgecomb-pincho,Edgecomb Pincho,queued,
07704b31-5038-45b5-938a-5265a7f5add6,edgecomb-pinchon,Edgecomb Pinchon,queued,
b81de8de-700c-422f-a370-c0a9b9ab3986,ediberto-santiago-diaz,Ediberto Santiago Diaz,queued,
56c41b6a-eba7-4235-9040-fd47bc4946e1,edilberto-berrio-ortiz,Edilberto Berrio Ortiz,queued,
6e91dd32-73f8-4d0f-a1f0-6fe50fa39da9,edith-balot,Edith Balot,queued,
d3e26a18-d4f6-40c1-8f5d-b5eba63d003f,edith-berkman,Edith Berkman,queued,
206cc9ab-b83a-495e-9fc7-a3db149f1fd2,edith-frenette,Edith Frenette,queued,
95992e74-a480-4ada-804c-fa9fa2e54055,edizon-ramirez-gamboa,Edizon Ramirez Gamboa,queued,
a5bd4cd7-c750-4d08-a5af-25d24958ea8b,edmund-speckman,Edmund Speckman,queued,
9b138345-7ff8-463e-a415-1fbe60575337,edna-dixon,Edna Dixon,queued,
390e7ad8-4b37-462e-9156-fb8571ff9efd,edna-mary-purtell,Edna Mary Purtell,queued,
ee5019f7-f6b2-4863-9e2c-e7aab473814d,edo-mita,Edo Mita,queued,
cd59d743-a6f2-4497-8101-cfffe8b5d7b3,eduardo-cruz,Eduardo Cruz,queued,
b9edc8d1-627b-415d-a49f-c4155cffeda9,eduardo-herera,Eduardo Herera,queued,
2ec033aa-121a-4b91-8ce0-e6bf58ac265f,eduardo-machado,Eduardo Machado,queued,
239abe36-b8ec-4899-be30-8472a798fe3a,eduardo-paredes-garcia,Eduardo Paredes García,queued,
7faf6e5f-f3df-454d-928a-07412b05d54d,edward-a-kolbe,Edward A. Kolbe,queued,
46f62fcd-4cdb-46d4-afca-4f5d227aea30,edward-a-nightingale,Edward A. Nightingale,queued,
9e73a8a2-431c-4e61-93e5-a0a11ac847cc,edward-a-starr,Edward A. Starr,queued,
331fcef9-5612-49b2-bdee-2808bf2a8590,edward-berg,Edward Berg,queued,
fd08fa34-e88a-402d-b215-a048e2dda298,edward-brand,Edward Brand,queued,
a65934a3-69a5-491a-94a8-c2556d506193,edward-c-hamm,Edward C. Hamm,queued,
db8a70e3-e39a-475a-a160-13f30f43bb05,edward-chaka,Edward Chaka,queued,
4f667f1c-e828-44ef-b42f-3bc91684d263,edward-childs,Edward Childs,queued,
88580294-145c-4015-bd31-0fea9a3173b0,edward-d-nolan,Edward D. Nolan,queued,
bf2ef7b5-3735-4bd1-8071-40ad6bae842c,edward-delosier,Edward Delosier,queued,
fcd8c042-e777-43f6-879d-ae18751cee5a,edward-denny,Edward Denny,queued,
5208b89d-31c6-488b-a4c5-3f6e057e5149,edward-drolette,Edward Drolette,queued,
1616e0e8-9342-4d51-b527-27794c15e221,edward-e-strong,Edward E. Strong,queued,
907b45d2-a46b-47e1-a5bf-b49a479438f9,edward-ellis,Edward Ellis,queued,
44d3d434-4d78-4aee-9b4e-34b21a97aa53,edward-f-dicks,Edward F. Dicks,queued,
d568aa19-43b5-48a7-a3e5-d682b3933133,edward-f-doree,Edward F. Doree,queued,
9a7ec6da-b0d4-4df6-b97f-22b44fd43dff,edward-gullion,Edward Gullion,queued,
708ce66c-f66a-4eb7-bfdc-68253939fc8c,edward-h-mull,Edward H. Mull,queued,
b05df465-4bff-4e15-931c-19b65cee2aa2,edward-hamilton,Edward Hamilton,queued,
2dbff8da-c0ab-472c-9954-4444010ddee4,edward-hein,Edward Hein,queued,
18c8606b-2ed0-41aa-ae9a-deb88196c99e,edward-hibbard,Edward Hibbard,queued,
4038fb60-2b72-43b5-b057-ce2b184780f1,edward-hofstede,Edward Hofstede,queued,
28f753fb-df61-4275-b695-227da460094e,edward-horacek,Edward Horacek,queued,
adff310a-e5f5-4b17-8626-9b908c62b1e2,edward-j-devitt,Edward J. Devitt,queued,
67499608-c2ee-40e0-8d26-4e6ea9348779,edward-j-fitzgerald,Edward J. Fitzgerald,queued,
c2ffaf61-161d-45f9-a84c-bd772e5d17f6,edward-j-heath,Edward J. Heath,queued,
dacb0d62-f1d9-4928-ab80-22bf80457212,edward-j-kelly,Edward J. Kelly,queued,
67b64d18-b547-4499-9c48-83f9041fbbdc,edward-james-olmos,Edward James Olmos,queued,
bc6c4d3f-283d-4680-ad89-09cf5b99361b,edward-moran-jr,Edward Moran Jr.,queued,
98b3b46f-52c2-4122-bb2b-09fb67f94c2a,edward-murphy,Edward Murphy,queued,
078b5e16-5ce6-4e45-9b0e-a49f6386fb1e,edward-palmquist,Edward Palmquist,queued,
c797950b-7f9d-4ec2-8e15-821648d59cf4,edward-pennington,Edward Pennington,queued,
824fa242-9cb1-404d-aa6b-81dfa7a4db13,edward-quigley,Edward Quigley,queued,
cf3ea02b-a8e5-4f7a-ac95-7988f1464234,edward-r-heiser,Edward R. Heiser,queued,
f5c6ecba-5e11-4196-8862-3534c00eb7f0,edward-r-peters,Edward R. Peters,queued,
238f6cb3-0511-4a50-93fe-22c8ac45d87f,edward-russell-clements,Edward Russell Clements,queued,
5e861378-7486-44ce-acd1-c8a6a0fa1511,edward-s-carey,Edward S. Carey,queued,
dc95711f-5529-4f8b-8aac-0d3ff48196d2,edward-salzer,Edward Salzer,queued,
8e048b43-bdae-46a0-9893-87796951985e,edward-sayres,Edward Sayres,queued,
97c9144f-ba27-4400-b357-fd69f3d859d4,edward-shainfine,Edward Shainfine,queued,
811bb947-f179-4591-99de-cc888261e22e,edward-sherwood,Edward Sherwood,queued,
f932ed51-d653-411c-be6b-ce62fdd4a1e3,edward-smith,Edward Smith,queued,
9079ce4b-13d9-4006-bac4-48c7b1b7f666,edward-springer,Edward Springer,queued,
fa3eec94-da18-41dd-a329-8e6445176a22,edward-stevenson,Edward Stevenson,queued,
d1132cf8-d18d-4b38-ac42-f8e8d0161268,edward-t-graham,Edward T. Graham,queued,
ea58afcf-1e9c-409c-bdb4-97156c574e03,edward-t-sheldon,Edward T. Sheldon,queued,
5aae5216-b916-4eab-9c48-218f2b857796,edward-waltner,Edward Waltner,queued,
a2b3f45a-ac74-4965-a095-ab883a4269a7,edward-wilke,Edward Wilke,queued,
61212f46-f25e-4c92-a441-6b68c13e3d31,edward-william-carubis,Edward William Carubis,queued,
9d8fe4f6-bb33-4c88-849f-ca6ae916c291,edward-william-kale,Edward William Kale,queued,
fe546d33-ac98-47e3-a1aa-9571dc115bcd,edward-woodworth,Edward Woodworth,queued,
16f8f721-10f4-4325-acb5-210f3af9a2e1,edward-worrell,Edward Worrell,queued,
9dad68cc-eef4-4e45-9797-b16c656142f8,edward-yellin,Edward Yellin,queued,
7688c278-a763-47dc-bacf-b3a7afd644dd,edward-zabo,Edward Zabo,queued,
8a3e54ed-af66-4a70-b090-4ec51d0e4106,edwart-truitt,Edwart Truitt,queued,
ee601bb4-b698-4853-92b0-d46dc73f2f4c,edwin-berry-burgum,Edwin Berry Burgum,research_pending,Initial encyclopedia image-index search completed; no verified portrait selected. Broader research remains.
91c80223-5030-459e-b020-0cc35a655339,edwin-firth,Edwin Firth,queued,
fb6b0909-cdb5-44be-811b-7be76ebda419,edwin-j-figueroa,Edwin J. Figueroa,queued,
9070c197-e890-48f2-a575-0b5496dbb345,edwin-krier,Edwin Krier,queued,
e4dac195-11ae-49fd-8a4a-bfa7c14e9920,edwin-r-lewinson,Edwin R. Lewinson,queued,
cd3a6197-53b4-4bf7-ad37-75cbcdcb2879,edwin-s-reitz,Edwin S. Reitz,queued,
ca62b595-95a5-458a-8ef5-860798845bd3,edwin-vargas-becerril,Edwin Vargas Becerril,queued,
df13d36d-4e09-4674-a135-3f78e3967bc1,effie-b-main,Effie B. Main,queued,
cdea8f97-4b15-4668-a67a-8532a7a5651d,efim-kochovetz,Efim Kochovetz,queued,
b8bd9bf4-9d94-447c-8d96-a117c068fa6f,efim-kolesnikov,Efim Kolesnikov,queued,
eedc7c4b-d850-461b-931b-185f7bc70e92,efrain-antonio-campo-flores,Efrain Antonio Campo Flores,queued,
5ffe9e33-7ade-4187-ba92-b0bd987bfe73,efrem-kucher,Efrem Kucher,queued,
100cccf1-19fa-4d29-a131-08777fc74ec1,efrem-shepelov,Efrem Shepelov,queued,
019fbf73-8b1d-4959-a30a-87aed5207538,efrim-potenkin,Efrim Potenkin,queued,
86f75395-f410-4fd7-b747-1af0de0552cb,egbert-aswell-trumble,Egbert Aswell Trumble,queued,
ab694cc6-24a8-46e5-828f-982eec289ce9,egor-matveevich-feskov,Egor Matveevich Feskov,queued,
a3321f48-79e6-4a2e-a69a-ff1508b037b7,eicker,Eicker,queued,
df3bfced-8d05-44b0-844c-abe4ca9f1162,eileen-fujimoto,Eileen Fujimoto,queued,
cf139e9f-26b5-4d13-b40a-06fe1428d17c,einosuke-yamaguchi,Einosuke Yamaguchi,queued,
0b75577e-571e-47ec-8b5c-2fdaac592c2f,elba-chase-nelson,Elba Chase Nelson,queued,
19197f08-734f-45b6-977a-ec0a8c21c336,elbert-h-hostetler,Elbert H. Hostetler,queued,
dee8fdbf-53bc-477f-832a-2aead5c057a3,elbert-shadrick,Elbert Shadrick,queued,
fe9325d6-12e7-4c5b-9f1d-9217d544ee38,eldson-mcghee,Eldson McGhee,queued,
e0cee2a7-e175-420c-b625-ba7fa88106ff,eleanor-calkins,Eleanor Calkins,queued,
19df339b-9504-4f35-aaee-b01f9c376933,eleanor-calnan,Eleanor Calnan,queued,
cb198022-691c-4fdc-91ae-7cec857822bf,eleanor-e-stein,Eleanor E. Stein,queued,
e5e9865c-f9cb-4b5c-aed1-0c6296615fc1,eli-boies,Eli Boies,queued,
218f6234-534a-473d-b846-86e46432346f,eli-jaffe,Eli Jaffe,queued,
3e79553b-a309-4513-836e-2de29325e5be,eli-keller,Eli Keller,queued,
265d3667-f317-4adb-b58d-44ef3a94fdc2,eli-parsons,Eli Parsons,queued,
81aedad8-38da-43bb-8f68-65aae04f2143,eli-sitkin,Eli Sitkin,queued,
db3256bf-e48e-4495-9b43-beaa214789df,elia-matuska,Elia Matuska,queued,
453416e6-0c44-4ec6-8b94-edbdd56d319b,elias-clayton,Elias Clayton,queued,
7ad8685b-0587-4c89-ac87-ad40b38e8dcd,elias-espinoza,Elias Espinoza,queued,
a3dd2a63-155d-432b-ac6c-7f5fccd3a0a2,elias-graceley,Elias Graceley,queued,
41f21877-9b17-40d2-a80c-55be33e446cd,elias-matson,Elias Matson,queued,
a3712d03-0641-4e05-a0b4-2b52f53caaa1,eliasio-velez,Eliasio Vélez,queued,
fcf28e2c-0d4c-4897-8387-6433a1d3aa81,elifaz-escobar,Elifaz Escobar,queued,
af7e45a7-c53d-4337-add2-79c2f6a66558,elijah-brown,Elijah Brown,research_pending,Initial encyclopedia image-index search completed; no verified portrait selected. Broader research remains.
8305a4d7-95aa-4a7f-8cc4-2f9ac1280c73,elijah-michael-lane,Elijah Michael Lane,queued,
a85dddc1-5cde-41db-acb2-183f589cb27c,elijah-smith,Elijah Smith,queued,
075424ce-bcd1-4f66-9edb-f64bff7372fb,elinor-henderson,Elinor Henderson,queued,
7fa61893-00e5-404d-a29c-133f74c93e73,elinor-swimmer,Elinor Swimmer,queued,
417a9ccb-da3d-41b4-afa2-644143430bb8,elio-torresola,Elio Torresola,queued,
b48036be-b3c7-4e59-8fb1-13858f86b652,elise-saramarielle-kelder,Elise Saramarielle Kelder,queued,
5aa6cd48-6c47-4194-a9e6-41c67b87dffa,elise-t-russian,Elise T. Russian,queued,
66392076-1f14-4611-a53d-1797b6347051,elizabeth-ann-lentsch,Elizabeth Ann Lentsch,queued,
2a5b14cf-5a0c-4505-8e22-d8a27b04fb8f,elizabeth-anne-mckenzie,Elizabeth Anne McKenzie,queued,
deae1cef-60cc-4bd8-92cd-754358288425,elizabeth-baer,Elizabeth Baer,queued,
e07818ed-9b00-460a-b3c3-1d1eb798cdd7,elizabeth-ford,Elizabeth Ford,queued,
cc5c7893-2da2-4e5a-b0fd-aedb5c53ab3c,elizabeth-green,Elizabeth Green,queued,
31e7b4b0-51af-4ff4-a895-9ec6515a5b49,elizabeth-hamilton,Elizabeth Hamilton,queued,
0b971664-1b9f-42e3-8fe3-1945a8391a13,elizabeth-just,Elizabeth Just,queued,
765d49bb-c59c-45c3-8c25-3c6279638fb7,elizabeth-mcshane,Elizabeth McShane,queued,
00fa5b22-8a50-430a-81cc-4c0500aed9ee,elizabeth-minnie-huff,Elizabeth Minnie Huff,queued,
20096c1c-a7af-4c41-970a-50536a717b90,elizabeth-moos,Elizabeth Moos,queued,
15475aea-c8e5-4189-9620-e46901292f25,elizabeth-porter-wyckoff,Elizabeth Porter Wyckoff,queued,
f143be71-8c82-48f4-9659-4514a153c967,elizabeth-selden-rogers,Elizabeth Selden Rogers,research_pending,Group photograph located; individual portrait/framing still needed.
6868af68-c866-419c-acc0-c8708dddb2dd,elizabeth-walters,Elizabeth Walters,queued,
677e8c20-aad1-4008-97ae-3e743d53e08b,elizabeth-walz,Elizabeth Walz,queued,
efe64cf2-0b9e-45e3-9234-dc75f63e2cfd,elizabeth-watkins,Elizabeth Watkins,queued,
6ac5e189-7bd1-4e70-a538-53f4e3945aae,elizur-butler,Elizur Butler,queued,
26498661-e7da-4487-983c-fd036f20c457,elkin-alberto-arroyave-ruiz,Elkin Alberto Arroyave Ruiz,queued,
881bd9b1-970f-4620-8106-e192bd6f29fc,ella-findeisen,Ella Findeisen,queued,
fba9fbb1-40fd-41cd-8db0-83f2caff7cf0,ellen-barfield,Ellen Barfield,queued,
76e225cc-41bc-45ee-a062-f00f01d838c2,ellen-grady,Ellen Grady,queued,
579e6807-3803-49eb-8438-43ce478c8d73,ellen-r-budow,Ellen R. Budow,queued,
0a9e82f0-18c7-44ec-bef7-790c9a3366e2,ellen-vessels,Ellen Vessels,queued,
c55f0785-3dfe-4794-9a71-1711edc7a2bc,ellen-winsor,Ellen Winsor,queued,
33f1aa6e-267b-40f1-aa5e-00f8e2cdbd31,ellie-brett,Ellie Brett,queued,
087896a2-c0cb-49ce-97ae-cbeb8abf224e,elliott-sullivan,Elliott Sullivan,queued,
1d8d45ee-7418-4823-91ec-cb278f86846b,elliott-white-haskins,Elliott White Haskins,queued,
e124174c-1f0c-46cb-bfd3-390586e446f5,ellis-bjorkman,Ellis Bjorkman,queued,
b85e46b4-bd73-4b88-9147-391aa1da5a2c,elmer-anderson,Elmer Anderson,queued,
271c58da-e6a3-4496-b846-00399d947ea4,elmer-dodin,Elmer Dodin,queued,
b5cd4a6f-2aef-4b65-942b-c6d9cff3a8c7,elmer-hershberger,Elmer Hershberger,queued,
a1d83267-ef14-40a7-aac8-22c987606efa,elmer-leichty,Elmer Leichty,queued,
6e58e972-cab8-4b8f-90ff-504a1e321378,elmer-liechty,Elmer Liechty,queued,
b98f510e-0241-455c-a84a-298cc944f848,elmer-lochner,Elmer Lochner,queued,
6fc76a2c-79ed-497f-9b1b-15d96f4de760,elmer-maas,Elmer Maas,research_pending,Initial encyclopedia image-index search completed; no verified portrait selected. Broader research remains.
8d1e1f00-b473-4f9f-ab6c-a381c6bbbcbf,elmer-n-olson,Elmer N. Olson,queued,
e746c528-6d46-4107-ba87-a7b1e54d037b,elmer-wagner,Elmer Wagner,queued,
20df4123-927a-4b7c-b557-a5cb85298612,eloy-garcia,Eloy Garcia,queued,
53243f62-29dd-49fc-a5fb-179d94866e54,elroy-embry,Elroy Embry,queued,
69186ef5-4779-4b67-90c0-23134c9194ab,elsie-monakian,Elsie Monakian,queued,
860b4c29-4c30-421a-8b89-82b9300b94f7,elsie-unterman,Elsie Unterman,queued,
4fd1d3bb-c462-4420-ab4d-d0487516a29e,elsie-vervane,Elsie Vervane,queued,
85bbef13-86c4-49f3-a622-5af42373f377,elton-davis,Elton Davis,queued,
9e7e6d50-8ad0-4c86-86a7-062df9a44742,elton-rankin,Elton Rankin,queued,
873436b5-21fa-4d94-a30f-0d540a65e718,elvador-greenfield,Elvador Greenfield,queued,
9c75984c-d9cd-48a1-9dae-52bef90e5da7,elvin-rodriguez,Elvin Rodriguez,queued,
711d6f90-de40-4e9e-b2e8-c497cd8c99e6,elias-samuel-castro,Elías Samuel Castro,queued,
5ee4b9ff-04dd-4855-94ac-a1237d3e940b,elias-samuel-castro-ramos,Elías Samuel Castro Ramos,queued,
e6805531-3871-4c80-83ef-dc5036f6aac7,emadeddin-muntasser,Emadeddin Muntasser,queued,
ef87e165-4156-4f21-8db9-9adfa26355ce,emanuel-baltzer,Emanuel Baltzer,queued,
cc50ec6a-5059-41cc-9a28-6b0c7fb95425,emanuel-biddings,Emanuel Biddings,queued,
382ab54a-be3b-406a-a676-38017355b3f3,emanuel-blum,Emanuel Blum,queued,
2792ba60-09ab-4e4e-9bfb-925ed9077548,emanuel-graff,Emanuel Graff,queued,
1c7ca338-03f3-4652-b977-bc3522bc2a1e,emanuel-silver,Emanuel Silver,queued,
d6a35a7a-98c4-4842-b585-d243fdcd41da,emanuel-swartzendruber,Emanuel Swartzendruber,queued,
17aa4f23-b633-4a23-a118-9cade2e17d63,emelyan-belesta,Emelyan Belesta,queued,
e7f42d28-e93a-4445-82b1-a081e2a9f4c6,emerson-daggett,Emerson Daggett,queued,
a5c11e00-3068-446a-a47f-cfc58fd0b0d1,emil-feltman,Emil Feltman,queued,
cb2667ec-8424-4887-8ec7-bc4aa645ef9a,emil-gardos,Emil Gardos,queued,
91b259d8-4125-4a7f-883b-9c6c92676c9c,emil-hansen,Emil Hansen,queued,
e14669f6-870e-4d70-a185-f2b0edba05da,emil-keifer,Emil Keifer,queued,
601e3d11-3125-4ac1-bc48-4a83e8fa8b8d,emil-nygard,Emil Nygard,queued,
63cc04db-9920-447f-a593-9fccbb18168c,emil-schiller,Emil Schiller,queued,
3a3ffd65-74cd-419c-a3b4-6ba945b07eed,emil-yanyar,Emil Yanyar,queued,
36d1f4b5-89cc-4b67-835e-13067344523d,emile-de-antonio,Emile de Antonio,queued,
79124344-8d64-42bc-b14f-d62533336d32,emily-keppler,Emily Keppler,queued,
7743868e-7a0f-40e7-a016-91fe22686a95,emily-nowlin,Emily Nowlin,queued,
8fce5b04-2a3b-4536-8f41-605c0767e67c,emma-brletic,Emma Brletic,queued,
9d5bf26b-56e4-44be-9e4b-286cde354437,emma-cutler,Emma Cutler,queued,
4e97c3de-2e75-488d-b65b-adf8b2b2c037,emma-grondahl,Emma Grondahl,queued,
6b45f1b0-8159-4402-a19e-669850152ea1,emma-lightstone,Emma Lightstone,queued,
bf9a6ab7-24b9-4b10-a66b-8d36d6af8dad,emma-schneiderman,Emma Schneiderman,queued,
65314fd4-240d-4691-942a-3cafa0d868f5,emma-velez-hernandez,Emma Vélez Hernández,queued,
6fbc7d11-27fe-44ed-adb3-604fe008c2e1,emmanuel-paul-fernandez,Emmanuel Paul Fernandez,queued,
5f437c27-0228-4484-8b36-23810da6e11c,emmanuel-quinones,Emmanuel Quinones,queued,
4a2b5286-59d5-4005-8aef-1e39d0588c96,emmett-brown,Emmett Brown,queued,
613c5740-104b-4891-bd6b-48056bbdd021,emmett-calvin-brown,Emmett Calvin Brown,queued,
25de248e-9ad1-4d93-a9a8-04ac05ec6b4d,enaam-m-arnaout,Enaam M. Arnaout,queued,
5fe13456-8734-4bd5-b270-ccae80219d60,encarnacion-diaz-guerra,Encarnación Díaz Guerra,queued,
732fe499-ba81-4c1b-a911-dad974268081,eno-r-larson,Eno R. Larson,queued,
8d9fd8ce-e33b-41a5-93d5-11e50ca5f17b,enoch-reed,Enoch Reed,queued,
dfdcca71-2e95-4a34-8255-81edeca4618d,enos-melvin-hooley,Enos Melvin Hooley,queued,
8c383d21-0f98-4cef-b4f0-d2339744a402,enos-n-hooley,Enos N. Hooley,queued,
f4c3e42b-1d0f-420f-8f63-afc87a9db110,enrique-medina-fernandez,Enrique Medina Fernandez,queued,
ae94bc61-f7fa-445e-abb7-15ea123fd608,enrique-soto,Enrique Soto,queued,
cd716279-d51d-4902-b221-8f42156e876a,enten-eller,Enten Eller,queued,
8a41f7e9-3ffa-44db-98ab-85b1db46b5c7,erasmo-velazquez,Erasmo Velázquez,queued,
59324414-0e8f-489a-b053-0aff3a0b18b0,eric-jackson,Eric Jackson,queued,
eea58a74-915b-4259-aef2-f6ec1c66b2b0,eric-johnson,Eric Johnson,queued,
ba527872-7a25-4503-a3fd-ce1bd8182982,eric-ostrom,Eric Ostrom,queued,
87ff4a27-ce34-4f31-9f35-60d08a6f4811,eric-reinthaler,Eric Reinthaler,queued,
bb45e8b3-c006-456a-bbe7-0d691a0db109,eric-robison,Eric Robison,queued,
a956f8ea-c72c-4911-be90-3778d036b4f7,eric-rungnar-platin,Eric Rungnar Platin,queued,
26939cdd-ec8d-4a65-bc8d-72a6286b8e9f,eric-thompson,Eric Thompson,queued,
21ba0588-b77d-445f-98b0-cb2677fb543c,eric-wildcat-hall,Eric Wildcat Hall,queued,
2110b4b4-829e-4570-9f0d-f8a4799aa27e,erica-bouza,Erica Bouza,queued,
8323dee9-ae37-4ff0-9684-2719e3954e6f,erica-enzer,Erica Enzer,queued,
5f38fead-5449-4008-9fa5-359cde732764,erich-becker,Erich Becker,queued,
d084e048-a48c-4b4f-849d-f1abceea15a6,erick-wotulo,Erick Wotulo,queued,
c415fcb7-bd9a-4899-b21b-d4a77d5d0166,erik-johnson,Erik Johnson,queued,
824a46fe-27b5-49cb-b925-9122a7455f30,erik-oseland,Erik Oseland,queued,
46bf9bb1-1851-4263-9944-6a49b8c93f2d,erin-sieber,Erin Sieber,queued,
faab1394-e5b7-4d07-b09a-8bb643bc0de8,erle-blokel,Erle Blokel,queued,
2c60c5e5-060c-4fc4-bd22-062ad517a415,erling-lunde,Erling Lunde,queued,
cef7df52-01ed-48a8-ac43-b792b15542e2,erminso-cuevas-cabrera,Erminso Cuevas Cabrera,queued,
2bd565de-ab94-450a-b3af-637e43158312,ernest-a-stephens,Ernest A. Stephens,queued,
7bbb60e1-8928-45e1-9262-d3ef10567183,ernest-d-wells,Ernest D. Wells,queued,
132d1509-aba9-400e-a263-5a3761f5b66a,ernest-emil-albert-heitmiller,Ernest Emil Albert Heitmiller,queued,
6447bab4-6799-4fd9-a0d0-765095be99c1,ernest-erickson,Ernest Erickson,queued,
52073399-c57d-41d3-9cce-0c86fd485bc4,ernest-fox,Ernest Fox,queued,
a05e55ad-8991-4f43-b668-19ea9e691d10,ernest-gellert,Ernest Gellert,queued,
807092c8-1fab-4692-b747-d22f4e94d489,ernest-giuliani,Ernest Giuliani,queued,
4b3388a3-2576-4471-ab15-fd70a596b92b,ernest-hartzler-miller,Ernest Hartzler Miller,queued,
f3eb34cc-22aa-4bf9-9076-735686f1a554,ernest-henning,Ernest Henning,queued,
d5ca2bfd-9bb9-418c-b656-675cc0a8f191,ernest-honeywell,Ernest Honeywell,queued,
692d7741-d349-4bfc-8d95-d21df6b48e0e,ernest-louis-meyer,Ernest Louis Meyer,queued,
993dba81-af32-4ff1-8bfd-5c6963dfd544,ernest-mcqueen,Ernest McQueen,queued,
847296e5-98c8-4983-b22e-1b87ae247e12,ernest-meier,Ernest Meier,queued,
057a417f-dab3-4675-9242-29bf72e341c8,ernest-mullins,Ernest Mullins,queued,
ffda73c2-b0ef-4451-94f1-4d43e1645108,ernest-palmer,Ernest Palmer,queued,
b9d0f8b4-3960-4daa-a4ce-b66ac97e5dd9,ernest-ramsay,Ernest Ramsay,queued,
cbd7a3e9-55f5-4bee-8a54-19726fa18f89,ernest-t-carl-laub,Ernest T. Carl Laub,queued,
2600362f-a46c-4f52-b83e-518e629feab7,ernest-velasquez,Ernest Velasquez,queued,
18ecd931-8524-4c35-bc00-18f9e7da0c0d,ernestina-fleischman,Ernestina Fleischman,queued,
16a7a004-297d-434c-9cc1-878103194782,ernesto-mangaoang,Ernesto Mangaoang,queued,
a78a0e43-8796-470c-a568-d6df172760e2,ernesto-pena-carambot,Ernesto Peña Carambot,queued,
27ca1b3f-fe95-47e2-8cb3-08e3fc2b654b,ernesto-rodriguez,Ernesto Rodriguez,queued,
47adb430-1138-4a40-8542-5512830903e6,ernesto-wilson,Ernesto Wilson,queued,
1b1211ea-ffd9-4507-9823-57f8251b9ba0,erofey-okoletenko,Erofey Okoletenko,queued,
bffe44d6-fae3-44a1-8252-2b06a8086d11,eroseanna-robinson,Eroseanna Robinson,queued,
3fb882fe-2c15-41a6-baea-f8fc2e4b15fd,errick-steven-toa,Errick Steven Toa,queued,
79dcec94-93e5-476a-b9cd-4fc22d6b8df7,ervin-edwards,Ervin Edwards,queued,
2441c551-b49a-4036-85b7-6da3e03af4f9,erwin-schwaer,Erwin Schwaer,queued,
0fa98738-65eb-436c-a333-f0a16e1d06e8,eryn-trimmer,Eryn Trimmer,queued,
ba837e78-f151-415b-985c-b5fb91cd81ee,esiquio-navarro,Esiquio Navarro,queued,
080e4c0f-bcc4-42aa-963b-a7c6157ab12a,esmond-adams,Esmond Adams,queued,
6e109798-78b7-47ed-9100-f5b9a1d0f39c,essex-smith,Essex Smith,queued,
97a77b75-2408-4bf5-91d9-9b3e77e8ed71,estafy-sulavka,Estafy Sulavka,queued,
e2196dc2-7008-48d8-96cb-a084c75e5011,estella-eylward,Estella Eylward,queued,
4c8eaa27-aff1-43dc-b654-8474634298a6,esther-karpiloff,Esther Karpiloff,queued,
b8643303-f3bd-4590-a6f4-2f9364de9e28,esther-sazer,Esther Sazer,queued,
2f39127d-a2b3-40c5-8893-52c6366a1efa,ethel-dell,Ethel Dell,queued,
4b94da5e-6c6f-48c0-a418-1e2b6edc5434,ethel-linn,Ethel Linn,queued,
198227d2-21e1-46d1-9efa-d4a9aafbabef,ethel-sawyer,Ethel Sawyer,queued,
933fbc16-40b8-42ee-8a14-ba60e023da47,eugene-brunner,Eugene Brunner,queued,
02fcaec1-c829-411f-90c4-b37e20a31aea,eugene-debs,Eugene Debs,prepared_batch259,Verified portrait prepared; deployment not yet confirmed.
9e10080a-0a31-42b5-b6b1-87e926049f0d,eugene-dixon,Eugene Dixon,queued,
7a590b88-ed20-4287-bff8-c5ab82a65636,eugene-e-osullivan,Eugene E. O'Sullivan,queued,
11314498-dfcf-47bb-b8c0-cae71b821c01,eugene-huelsman,Eugene Huelsman,queued,
15e3fbd5-5942-4f20-9541-88fd33f95e6b,eugene-levin,Eugene Levin,queued,
9bc75051-c3cd-4135-8659-1829b0118d38,eugene-moy,Eugene Moy,queued,
7132f51f-8c17-4cca-8f90-b452b3580d97,eugene-poulnot,Eugene Poulnot,queued,
38e24ab7-c778-417a-a0c0-85ebf80a0977,eugene-williams,Eugene Williams,queued,
900582ae-22f9-4625-b08c-a23c120e26f9,eugenio-cuebas-arbona,Eugenio Cuebas Arbona,queued,
f924b3d8-d0f5-47c4-8a28-fab275d10e8d,eulie-jessie,Eulie Jessie,queued,
c359ee7d-0f50-499e-803c-8da0f0881054,eunice-huff,Eunice Huff,queued,
c6b46092-31cc-4bdb-9633-11d5a3ea6fb2,eva-kutas,Eva Kutas,queued,
8c6acbb7-dfdb-4a5b-9d45-367809f2f007,eva-rose-holland,Eva Rose Holland,queued,
c3dacff8-29fd-46cc-80e3-8babb40924d7,eva-weaver,Eva Weaver,queued,
d1ca9922-4a33-4607-82ff-6229a7dceb5b,evan-kirk-duke,Evan Kirk Duke,queued,
4ed341ea-be58-4bdb-97db-9b1cbca64cae,evan-welling-thomas,Evan Welling Thomas,queued,
86743277-fe77-417d-93b3-c9ce27f7d12c,evdokin-sergeychik,Evdokin Sergeychik,queued,
90614d12-86a5-40f6-a181-7cac3fd30cb5,everett-carlson,Everett Carlson,queued,
9529cc97-213f-490f-9131-f236a103c3df,everett-g-engelin,Everett G. Engelin,queued,
56a7c34e-0233-422f-8578-1035902029b7,everett-r-fisher,Everett R. Fisher,queued,
3baf02ba-b0fc-42d6-b7fe-90df8974f8ea,evgraf-kovalenko,Evgraf Kovalenko,queued,
0f80f5ef-e986-4cad-9e1d-48e2f77c46d2,ezra-e-barnhart,Ezra E. Barnhart,queued,
62818654-d4fa-4fd9-896b-37b3c811e317,f-a-brown,F. A. Brown,queued,
5c8b2212-89ac-4a2d-b64b-f5afbe17204c,f-c-myer,F. C. Myer,queued,
1e222f2e-07c6-45a1-a746-33853f570701,f-clark,F. Clark,queued,
75570705-3368-480f-a5d8-85bcfbcc8dd0,f-emily-semple,F. Emily Semple,queued,
b8f9c805-0d54-4286-ad1a-fa018686ed5f,f-f-wren,F. F. Wren,queued,
ae48b87c-87c8-4d54-8f46-874a1de3f843,f-g-sampson,F. G. Sampson,queued,
41505d86-c172-45c9-842c-907f4dc58fdc,f-j-mielke,F. J. Mielke,queued,
f11daabf-c0e5-441c-8309-73c934f4fc59,f-l-galleher,F. L. Galleher,queued,
80422577-b9e4-450d-baef-e69bacf8e646,f-m-bratcher,F. M. Bratcher,queued,
c8b7d680-f219-48ed-94a1-7717be9b8c73,f-m-darby,F. M. Darby,queued,
254028dd-91a7-4c80-8957-0838c6477e40,f-nuergard,F. Nuergard,queued,
9501c82b-62ce-4733-b192-32fe2aebf645,f-varella,F. Varella,queued,
96163a8e-d716-4052-9a96-33a01f2c27b0,fk-boles,F.K. Boles,queued,
320b0b85-f483-40ec-a37a-cd628f63aba9,fannie-aderhold,Fannie Aderhold,queued,
6ef55197-6acd-4be5-9780-8f7bf10b7d4b,faras-kravchuk,Faras Kravchuk,queued,
584018db-399c-4a0b-86cd-74837b1b6d76,faraz-martin-talab,Faraz Martin Talab,queued,
cdbd5d92-53c6-480a-a427-6053ab06f445,farouk-abdel-muhti,Farouk Abdel-Muhti,queued,
7e8c2d32-24da-43fd-88c9-cc306b7412f8,faustino-adiarte,Faustino Adiarte,queued,
c4cafe98-2a81-4154-992c-d9acb5089d9d,faye-brown,Faye Brown,queued,
304d8b9b-c5c2-40ec-9343-a017b6d2b060,federico-arizmendez,Federico Arizméndez,queued,
9ab873ee-b164-4898-b78c-bd299d7fe24d,federico-cintron-fiallo,Federico Cintrón-Fiallo,queued,
67892cff-8fc6-48a3-b174-dfc8caad1f2b,fedor-antonchick,Fedor Antonchick,queued,
7b45fdc2-eec6-457a-922e-596dcd72380b,fedor-biacharsky,Fedor Biacharsky,queued,
324e241d-5d39-43ee-9930-54ecf6a23520,fedor-buhay,Fedor Buhay,queued,
312e6d0a-67b5-4e3b-a7d9-5d6ff12941f2,fedor-kovalchuk,Fedor Kovalchuk,queued,
88bfb771-3bd6-4701-b9c0-2d552560fa75,fedor-kovalevich,Fedor Kovalevich,queued,
5b57bcb4-8dfd-4e3e-bbcb-d2af5a198f74,fedor-proshkovich,Fedor Proshkovich,queued,
a372f805-b44e-4220-b8f7-0420339d433e,fedor-solenki,Fedor Solenki,queued,
e1b5641c-9da6-492a-818d-3e551897ea70,fedor-zatsarinin,Fedor Zatsarinin,queued,
efff1fa7-ca20-4247-b17f-0d109adecb77,felice-cohen-joppa,Felice Cohen-Joppa,research_pending,Initial encyclopedia image-index search completed; no verified portrait selected. Broader research remains.
07b36a35-83b3-458f-9baf-44ad818714e2,felicita-cotto,Felicita Cotto,queued,
1d9423f4-3f14-4215-9946-4b311d575d55,felip-krishtepowich,Felip Krishtepowich,queued,
917f9659-5e14-44d5-9df3-ac6ae6e64888,felix-cedene,Felix Cedene,queued,
82de25b0-7543-4c1e-99c8-ecc9f9fcd685,felix-cedino,Felix Cedino,queued,
5ede7ff8-6de8-4e35-9d89-55f78ec13843,felix-missael-alva,Felix Missael Alva,queued,
84a473f2-c7d4-4a03-aa50-e766c1fe67d6,felix-morrow,Felix Morrow,queued,
08de465e-31fd-4311-8c40-8b3e16ec5166,felton-davis,Felton Davis,queued,
018bc729-8fa7-49c6-b527-c4dde003600a,feodor-fedorevich-wren,Feodor Fedorevich Wren,queued,
0f80c81e-31c7-4cef-a081-2aced5ea0f38,feodor-korini,Feodor Korini,queued,
74264339-a83b-4444-93df-6055e9b219b3,feodor-michkov,Feodor Michkov,queued,
4c41a371-5c9a-43c9-a198-9536528f5097,feodor-pasiuk,Feodor Pasiuk,queued,
1afe9b49-578b-4a6f-b061-2df99e0c9678,feodor-semenchuk,Feodor Semenchuk,queued,
bd7c5f3a-10bf-4a7a-af5a-82c6dc7b7ead,feodosiy-kovalenko,Feodosiy Kovalenko,queued,
ab24734e-2b67-4d41-9b82-74f1020627de,feofan-stavishuk,Feofan Stavishuk,queued,
74587c3b-d737-46c9-8610-2b20590654ae,fernando-robert-ed,Fernando Robert Ed,queued,
08c706be-3c8c-4993-a636-565079170f90,festus-coleman,Festus Coleman,queued,
ad4088ed-87d8-48ba-b6f1-aaa2e32a5d6e,fidelis-moscinski,Fidelis Moscinski,queued,
c56f887a-4bee-4c63-9dd4-c95f8577a78e,filimon-matera,Filimon Matera,queued,
3d963932-b3e4-4b06-92d9-577825e0e58e,filip-volkov,Filip Volkov,queued,
74b3a54f-aca0-43a8-890d-c35937346825,filipina-narciso,Filipina Narciso,queued,
20068516-2510-492b-a9f9-44b462994609,filippo-salamone,Filippo Salamone,queued,
332d0531-db13-4958-b497-c65784990f7c,fleming-jordan,Fleming Jordan,queued,
2f46b2a9-e21e-4a31-8ee8-484023191462,fleming-mize,Fleming Mize,queued,
770b6bb5-c685-4ab6-aa3b-a35630b12ea6,florence-blalock,Florence Blalock,queued,
a55a619a-6d0b-4865-8657-0ca041173af1,florencio-castro,Florencio Castro,queued,
accab81f-6c3d-4a07-9236-415d4e526b5b,florencio-romero,Florencio Romero,queued,
059a7ac7-27a9-45ac-880e-20c2dc0af045,floyd-bartlett,Floyd Bartlett,queued,
5b696c95-c0d4-49e8-9005-55c1bc7f7816,floyd-booth,Floyd Booth,queued,
e4617aad-13ef-4742-85bc-709f8bdbb1f3,floyd-murphy,Floyd Murphy,queued,
5e6b85fd-6cfe-4a84-84fe-3f93443ae820,floyd-ramp,Floyd Ramp,queued,
f2560a82-143b-402b-bd84-64fa203727a5,floyd-tyson,Floyd Tyson,queued,
c761edfb-5582-4763-b363-da12e881a1e3,floyd-w-pearson,Floyd W. Pearson,queued,
1fa5377e-78d5-435e-8b04-4aafd9c523c4,foma-koval,Foma Koval,queued,
14eb17b4-c966-42df-b02d-23286af3bd9a,foma-turka,Foma Turka,queued,
fd06ebab-8eaa-46a5-ba49-8cdf2adf637d,forest-jordan,Forest Jordan,queued,
52b1fa55-183c-4077-a50e-1cd643a1e340,forrest-blade,Forrest Blade,queued,
07d5dea7-000d-416c-b1d5-6df0b98a8a59,forrest-edwards,Forrest Edwards,queued,
3744fa28-a039-4214-b270-f665531ba2b1,forrest-hostetler,Forrest Hostetler,queued,
77457ac6-41ad-467a-bad0-2f42abb520ff,forrest-jackson,Forrest Jackson,queued,
ba007454-efb5-4b95-8f92-e25247cb3b89,fr-chris-ponnet,Fr. Chris Ponnet,queued,
18422cbb-f533-42b9-89de-8d7a31563e5d,fr-jim-hynes,Fr. Jim Hynes,queued,
65d23dcb-8373-465b-b75f-7a7c5d12f258,fr-lee-young-chan,Fr. Lee Young-Chan,queued,
43aaaf82-e038-44dd-89f4-593ab07f6a1d,frances-carter,Frances Carter,queued,
cbf3aa79-67f2-46a9-b2f4-d4b27a5f8150,frances-guzman-lago,Frances Guzman Lago,queued,
db7a19df-d472-4a9c-8e14-2d8f83bd0075,frances-hart,Frances Hart,queued,
609d36f9-5839-422f-9ea0-3691cdf76f8e,frances-romero,Frances Romero,queued,
dd7672f6-816f-4447-8e18-2102883fae04,francis-a-richardson,Francis A. Richardson,queued,
4f099fe3-5e5f-4366-a724-997b0979bad2,francis-b-callahan,Francis B. Callahan,queued,
4a47ff5a-ce71-49a9-95f7-1705a88a4d9f,francis-desales-grayson,Francis DeSales Grayson,queued,
39508abd-d100-481f-9199-bd3c95395ff7,francis-donnelly,Francis Donnelly,queued,
13b01b0e-2c2e-4187-a850-1dd96ee51cea,francis-e-mcclennigan,Francis E. McClennigan,queued,
fa04c2ff-aab3-4580-b3a8-15422a26e4a0,francis-fowler,Francis Fowler,queued,
0b13021c-87d4-4dab-a8f9-795514dae2f3,francis-j-nash,Francis J. Nash,queued,
6d37d870-e3b5-41b2-9c78-ca79d7649946,francis-kroncke,Francis Kroncke,queued,
774fba23-7220-4c6e-b8a3-c0b425cadaa9,francis-mel-madden,Francis Mel Madden,queued,
65e5fa95-71b2-4bf4-825b-80042ba4ea32,francis-oconnor,Francis O'Connor,queued,
ff462323-c10a-4683-a1f1-53a9f29dbdf7,francis-steiner,Francis Steiner,queued,
4879f6ae-6346-4f5e-be0c-cf9c7ae34eac,francis-woolever,Francis Woolever,queued,
7c5a3263-d2df-4794-8204-0e40e0cdf756,francis-x-hennessey,Francis X. Hennessey,queued,
3853b318-4531-4fb2-9afc-324d4479d176,francis-x-schilling,Francis X. Schilling,queued,
2b1ba59b-8414-4ae4-8091-125e00eb6230,francisca-vasquez,Francisca Vasquez,queued,
d3405436-7531-4915-8256-094847e94c5b,francisco-bartolomei-crespo,Francisco Bartolomei Crespo,queued,
6f47f6d7-41b5-4344-8d7b-5b9a5f7b10b7,francisco-baez,Francisco Báez,queued,
f217c7f7-4b0d-443e-8b34-e1502f84b025,francisco-carreon,Francisco Carreón,queued,
59e7d013-6afa-4f63-9d3b-4dc00c2233ed,francisco-javier-gonzalez,Francisco Javier González,queued,
8d106586-0fb3-4869-85b9-320422bcf171,francisco-jiminez,Francisco Jiminez,queued,
a36621a2-2b34-42b5-87a9-4ac16eb9e5b2,francisco-joseph-arcila-ramirez,Francisco Joseph Arcila Ramirez,queued,
a9951ec2-6559-4c20-bd91-72c670403a2c,francisco-perez,Francisco Pérez,queued,
44b12682-2821-4fe1-bef7-f4ce4dba8b22,francisco-sainz,Francisco Sainz,queued,
99abdd13-22f7-4695-a341-bcabd59619f1,francisco-vega,Francisco Vega,queued,
fb43c110-f600-499c-b053-6b9d05fb9f9c,frank-a-feldman,Frank A. Feldman,queued,
b563af41-486b-45f2-9472-0d54cbcfd97e,frank-a-feldnutn,Frank A. Feldnutn,queued,
7dc874fd-b76f-4077-9044-1eff20b96932,frank-a-novenad,Frank A. Novenad,queued,
2a787459-2280-4f3d-ad19-be52706c4d87,frank-a-price,Frank A. Price,queued,
ec3b97a8-017a-44c7-a2de-a3b90edc9d94,frank-ambrose,Frank Ambrose,queued,
5bac7632-0821-40ac-add9-94db843bca0d,frank-augusto,Frank Augusto,queued,
62c14e4e-b92c-40f0-91e1-82ba91dc49f4,frank-bodo,Frank Bodo,queued,
b263e924-4f62-4ed2-91b5-87ae045c9004,frank-brbot,Frank Brbot,queued,
fb96a3a2-73b1-4154-bd06-efe03e891b98,frank-brodya,Frank Brodya,queued,
328ccacb-8725-4cb7-a2f0-4e04cf386db5,frank-burke,Frank Burke,queued,
2833b0bc-3b07-41d3-b1b6-4fba1d4c08b2,frank-carlson,Frank Carlson,queued,
edd9f0f8-66cd-49aa-b33c-4cf6483a6ddd,frank-carone,Frank Carone,queued,
2e70282b-edf2-402d-9ab5-64ab5813c4b2,frank-collier,Frank Collier,queued,
707452db-f282-4d27-a725-3a8a689120d6,frank-conner,Frank Conner,queued,
440349a4-7041-4a14-b578-cb1a61630f85,frank-corbishley,Frank Corbishley,queued,
837f7c17-197c-44ad-b8c0-0278f9472909,frank-cox,Frank Cox,queued,
d4e7f057-31d8-4afb-a9d1-d75a3c1f41a9,frank-diarkovsky,Frank Diarkovsky,queued,
d4c36774-79f4-42bd-9c8d-233c81348e87,frank-emerson-harris,Frank Emerson Harris,queued,
e3f27ad1-124f-4f26-ae63-d8f11ee2668d,frank-emi,Frank Emi,queued,
01902f25-f962-495e-ad95-e94ec657e706,frank-fitzgerald,Frank Fitzgerald,queued,
b05bc320-b224-4448-9fa0-d9620de895f8,frank-fleury,Frank Fleury,queued,
f3eb91e5-0fbe-4e41-b7a2-2897b830a2bf,frank-gaskins,Frank Gaskins,queued,
8236f2c8-283b-43a4-8d33-7bf21da4100d,frank-geizler,Frank Geizler,queued,
1eb76329-9f72-4155-905c-aca2c5de944b,frank-gerney,Frank Gerney,queued,
d644eff1-8381-4bba-8cfd-264b1877afd0,frank-godlasky,Frank Godlasky,queued,
7c623ad2-874e-40bd-bd32-ef94db58768e,frank-goodall,Frank Goodall,queued,
d317e68e-7a2a-4d35-8894-d034f0dd67d8,frank-grady,Frank Grady,queued,
4f0371e9-ef4a-42f2-9225-8d732345e6ec,frank-grubl,Frank Grubl,queued,
23299302-e88c-4885-a6c3-ed8ad19c2503,frank-grumman,Frank Grumman,queued,
34191262-c0f5-4a95-b031-6aad69661986,frank-guido,Frank Guido,queued,
fb08608f-b1d1-4f19-ba71-d36b65a574ee,frank-hairston-jr,Frank Hairston Jr.,queued,
66db390f-726c-4e47-97d5-fd04c5f6de02,frank-hashmall,Frank Hashmall,queued,
efcacf5e-0fca-4e79-bdda-5f6ae4bd27df,frank-hestings,Frank Hestings,queued,
e2458f02-7799-4f4b-8d29-0c0b28e67d39,frank-hicks,Frank Hicks,queued,
59932b13-f178-492c-b911-0dfa1b429f71,frank-hockbarth,Frank Hockbarth,queued,
c0351098-7584-45dc-93c1-959152f31d5c,frank-huff,Frank Huff,queued,
4142fd32-5057-428b-80e7-724558872d63,frank-j-buck,Frank J. Buck,queued,
ac84eecc-9844-411a-a667-3b162ccc6675,frank-j-howenstine,Frank J. Howenstine,queued,
15df3a5d-5030-4c3f-afc5-6aa597b2eddb,frank-johnson,Frank Johnson,queued,
7088b30c-24bc-40d9-8e3b-e329929a6f66,frank-klassen,Frank Klassen,queued,
6e6c8af2-996d-4101-ab73-b50c4cedb728,frank-knapp,Frank Knapp,queued,
3218cb77-5fac-48bc-afbb-f1cacf45c154,frank-l-palmer,Frank L. Palmer,research_pending,Initial encyclopedia image-index search completed; no verified portrait selected. Broader research remains.
5c3a8fdc-d80d-4781-a12e-cb9b17f49133,frank-little,Frank Little,queued,
dcba22dd-8826-4770-a8f9-6f335f380f4a,frank-miller,Frank Miller,queued,
7447b7ba-bb42-4235-98a3-3387b4262198,frank-minnick,Frank Minnick,queued,
0145b819-ca8d-4a4d-83a4-da53e1393125,frank-monparler,Frank Monparler,queued,
0a1aa738-4275-4a67-bbde-66ca8178f5ac,frank-moore,Frank Moore,queued,
2f7c58ca-9e53-4b85-9299-948ad76b0dcf,frank-moran,Frank Moran,queued,
939baf09-2e4c-477e-9d7c-7be777d230ba,frank-moser,Frank Moser,queued,
6e46304c-24f2-47c4-8c1e-9eedc4b3a2f0,frank-mucci,Frank Mucci,queued,
10e46bd9-1d9b-4e5d-a309-1a2771be372c,frank-nikolaev,Frank Nikolaev,queued,
01a8141d-a553-46e0-a05d-5fb3d6efe414,frank-nubin,Frank Nubin,queued,
7c59b309-ba49-4609-a950-7a5486b79035,frank-panopoulos,Frank Panopoulos,queued,
fdc20c2b-181f-40e0-b4ea-fd93c41593eb,frank-patton,Frank Patton,queued,
f7fd7e59-e0b4-4715-bc4c-d4fc936f95e6,frank-prego,Frank Prego,queued,
daa13bdf-adbe-4d68-9674-50c6f949607d,frank-reilly,Frank Reilly,queued,
6c7df79c-4f95-4b44-a078-a27767adfccd,frank-rosetta,Frank Rosetta,queued,
01f84102-8c04-4a5b-9824-84b88531b7e5,frank-royer,Frank Royer,queued,
c4233e0e-652f-42b1-939c-193fda09ea34,frank-scruggs,Frank Scruggs,queued,
c4debc7b-c8f5-4121-9c71-d96ad295389f,frank-shaffer,Frank Shaffer,queued,
93a96ba7-4d0e-4f7d-b26e-8830b9bccd27,frank-sherman,Frank Sherman,queued,
4028910b-1aa2-4485-82db-d6b3facbe2aa,frank-shuford,Frank Shuford,queued,
d4880162-7530-4c9a-8171-b8c9203cb7a8,frank-smith,Frank Smith,queued,
83b96aec-b37d-4d68-b47d-d02a73a5b56b,frank-stanley,Frank Stanley,queued,
00c09506-9cb2-4033-a62e-4d8460f5bcbc,frank-strand,Frank Strand,queued,
0d950a85-ebce-448c-a6b0-e0687b4b6f16,frank-suchaczewski,Frank Suchaczewski,queued,
5351c89c-272c-4e16-92f1-f9d6d79a836c,frank-t-grady,Frank T. Grady,queued,
8050d40d-3272-4ad2-a126-8b88bde8641d,frank-travis,Frank Travis,queued,
ea1fd648-948a-406e-ad1d-ae08e9dd87f8,frank-wensil,Frank Wensil,queued,
8917906d-1cd9-4d84-ae04-443a901c5b2e,frank-westerlund,Frank Westerlund,queued,
6da06ebf-bd12-4799-a7c8-03c4191773d1,frank-x-moore,Frank X. Moore,queued,
a1ffb6f9-16d7-4ea3-885a-b63463daf205,franklin-s-berry,Franklin S. Berry,queued,
69c9885b-816e-4413-afb1-8a7746128091,franqui-francisco-flores-de-freitas,Franqui Francisco Flores de Freitas,queued,
f51ce11c-ba89-47f5-822b-5a37431415be,franz-j-feinler,Franz J. Feinler,queued,
061e7ce2-8585-453b-a2fc-e6e8b28e9a5e,fred-arndt,Fred Arndt,queued,
1be3ab24-1237-47e9-b4c0-dcfa1cc7b467,fred-baker,Fred Baker,queued,
ecd04397-3a63-486b-afb5-14fe6efd60f6,fred-bamman,Fred Bamman,queued,
85f2105e-bf2c-4f1b-b9e4-ba4d2316ea5a,fred-barreras,Fred Barreras,queued,
26c98038-15ae-400d-8c73-d86de61fb062,fred-bassett,Fred Bassett,queued,
61214bfb-cca1-4278-a3dd-4cb291f29941,fred-bell,Fred Bell,queued,
9ba8ca84-7312-4e16-b04e-c5dccd36f8d0,fred-bergeman,Fred Bergeman,queued,
86636cf8-50cd-4019-bfaf-94fc997bb260,fred-berman,Fred Berman,queued,
bb730eca-02d2-4a88-b742-627fe910c120,fred-biedenkapp,Fred Biedenkapp,queued,
e55bd8de-c43a-4d1d-aa8d-66b93828b2ee,fred-bisdorf,Fred Bisdorf,queued,
089fbc91-53b8-433c-9c37-3c35b37b9dcc,fred-bockman,Fred Bockman,queued,
634d02fb-3394-407a-a878-0c28f2077920,fred-burback,Fred Burback,queued,
69832058-bf3d-4f8d-a8ee-c25be258b69a,fred-cammer,Fred Cammer,queued,
eb81f43e-fab5-4533-b3c3-de1fd1384053,fred-chase,Fred Chase,queued,
40c55430-b8a9-43da-b0b4-20fba893fe64,fred-davis,Fred Davis,queued,
b243ca47-7709-4471-b773-35124b93f90e,fred-esser,Fred Esser,queued,
9d605c27-f385-41a4-acad-1488443773cd,fred-evanov,Fred Evanov,queued,
0e89c4bb-abc1-483a-9f90-655ee48c18d2,fred-f-butz,Fred F. Butz,queued,
41771dd0-79da-4862-8ca0-d527e8aa3862,fred-firestone,Fred Firestone,queued,
ea076159-3a59-4378-ad82-fc6b25d855b1,fred-g-schmidt,Fred G. Schmidt,queued,
86150023-b840-4a1c-ba86-5a38b403d935,fred-gazeyog,Fred Gazeyog,queued,
9750b753-c4dc-4007-99cb-3f4a2b515f93,fred-grau,Fred Grau,queued,
c29b2f38-c9c5-490a-b9b5-c3ec269c193b,fred-h-robinson,Fred H. Robinson,queued,
56f05a7c-85e6-4e0d-bea1-fdd706af9036,fred-h-robison,Fred H. Robison,queued,
26172553-1e1e-4269-9ea8-10ff53c62b23,fred-haug,Fred Haug,queued,
fff50a3c-ef35-4abf-b728-782ed1b9b749,fred-j-mccord,Fred J. McCord,queued,
81fc594c-2b10-45b0-bbe8-fde5d0231700,fred-j-muhlke,Fred J. Muhlke,queued,
fc8c1474-57fe-4085-8823-05cda2a8467e,fred-jaakkola,Fred Jaakkola,queued,
d321567f-e6bd-4a13-b871-eb7611652770,fred-jerger,Fred Jerger,queued,
2b1f2fb0-d559-4791-8e6c-a1695c7f8f82,fred-kirkwood,Fred Kirkwood,queued,
536787e4-08f4-43cf-9e5a-4319ce09c9ee,fred-lowery,Fred Lowery,queued,
5a8fd343-e5b3-4ef3-ac17-699dd3b9e650,fred-masson,Fred Masson,queued,
b74c7cd8-3097-4771-a643-18f48cb5ae03,fred-mcmahan,Fred McMahan,queued,
dabd7968-aef6-42ef-a97c-ee1e7ec94028,fred-merchawk,Fred Merchawk,queued,
f2fa3ba7-fd1a-444c-ae18-03e73df788cc,fred-mermon,Fred Mermon,queued,
217d4afa-1b45-4b8f-8ebf-fc873a23b9eb,fred-mindinger,Fred Mindinger,queued,
f5584394-210a-4903-abcf-e15e003cbbe3,fred-morgan,Fred Morgan,queued,
2547773e-876c-496c-a5f6-928bcb48b3e6,fred-nelson,Fred Nelson,queued,
02367fdb-6155-44c4-a367-213f72bc7513,fred-penick,Fred Penick,queued,
2923f8c8-e124-4c0c-9ca2-4866fef00457,fred-povik,Fred Povik,queued,
88ce0dd4-0c14-4d0c-94bf-c446a97983e5,fred-powers,Fred Powers,queued,
a233dfd7-470f-4ba2-98e4-c0e71857bc27,fred-shearer,Fred Shearer,queued,
cda4cd5c-c2c4-4e87-ad66-f80846d48ef1,fred-sholuh,Fred Sholuh,queued,
f6d764c3-8194-4cea-bb3d-a9b6601510f0,fred-shuttlesworth-jr,Fred Shuttlesworth Jr.,queued,
35ff6021-0960-46eb-95fd-e4a488169bbe,fred-steadman,Fred Steadman,queued,
a05b7c83-9963-4328-99ab-ba7cb36baeca,fred-suttle,Fred Suttle,queued,
1d82058d-ef50-4285-863e-ca6bc0e03c42,fred-w-thompson,Fred W. Thompson,queued,
b9c1419a-1dbc-4ea5-93fc-2f652ad89be7,fred-walker,Fred Walker,queued,
221de710-2d40-49ee-a936-72aec8340efe,fred-werrmann,Fred Werrmann,queued,
f8eb2268-1841-4b57-87ad-35438edb02e9,fred-yarovoy,Fred Yarovoy,queued,
a3f1d6e6-5055-4b82-9e9e-adb6bba78fda,freddie-morrow,Freddie Morrow,queued,
d270886b-e21f-465b-b5db-f0495a3e3ccb,freddie-pitts,Freddie Pitts,queued,
3fa2b09e-c547-4093-9868-6a28a78ccaf3,frederick-baker,Frederick Baker,queued,
60912edb-2411-4236-bba6-d66d728fb398,frederick-beijerbach,Frederick Beijerbach,queued,
4214bf05-82b1-47ce-82af-a8bc6f3391cb,frederick-briehl,Frederick Briehl,queued,
9ddeba02-4a9d-4404-8b8d-8e77f598a565,frederick-esmond,Frederick Esmond,queued,
6e4bca05-1ded-4dd8-9414-a93d77247843,frederick-heaney,Frederick Heaney,queued,
ab4153cb-708c-4631-b38a-eb1a506d7bc0,frederick-o-balcom,Frederick O. Balcom,queued,
8d19f850-2aee-41db-8599-b4c58e83b7c4,frederick-sumner-boyd,Frederick Sumner Boyd,queued,
c2d5f8e7-7e69-44f3-bc78-5c9f85b1267d,frederick-urban,Frederick Urban,queued,
5d62e411-f7b3-4698-9f94-d20c37007c05,frederick-w-leighton,Frederick W. Leighton,queued,
341aa736-4386-476a-8cfa-2f9fc8eab8d3,frederick-william-bischoff,Frederick William Bischoff,queued,
be77a221-fa14-4504-a420-4cc4aac93bd3,frederick-wm-maier,Frederick Wm Maier,queued,
58e26f75-798a-4ef5-997c-aa1a72246376,fredrick-brancel,Fredrick Brancel,queued,
54c342b0-9767-4a27-be5c-5b605faabd2f,freeman-thompson,Freeman Thompson,queued,
670e4046-9d65-46b9-9ef0-9ec46c5dc09f,frieda-katz,Frieda Katz,queued,
664cfe27-ea24-4c40-9a3b-b243f059f801,frits-ter-kuile,Frits ter Kuile,queued,
24983c1c-ccc0-42ad-9fc2-9d1218983fd0,fritz-stepanovitch,Fritz Stepanovitch,queued,
5711a650-65df-4ef0-9763-9c323d097eba,froilan-cordero,Froilán Cordero,queued,
04772d32-8b7d-4c40-91e1-87cdf517be87,fyke-farmer,Fyke Farmer,queued,
f335f8f3-c6e7-44b5-a840-32b2b8baaaed,felix-aponte-gonzalez,Félix Aponte González,queued,
94d2c990-1510-4660-bc32-9594a7f2fd33,felix-rodriguez,Félix Rodríguez,queued,
9af837ff-ffd9-4c0f-9076-fa8b9dda1293,felix-rosa,Félix Rosa,queued,
edf9d90b-8a12-4df5-b044-76c46a99e0f3,g-a-fanning,G. A. Fanning,queued,
057be942-ebcf-4d08-a6ae-5f5d334ac725,g-antonoff,G. Antonoff,queued,
a99ae622-65fd-42ab-b159-61d91ff55d83,g-c-henry,G. C. Henry,queued,
61a2509b-7677-4919-b4c0-44f7328317bd,g-d-brewer,G. D. Brewer,queued,
d8d4fea6-cd81-4abe-b09f-ce18dce27010,g-e-graves,G. E. Graves,queued,
5a5d4fc9-c996-4413-8a44-0da1ef3030cb,g-j-bourg,G. J. Bourg,queued,
07914e80-81c1-4255-b7d9-149f98de344e,g-j-terrill,G. J. Terrill,queued,
8dd2e4a4-0831-49ef-a018-cc55b90126ab,g-kowalski,G. Kowalski,queued,
45aa314f-101c-43d4-80ff-4086e9a950f1,g-lindfors,G. Lindfors,queued,
b08463e2-d9d0-456b-bdc7-936878a6d359,g-n-ernest,G. N. Ernest,queued,
29283e67-fb63-477b-823e-bba01295acee,g-w-bouldin,G. W. Bouldin,queued,
38a91809-69cd-4995-b352-aa6e00eb8bae,g-woods,G. Woods,queued,
a3acc23b-2a8a-4867-93ae-4775d05c54c0,gabe-brewer,Gabe Brewer,queued,
a737a6f8-b0a6-455d-a87d-9f3f35f5cbda,gabriel-parilla-fontanes,Gabriel Parilla Fontanes,queued,
0654a7bd-6c3f-4f44-8a28-8e427797e025,gabriel-patnunas,Gabriel Patnunas,queued,
435f2e54-da79-4f0e-befa-2ea72aa8b859,gabriel-probes,Gabriel Probes,queued,
669e3748-8052-4731-9301-62c8384d319d,gabriel-rubio,Gabriel Rubio,queued,
b4b33d33-bd0c-420d-b8e7-5c6819b56d49,gabriel-sandberg,Gabriel Sandberg,queued,
c55a9614-c14d-4e9d-93f4-9964418ed958,gabriel-siniza,Gabriel Siniza,queued,
4cfb5c2c-e9fa-4d07-879a-89abf994cfa7,gabriela-brigitte-jimenez,Gabriela Brigitte Jimenez,queued,
263a7626-7923-4113-961a-b4687d53c833,gabriella-ella-antolini,Gabriella (Ella) Antolini,queued,
c4438c87-39e8-4d5b-b93e-d4ec8a608861,gabriella-oropesa,Gabriella Oropesa,queued,
143216dc-fe88-420c-bf08-b7e027f5fbe5,gail-cohee,Gail Cohee,queued,
ea08d964-573b-4a07-8602-9add26c6cc63,gail-madden,Gail Madden,queued,
c64ab220-a62b-4bb6-9527-a9a3906a6b89,gail-phares,Gail Phares,research_pending,Initial encyclopedia image-index search completed; no verified portrait selected. Broader research remains.
5ad115e4-1c72-45a1-bc88-2204ed9b4115,galen-sol-shireman-grabowski,Galen Sol Shireman-Grabowski,queued,
a49f0834-d73e-4b38-ac4c-f5a953babada,gamaly-hollis,Gamaly Hollis,queued,
c0173fe7-0b94-4523-8251-8ab40ecbb2be,ganzie-banks,Ganzie Banks,queued,
b7697e60-6cac-4c73-b430-d34316fbcc28,garrett-fitzgerald,Garrett Fitzgerald,queued,
866f7a9f-0dfe-4ab1-924b-7ee92461e14d,garrett-jones,Garrett Jones,queued,
9fa58192-101c-4753-8358-5a6074a78db0,gary-butler,Gary Butler,queued,
e0ed8fc5-2156-499b-9b63-dfd69820d2a1,gary-garrison,Gary Garrison,queued,
00115778-bd07-4bf3-b964-715bf33b9256,gary-lawton,Gary Lawton,queued,
67b6ecad-03f2-411b-98e1-d38d1d63a1da,gary-lescallett,Gary Lescallett,queued,
f23a9d20-8064-4c1c-994d-ae7dfded2b5a,gary-watson,Gary Watson,queued,
34413572-2030-4b1f-9738-51aa5a426105,gavino-domingo,Gavino Domingo,queued,
79d14353-c2fe-407e-94d0-9f3ed7995f49,gavril-nechiporenko,Gavril Nechiporenko,queued,
416c1c99-2c36-4a08-aebd-ce4f18b308a4,gavril-romanovich,Gavril Romanovich,queued,
49995fe3-0c85-4e23-bbbc-92dee350ed7a,gazi-ibrahim-abu-mezer,Gazi Ibrahim Abu Mezer,queued,
3aea3d7a-79d1-48a5-8bcc-7a168054c13f,gazir-sued-jimenez,Gazir Sued-Jiménez,queued,
ddbc98f9-2693-4786-98eb-eb4ff0fcc9be,gene-corish,Gene Corish,queued,
05fe49b3-fcef-4183-ba5e-a49036bc24c4,geneva-red-feather,Geneva Red Feather,queued,
c5555ee8-1b25-4c51-a90c-258c996dff5c,geneva-rose-tilbury,Geneva Rose Tilbury,queued,
9a76d22f-8a5b-451f-acc5-3fc2c363cbf8,genevieve-jackson,Genevieve Jackson,queued,
e2ac794f-45a8-4e07-989e-a81dcf21fc7d,geoffrey-w-white,Geoffrey W. White,queued,
3e495c32-a0c6-494c-b9b9-46fd4a6358b3,george-a-burrows,George A. Burrows,queued,
7d7594bc-a41f-4307-94fd-3198c22b47e0,george-a-vassilatos,George A. Vassilatos,queued,
b71efdbd-93a5-4b62-aa5c-d21352027361,george-alexander,George Alexander,queued,
39a7b525-d461-42ff-b772-6e214e49543e,george-allen,George Allen,queued,
64b1fc4c-3847-4425-bcd0-8adcd957a5a7,george-angulus,George Angulus,queued,
c6334b91-db8e-4691-997a-ad2039261aa2,george-armistead-appleton,George Armistead Appleton,queued,
7e1531c5-6114-4169-9230-96c20d3d4329,george-bankhead,George Bankhead,queued,
5b93fb64-e848-4279-a9f8-31b9285abc3f,george-bingula,George Bingula,queued,
d54ec2f1-4c85-4bd5-8f5a-cda94c5deea3,george-bradley,George Bradley,queued,
d69c5ddf-7e38-4d7b-bc8f-a8806957e731,george-butler,George Butler,queued,
3d955e5e-8945-42a7-8b47-3ee765c84478,george-c-weiershausen,George C. Weiershausen,queued,
889799d9-a1ce-426e-a25a-f65379a180cd,george-carter,George Carter,queued,
70e6eb20-91a7-4ab6-8191-97d975a48b92,george-casper,George Casper,queued,
f8da09cd-86ac-4ec5-8f96-cbe206f8ec27,george-chagina-dobbins,George Chagina Dobbins,queued,
0a97dfab-b688-467f-946f-7514c1a67f14,george-chernov,George Chernov,queued,
9ca99fe2-3d4b-499b-9390-878d14518393,george-cyzyk,George Cyzyk,queued,
f10c0d90-6de5-43ea-bd36-ff4471756956,george-demeo,George DeMeo,queued,
a95e41a9-abd0-45fb-b349-a3859436adde,george-e-elstun,George E. Elstun,queued,
9f403a3a-663d-422f-a56f-c1b5c2caf800,george-e-shibley,George E. Shibley,queued,
8d3b854d-3bb3-4f11-b6b9-922183b155c5,george-edwards,George Edwards,queued,
3a4fed7d-a232-4b1f-8cc4-3942bf7220fe,george-f-voetter,George F. Voetter,queued,
62ed3c85-ef46-4f5e-9549-0c1648561c86,george-fleming,George Fleming,queued,
82c95425-329b-4343-a734-226e122c3af4,george-gibbs,George Gibbs,queued,
bfdeabe1-1c64-4c4c-9e68-194c405616de,george-gordon,George Gordon,queued,
1b193295-cd75-4316-a492-1c7bf0ef9c87,george-goroshkov,George Goroshkov,queued,
cc0fce8b-ec6e-4726-93f6-f419a881ac9b,george-h-fisher,George H. Fisher,queued,
36073d35-a10f-4ea0-b656-2c5a32fdfec9,george-haka,George Haka,queued,
a9cb9944-f157-4856-832a-78a315d3e7af,george-hardy,George Hardy,queued,
5065d6b4-a7fe-4bf3-95e1-4087c28cc23d,george-hopkins,George Hopkins,queued,
7f628878-e042-4654-ae3f-05f9b9ffe581,george-houser,George Houser,queued,
f5485be2-0f8e-4996-a54f-b3091de80c1c,george-hoxie,George Hoxie,queued,
975a121a-0026-4424-a0f4-7d7ede1a608e,george-ivanov,George Ivanov,queued,
480f4f3d-233e-4213-8d25-5827eca4ff86,george-j-wolf,George J. Wolf,queued,
e2e92def-5c20-4cc6-a735-23425913d8e5,george-jerevich,George Jerevich,queued,
7f6fa29e-7b39-4a70-99e2-f1215ce59911,george-kaltejika,George Kaltejika,queued,
cd3d83ff-4f10-410c-aaeb-c46ef6c7a9aa,george-kaplan,George Kaplan,queued,
3b7816f2-8437-4c50-b66b-35a1f87df75f,george-kiosz,George Kiosz,queued,
7e254f98-0dc4-4a16-a885-045f77926099,george-kopp,George Kopp,queued,
67c19243-1733-42f2-8a85-50e93a478c60,george-kowalsky,George Kowalsky,queued,
5001e806-7881-40ad-810a-e33a23ceb121,george-l-glison,George L. Glison,queued,
2939c777-2a7b-4460-ba35-5018b2f7197b,george-l-wittrock,George L. Wittrock,queued,
b55c2b6c-21b5-469d-ae84-77c746d4ed13,george-levison,George Levison,queued,
4d6f717f-d786-4c36-b964-d136a6c2ec61,george-loh,George Loh,queued,
8b9a36c2-4fd3-4be1-a827-d058341c8b23,george-lucas,George Lucas,queued,
2c29c888-7b1b-4288-a208-029eb2b160e6,george-makaranko,George Makaranko,queued,
73fc3c3b-1c1e-4267-8dad-e6be017080b3,george-mashkow,George Mashkow,queued,
7aae2318-8743-476f-bf71-0561815fdf77,george-merritt-jr,George Merritt Jr.,queued,
b7f0267c-6a3e-4118-b54c-2a588cfb8aca,george-mizo,George Mizo,queued,
cc837bb6-7c5c-4a27-9906-559459b47932,george-moore,George Moore,queued,
07abeecc-64e2-4283-9b81-d426b287d73e,george-oconnell,George O'Connell,queued,
bdd66189-0cd6-4393-9810-8777adfbc247,george-ostensen,George Ostensen,queued,
f3608f75-2d58-4748-b697-ba7eaff59132,george-p-beohm,George P. Beohm,queued,
f776ea3b-7302-4b1b-82ff-e21585806143,george-p-yarlott,George P. Yarlott,queued,
d88f1f04-2574-45f5-903e-5c09a7c9698f,george-pasukow,George Pasukow,queued,
89fbb4ab-d66f-40bb-8abc-ceb486adc0fc,george-pesce,George Pesce,queued,
d1f2ed8e-39a4-49ab-9a60-95aadc04d50e,george-peterson,George Peterson,queued,
7677e753-dba2-4c5e-8d0f-022bb3be4709,george-pirinsky,George Pirinsky,queued,
c97bec7c-995c-460c-aeef-429d94a8f914,george-polevoy,George Polevoy,queued,
e1a4d82e-f206-43e0-831d-82e445ca1fec,george-porter,George Porter,queued,
85324230-bd86-4303-9fed-da68f27ae216,george-powers,George Powers,queued,
2d516f6d-3fb3-4150-8500-fc9033d26691,george-robinson,George Robinson,queued,
56b9fae0-6574-4010-8496-62c02d2842d6,george-roeschlau,George Roeschlau,queued,
9b01d120-42fd-4aeb-a8cd-f06e55c51417,george-russell,George Russell,queued,
1f3d63a7-8f4d-4405-bca6-5ae61325755e,george-ryan,George Ryan,queued,
e87d1b82-a3bf-41d7-a971-24f7c2fa15a4,george-s-studebaker,George S. Studebaker,queued,
d4c3fe36-4e6c-43a7-b08a-6cd1e5616e93,george-sams-jr,George Sams Jr.,queued,
e9145e50-3e31-4077-bd69-2d24b624fa81,george-samuel-miller,George Samuel Miller,queued,
cfdbf999-7617-4173-aea3-0da64cfd624f,george-saul,George Saul,queued,
f9f98938-21f5-49cb-aeac-760d6f84bc40,george-schwartzwalder,George Schwartzwalder,queued,
76eeccf7-fc48-42fb-a17b-07a772f2427d,george-sechke,George Sechke,queued,
6b0b03e9-fab8-4699-b054-564217f6eb71,george-sexton,George Sexton,queued,
7f9104f9-53ad-4947-b183-758517c62565,george-simpson,George Simpson,queued,
5a59bb35-03fb-4cd3-988d-9c3606d56df3,george-siskind,George Siskind,queued,
16d17d0d-d41e-42eb-8d57-e809f572d6ba,george-speed,George Speed,queued,
1766becf-51dc-4133-9792-e2261befda37,george-stillday,George StillDay,queued,
f84e7890-394a-4f59-a3db-0b287d07fad7,george-talas,George Talas,queued,
fbafe911-416a-457e-a5e3-4be00ff7950b,george-taylor,George Taylor,queued,
14893997-64f3-4dfd-8e5f-3dac72e30efa,george-v-strode,George V. Strode,queued,
2d6ad0d0-836b-4b43-9a7a-ddcef8565900,george-veasey,George Veasey,queued,
9a118f9a-cae7-4411-b407-3164b43b4a63,george-voloh,George Voloh,queued,
4b428242-8f42-4dde-bc8d-8804d5491757,george-voyzey,George Voyzey,queued,
ee089a50-1c79-4885-9a0a-690fa932b99b,george-w-crocker,George W. Crocker,queued,
4e5d8592-c65e-43d5-ba87-108d17144c55,george-w-harris,George W. Harris,queued,
8294c9c6-817b-420d-9dd4-5df899354e9e,george-wallace,George Wallace,queued,
f59839a0-c394-42b4-b192-666cbea5bd68,george-washington-henson,George Washington Henson,queued,
4921d945-385f-4bb0-bae3-60152204cc25,george-weiershauser,George Weiershauser,queued,
192d2636-934d-465f-9a2d-b9a8f730679d,george-wiershausen,George Wiershausen,queued,
c50da694-92f2-486d-9502-91f351af2412,george-wilson,George Wilson,queued,
f89750cb-5ad8-49e7-927c-d4323184e89f,george-winski,George Winski,queued,
527c9ccb-3c7d-4ad2-b162-c4f13c074b00,george-wisegarver,George Wisegarver,queued,
6c07357b-f6b1-416b-89a0-a909205e0233,george-witkovich,George Witkovich,queued,
ba056423-7680-4967-8fcd-fcb303039d07,george-yaeger,George Yaeger,queued,
41ba5271-5ad8-4baf-89a3-1c01c54b74ae,george-young,George Young,queued,
7ef5e0c2-39e0-4236-bc07-7f2a0c586fb0,george-zaklan,George Zaklan,queued,
eacece1a-9254-4e6c-823e-ba9b24da5ba5,georgiy-volk,Georgiy Volk,queued,
e6767fb2-c82c-43e5-8fdf-579a3278b99e,gerald-bernard-best,Gerald Bernard Best,queued,
07c4acfe-53bf-498f-9276-42be2973063d,gerald-de-cessa,Gerald De Cessa,queued,
acdcd6a4-3e47-45c0-8ce0-f845f7c3aa76,gerald-decessa,Gerald DeCessa,queued,
31269f84-1240-4fa0-b761-97f07dcfaba4,gerald-karmak,Gerald Karmak,queued,
bcfd61d1-15e6-4f68-b453-f4bbf5dd1271,gerald-koch,Gerald Koch,queued,
399ee28d-93de-4b50-8027-643094af8a62,gerald-v-hoy,Gerald V. Hoy,queued,
1abf09c8-b5c5-4ee5-8d59-a7d25eca5c12,gerald-w-maccauley,Gerald W. MacCauley,queued,
9bebea1d-57df-4b5b-9233-b8eac8e9a513,geraldine-edwards,Geraldine Edwards,queued,
a9613776-1e5c-41fd-af32-6efe927e3632,geraldine-robinson,Geraldine Robinson,queued,
8c5a07e0-d833-4112-ab33-30d0777b8d41,gerard-hoy,Gerard Hoy,queued,
10138d80-4b92-4c03-9bb9-c81bf399962e,gerard-liebisch,Gerard Liebisch,queued,
b0e589c1-23f2-42ef-ad32-b2ed4d468993,gerasim-dorosh,Gerasim Dorosh,queued,
82052c52-339d-479b-86ec-be8424f5ef8c,gerasim-konikh,Gerasim Konikh,queued,
30c44e3e-dbb7-41e3-be55-06097014d9bb,gerasim-tkachuk,Gerasim Tkachuk,queued,
c81924ed-c4d2-418a-bd8f-cf0a9c8c9ff8,gerd-buntzly,Gerd Büntzly,queued,
4723d814-949e-4f05-b4f6-95a4ab21bbd7,gerhard-fischer,Gerhard Fischer,queued,
8af06c62-f194-42d9-b4f4-1aa5faac78ab,gerhard-j-klippenstein,Gerhard J. Klippenstein,queued,
f0b94635-fecb-4f58-b09d-5b02c04466a8,gerhard-m-baergen,Gerhard M. Baergen,queued,
51fbd9ef-2c26-4558-b789-064f7fbd7d2c,gerhard-m-klippenstein,Gerhard M. Klippenstein,queued,
60518c04-cb84-4416-819d-87b232daefe6,gertrude-murphy,Gertrude Murphy,queued,
9d759eb8-3dd6-40fa-96d2-e6d465450574,ghassan-zayed-ballut,Ghassan Zayed Ballut,queued,
98b7bcb3-c305-4bb4-8d46-6062fad232ae,ghufran-ullah,Ghufran Ullah,queued,
65725b57-cc4d-479a-9b9c-e3e0420dba3c,giacomo-quattrone,Giacomo Quattrone,queued,
ca5ee7f6-e1f0-48aa-b6d8-337229e65b4a,gil-w-fowler,Gil W. Fowler,queued,
1ea5ea2f-ae2f-4f90-be6b-1f9743d3bdcc,gilbert-lewis,Gilbert Lewis,queued,
ecac72f7-d2c7-4b72-9623-53d0b4efffff,gilbert-montegut,Gilbert Montegut,queued,
2f4acdd1-03d9-41a0-8dee-a47f41353d91,gilberto-rivera,Gilberto Rivera,queued,
3c934271-59e9-490e-80a9-8715298a79d5,giles-cooper,Giles Cooper,queued,
4b3e92fa-8bf9-410a-ab22-0766b1202020,gillet-thorn,Gillet Thorn,queued,
9b3dea8c-2b1b-4740-9f1a-72b45f4dd36b,gillian-rose-maurer,Gillian Rose Maurer,queued,
f04f413d-28b8-4259-9f7b-118a19b8a582,gilmore-jenkins,Gilmore Jenkins,queued,
c873ffeb-fbd3-4977-b663-33d895a99d44,gina-dickhouse,Gina Dickhouse,queued,
6ccdc67a-53ee-45c7-86ae-bc08e04d8976,gines-martinez,Gines Martinez,queued,
f3a9a39d-8ece-4a5f-acb8-b1248f4bc41f,ginovanni-brumbelow,Ginovanni Brumbelow,queued,
fdca0a3c-b746-4738-8527-424cb6d481b0,giovanni-de-cecca,Giovanni De Cecca,queued,
363fea07-6ee5-45b9-b63d-69d905d0e005,giovanni-fruzzetti,Giovanni Fruzzetti,queued,
f582e949-5343-4375-8af0-b5f07d26b88e,giuseppantonio-supino,Giuseppantonio Supino,queued,
9e614650-15ac-429f-96cb-16ba3c4633a7,giuseppe-frattesi,Giuseppe Frattesi,queued,
3fce0597-7f96-4d28-943f-5c0ea5de839f,gladys-bissonette,Gladys Bissonette,queued,
c4cec2b8-c0c5-4eec-9212-e264e39d7cda,gladys-greiner,Gladys Greiner,queued,
46201e3b-2d78-4f35-a707-75e937bb7098,glanton-dowdell,Glanton Dowdell,queued,
7bb9f51a-dec0-4df3-af11-bd1395a612b8,glen-h-witherbee,Glen H. Witherbee,queued,
900a94b0-641f-4f81-9fdd-fa2fa464c44f,glen-roberts,Glen Roberts,queued,
969b1dd1-7b18-4de3-8056-a0b377c4e1b6,glen-white,Glen White,queued,
d739c726-ba67-4c20-a9db-d02cbb42845e,glenda-jean-gaither,Glenda Jean Gaither,queued,
efba6cd8-0224-446d-9878-d15becb08b8e,glenn-crespo,Glenn Crespo,queued,
d262c6f5-13ba-4632-92fc-f815dc713fde,glenn-diamond,Glenn Diamond,queued,
24bfc1af-7991-48d9-ad51-d31511a51438,godfrey-ebel,Godfrey Ebel,queued,
0b1af437-5e60-4629-b23a-b76707005e10,goldie-katz,Goldie Katz,queued,
154deb67-ba0c-477c-b40c-08f6c378d6f8,goldie-waldman,Goldie Waldman,queued,
c065a2e3-3154-4ce1-b9e7-c0947918be64,goldie-watson,Goldie Watson,queued,
9d10ef2e-71e2-4115-a780-825310949551,gordei-sheika,Gordei Sheika,queued,
36624360-3ff6-470f-80ef-761610739618,gordey-stolatchuk,Gordey Stolatchuk,queued,
148f68fc-dcfd-491a-9c09-511093958cfa,gordon-hutchins,Gordon Hutchins,queued,
846f49d7-ae1c-45ae-90bd-228c6458c469,gordon-wendell-kahl,Gordon Wendell Kahl,queued,
1afb7c87-8d77-4df6-9d75-5461d131937c,goust-safos,Goust Safos,queued,
0545cd14-a6c5-4e0a-ac26-8c553f2018af,grady-fuller,Grady Fuller,queued,
76c938c8-736d-485f-824c-426e56d12977,grady-jenkins,Grady Jenkins,queued,
a26a4c72-33fd-4e83-92e5-935067b429db,graham-dolan,Graham Dolan,queued,
2e5aafdc-04f6-43cc-b124-69ef87e64506,granville-martin,Granville Martin,queued,
5ef0a5ab-2c4f-4d5e-8f15-c37194b20eae,green-lawson,Green Lawson,queued,
2070d8da-4ab9-47fe-a541-d7629cdae53b,greg-franklin,Greg Franklin,queued,
06ef51e6-b2b3-4489-b706-ba3ca241e218,grego-marcano-vazquez,Grego Marcano Vázquez,queued,
88380374-6fee-4265-8900-55adc200ded6,gregorio-correa,Gregorio Correa,queued,
845546cf-71e9-49df-b779-de8e0940da3e,gregory-coffey,Gregory Coffey,queued,
e63e1753-7f1f-4026-8120-0b9d8dd2a12b,gregory-felix,Gregory Felix,queued,
64550994-e776-47cd-a138-83b63d3cda44,gregory-koroviansky,Gregory Koroviansky,queued,
7825cbdd-325a-4bd2-b46e-f059e48aacd9,gregory-melnikov,Gregory Melnikov,queued,
c33503c9-fcf7-43b6-af7e-2408e524bd18,gregory-william-loel-timm,Gregory William Loel Timm,queued,
cbf6fc18-3f95-4dd4-8d21-4acdb1b24560,grigori-ivanovich-skrobat,Grigori Ivanovich Skrobat,queued,
0b8ac875-9ee7-428d-b3f6-88102873251c,grigori-moroz,Grigori Moroz,queued,
2eed3d48-3f6c-4619-ab72-c33d94ac9327,grigori-harry-skochuk,Grigori “Harry” Skochuk,queued,
75157fab-60b6-43c2-af30-011ca7e67d69,grigory-mikhalevich,Grigory Mikhalevich,queued,
7837cd5a-51a9-444a-a844-63d9e6ea6b4a,grigory-varfolomeevich-gorbich,Grigory Varfolomeevich Gorbich,queued,
e3d5b762-a3d1-4d20-bbc9-0ba404c7c716,grover-h-perry,Grover H. Perry,queued,
1b27d46b-8584-4421-ace5-854f1bf10f12,grover-mccorvey,Grover McCorvey,queued,
875123f6-ae89-46eb-a5dd-2bfbeef3de87,grover-mccovey,Grover McCovey,queued,
c9b6843d-120e-4b4e-a683-2d555cc1dfd9,guglielmo-galeotti,Guglielmo Galeotti,queued,
620159c2-fd7d-47f9-90a5-ee3bc5ac5c10,guido-serio,Guido Serio,queued,
9253666d-971e-4f55-8e0f-a3e9db253bcb,guillermo-adan,Guillermo Adán,queued,
3e356356-7eff-434a-b971-e189f74b9a5f,gunnard-johnson,Gunnard Johnson,queued,
7c4ea1dc-4f35-4583-9054-68d63453dd3c,guntaro-kubota,Guntaro Kubota,queued,
120a1167-fc57-4840-b3de-4bb8dddeefdd,gus-alonen,Gus Alonen,queued,
0df7cdd9-7ac3-4a13-8699-e5dbaa85b39e,gus-madsen,Gus Madsen,queued,
fc431db7-263b-4728-822e-2de90efe51a5,gus-polites,Gus Polites,queued,
c7e7550e-acd0-4db5-8ab2-c442e2e857cb,gus-schader,Gus Schader,queued,
8081da6b-8296-4844-bc0e-8293bd81ba0d,gus-swift,Gus Swift,queued,
0753c4e5-db05-410e-a1fa-e4273b2c9bf9,gus-wittrock,Gus Wittrock,queued,
6026f698-d7a8-4304-b291-83158ac766af,gustav-erdtmann,Gustav Erdtmann,queued,
dce47390-3817-492d-a00f-356ed4a205c7,gustav-p-fernquist,Gustav P. Fernquist,queued,
aa96f91d-ff23-47f9-adbe-67a327dae684,gustav-salty,Gustav Salty,queued,
d76c0cea-b295-4a26-a85e-10360093f8c2,gustav-sigwalt,Gustav Sigwalt,queued,
8905829f-3d61-43e9-af66-176f0f9d2b26,gustave-h-taubert,Gustave H. Taubert,queued,
c6d969d2-bdc6-450b-bd37-21adf27a0405,gustave-w-salty,Gustave W. Salty,queued,
87ec9801-272d-4c4b-9ca7-49c56a834b05,gustavo-davila-cardona,Gustavo Dávila Cardona,queued,
4968ca13-a3ad-41ce-b1dd-3430d5a11db8,gustavo-garcia-lopez,Gustavo García López,queued,
63b7303e-780d-404e-a065-c14c90d9db40,gustavo-zamora,Gustavo Zamora,queued,
64400f94-ab33-47c4-baaf-8d4cf1e40c91,gustus-wortsmann,Gustus Wortsmann,queued,
f7e34cb3-e617-4fbd-9ccc-80302f3bc764,guy-chichester,Guy Chichester,research_pending,Initial encyclopedia image-index search completed; no verified portrait selected. Broader research remains.
1f8f444b-f0ef-4da3-bc7c-4312c4b7f51c,guy-davis,Guy Davis,queued,
dc1d0d39-f0a2-441a-ad1f-c191167c9aec,guy-h-little,Guy H. Little,queued,
a1a292a1-022f-4353-a634-1e29e95a090e,gwen-hennessey,Gwen Hennessey,queued,
38d87f01-cc48-4a8d-a0cd-69ef21b28db5,gwendolyn-green,Gwendolyn Green,queued,
799d10d2-8ba6-4475-a1d3-9f2e73409f89,gwendolyn-myers,Gwendolyn Myers,queued,
494aeeae-8b66-48e6-a691-a0723738d639,h-austin-simons,H. Austin Simons,queued,
4c385854-3665-40d1-9e5a-1eec73ce2306,h-c-duke,H. C. Duke,queued,
5858b37d-dbbe-4cc7-b2f7-d5e64cce64dd,h-c-spence,H. C. Spence,queued,
037d0931-352f-4f70-a718-2f14eaad58a5,h-c-white,H. C. White,queued,
e3e4693b-1d84-474f-b27f-32a3f4b7de04,h-donovan,H. Donovan,queued,
a5e719e6-8b91-45fe-a97a-214d34596cf3,h-e-herd,H. E. Herd,queued,
8dad09cf-c120-4828-ac05-5bfbcf19c3e2,h-e-kirchner,H. E. Kirchner,queued,
178d6490-3ca4-49cf-880e-7d12bc77b3bf,h-elmer-pinard,H. Elmer Pinard,queued,
0cab1b4d-3df5-47fe-b54e-5b3901231b42,h-f-kane,H. F. Kane,queued,
28537c64-d63a-4103-996e-c8f607e58fdf,h-h-munson,H. H. Munson,queued,
a9547c1a-ed0c-47f6-a7bd-1176040b2c60,h-klabo,H. Klabo,queued,
1f80b1eb-07fa-4c13-8950-d28cc0e8ac60,h-l-trelease,H. L. Trelease,queued,
6f4df775-c631-4bab-8eb0-09dcc1720b52,h-m-edwards,H. M. Edwards,queued,
1f09d4f3-705b-4c41-b3d7-b9af2f039bbb,h-m-hendricksen,H. M. Hendricksen,queued,
66440756-a1c8-4762-b6ac-3849828b7941,h-r-hanson,H. R. Hanson,queued,
2ae047cb-c6e6-47cc-bda5-71642d98b5f3,h-s-buckingham,H. S. Buckingham,queued,
bb44ef09-2286-438f-a7aa-012d01f9333c,h-shebeck,H. Shebeck,queued,
97fe7212-bfc0-4a5c-ad3c-a3d2b7cd0e33,h-sokol,H. Sokol,queued,
53ac0291-091d-41b2-b07d-dae9149b23c2,h-v-taylor,H. V. Taylor,queued,
e30e80e7-dc58-4a24-bfcb-28fd68a43fba,hb-roberts,H.B. Roberts,queued,
d8bebaa2-54ed-4720-b91a-e9a8ad059b6e,he-burmeister,H.E. Burmeister,queued,
877cd353-fc63-4768-9366-5f17b11dfda2,hs-magruder,H.S. Magruder,queued,
40601694-bfe9-46a5-a5dc-582058dc7633,hafiz-muhammad-sher-ali-khan,Hafiz Muhammad Sher Ali Khan,queued,
0e248c08-cc3b-45c2-adad-b13580d8881e,haji-subandi,Haji Subandi,queued,
3eac1545-4c17-428e-a1cb-10c214a4e1fd,haley-rainwater,Haley Rainwater,queued,
8e30fe0e-df71-430b-bd26-792fc79c053c,hamish-scott-mackay,Hamish Scott MacKay,queued,
f2c39061-13f4-41c9-9b90-4b715a723957,hampton-milton-mccoy-iii,Hampton Milton McCoy III,queued,
1008d8b7-ee82-4fe3-8897-c5240799f421,haniffa-bin-osman,Haniffa Bin Osman,queued,
21a19cff-95f8-41b9-a54e-eca7c97c4f10,hank-adams,Hank Adams,queued,
e3fddfe1-17e3-4f23-be03-3b29f7c371dd,hannah-margaret-kass,Hannah Margaret Kass,queued,
a357fdf6-168b-458d-a3c3-062cb15f58ad,hannah-toliver,Hannah Toliver,queued,
14de56b0-41d9-47e8-b425-a5b2fcb5dc62,hans-beck,Hans Beck,queued,
1b9c1b12-d735-4042-9936-5ab2d8ec5678,hans-simon,Hans Simon,queued,
8fdac7d6-4fe8-45b6-a6eb-17c20afa23c8,hardy-woodward-hunter,Hardy Woodward Hunter,queued,
ba18072b-ead0-4b20-b2df-7745cda8b2ba,hargit-singh-gill,Hargit Singh Gill,queued,
49a0251c-b9f2-4d3a-b3c4-1acd9c4d3192,harkins-scott,Harkins Scott,queued,
7eb12c44-4d7b-4624-9778-bdff6933858a,harold-a-penner,Harold A. Penner,queued,
e3f97cea-57d6-4f23-b2da-2a371356c7ea,harold-andrews,Harold Andrews,queued,
f0abdb8a-1064-46ce-856b-d05bb27e6a0e,harold-bird,Harold Bird,queued,
4d1fa187-fdc2-4462-9a9d-241df7b5a994,harold-bowers,Harold Bowers,queued,
9cd11dc8-9a4c-43fd-bd9b-37bb0d0b5000,harold-e-bruber,Harold E. Bruber,queued,
ce4f916c-9b35-4f09-a7f0-fd6d424822f6,harold-fiske,Harold Fiske,queued,
70206ee8-5a3d-437f-a285-ef18eeffbca9,harold-g-mackley,Harold G. Mackley,queued,
584dede5-0d36-4ae9-839e-e3fe92429388,harold-hendricks,Harold Hendricks,queued,
932b62a2-fcd4-4f1e-8979-4bf97039be6f,harold-hickerson,Harold Hickerson,queued,
59ed2fea-db83-4189-804b-a73886a5b28c,harold-holmes,Harold Holmes,queued,
5c3583d8-88ab-422a-acf5-71b5ec412d3d,harold-nathans,Harold Nathans,queued,
adb5ccb2-6de9-44df-9551-2df926434685,harold-ralston,Harold Ralston,queued,
3715dc55-2478-4a1e-b74d-5c67bcae2a48,harold-reap,Harold Reap,queued,
25dcf21a-32e8-4c9e-b55a-53546b7d18d7,harold-sanderson,Harold Sanderson,queued,
ca85f79e-1490-4077-bafd-6cdd646c01ef,harold-studley-gray,Harold Studley Gray,queued,
25f2140d-d627-472e-9fd0-e39ddd6377be,harold-swanson,Harold Swanson,queued,
b0bd51bc-74d0-4952-9250-ff20aa827c00,harold-taylor,Harold Taylor,queued,
c84e201b-3a3a-4ea0-afa3-8f53b8384efc,harold-ward,Harold Ward,queued,
21fb55f9-7689-48bb-9817-a048c3d415aa,harold-zepelin,Harold Zepelin,queued,
b51fea36-939f-47a9-8ac4-f3739271d2d8,harriet-u-andrews,Harriet U. Andrews,queued,
69d751ba-c7c7-4342-a021-348ddc209e8f,harrison-david-burrows,Harrison David Burrows,queued,
836fdec0-23d6-4567-987d-e77830c13b4b,harrison-h-dodd,Harrison H. Dodd,queued,
0243a76e-cf03-45d2-acf1-c6aaef9c5a3b,harrison-heyward,Harrison Heyward,queued,
8ab3d51f-9265-4e31-95eb-5e9e7402b344,harry-a-latour,Harry A. Latour,queued,
bb625cba-aa07-4088-87e7-eddf0f1c9dfd,harry-alger-fox,Harry Alger Fox,queued,
d406e86c-b4f1-4f80-af75-368813aae5a6,harry-b-riffel,Harry B. Riffel,queued,
f97a97b6-eea8-4567-8d8d-5bc5bc055174,harry-bileski,Harry Bileski,queued,
42902a27-03cc-42ef-bcc1-30514f592501,harry-boswell,Harry Boswell,queued,
09b05351-76a0-4f9f-a945-cad4fb57b938,harry-breen,Harry Breen,queued,
30964bd9-d29d-4fea-a522-b5ad983e9b29,harry-brewer,Harry Brewer,queued,
a76346fe-54e6-4809-9215-d7b6f3146826,harry-canter,Harry Canter,queued,
c0f5e976-4b35-4c85-9b6b-9d8de6649c42,harry-carlisle,Harry Carlisle,research_pending,Initial encyclopedia image-index search completed; no verified portrait selected. Broader research remains.
afadeeb0-3a98-4602-a2f9-6759cf1f7623,harry-chandler,Harry Chandler,queued,
abfbed60-6392-4473-be67-b4790edc4b83,harry-collentz,Harry Collentz,queued,
1583ad6d-d088-4389-a450-fffaab24b772,harry-d-blough,Harry D. Blough,queued,
284185dd-bd99-4b3e-8ff0-9c42d0ad6026,harry-daile,Harry Daile,queued,
6efb1a9c-cb19-489f-9c30-ae4fb87b9ebc,harry-drew,Harry Drew,queued,
92e3694c-68ea-43ab-8ed5-8949ded33cd0,harry-e-townsley,Harry E. Townsley,queued,
50cc1962-7184-4f10-9c72-9756702fa6c4,harry-eiseman,Harry Eiseman,queued,
c204b4fa-464e-4e94-a458-a4575acb25b3,harry-fadel,Harry Fadel,queued,
7d0f673d-485b-4f39-a9b7-475c2098b2e2,harry-gray,Harry Gray,queued,
1ab9a997-5039-44d8-9db4-a80c62ee0c6e,harry-i-curtis,Harry I. Curtis,queued,
e3b3a86f-518a-42a5-994b-df8eb8919a04,harry-l-charles,Harry L. Charles,queued,
ca693091-b9ec-4b83-b4ab-2a920dee0f71,harry-lee,Harry Lee,queued,
ec7182a0-65b9-4360-8738-0973d84d5df3,harry-lloyd,Harry Lloyd,queued,
58690886-3a7c-4b23-89ba-5151aa5429cf,harry-loftus,Harry Loftus,queued,
45e010b9-2561-4c33-a196-e0bd9d4b7601,harry-luckey,Harry Luckey,queued,
a1517bdb-0537-4954-9dec-c2f7bdc98369,harry-lux,Harry Lux,queued,
7213a543-8591-47f7-bc5b-54d20a229908,harry-m-clave,Harry M. Clave,queued,
6a4a65b1-2292-429e-85c5-741db275f520,harry-mcdonald,Harry McDonald,queued,
6597c418-11ed-4c65-9de7-8d4e4e37d47f,harry-morozoff,Harry Morozoff,queued,
b96e8853-02ad-471a-a6fa-eb0f7df1af0a,harry-murphy,Harry Murphy,queued,
6838a15c-bfaf-4161-8f99-b9ad0952bdf3,harry-olshansky,Harry Olshansky,queued,
f50f1299-2f4e-4444-b0c1-0526ea63487c,harry-raymond,Harry Raymond,queued,
8d063c2d-e2b7-4d99-8a61-6e930b0972e4,harry-roth,Harry Roth,queued,
3e3a3d05-841b-4080-9996-22e8837a3199,harry-sacher,Harry Sacher,queued,
098575ba-53b4-4988-acf6-69547368fb8c,harry-schneiderman,Harry Schneiderman,queued,
474f4f6a-d7ce-484f-a65e-c50165005c94,harry-snyder,Harry Snyder,queued,
0db96fc2-0390-4c68-858a-00ba02c7f560,harry-sommers,Harry Sommers,queued,
31ab1230-c001-4639-b242-8823f75aed25,harry-steinberg,Harry Steinberg,queued,
afe92098-f190-43ec-bea4-944ccfcdfdd4,harry-williams,Harry Williams,queued,
38788861-3dc4-483c-bea3-e71f5d9bce1f,harry-winitsky,Harry Winitsky,queued,
0beb815c-e3f7-49a7-a1ec-620d19a7fd79,harry-winner,Harry Winner,queued,
8b70f460-290b-493d-88ba-8fb6e09c1651,harry-wodner,Harry Wodner,queued,
42cd1ae7-97d7-4863-ac3f-d27f48451d14,harvey-oconnor,Harvey O'Connor,research_pending,Initial encyclopedia image-index search completed; no verified portrait selected. Broader research remains.
1766e8ba-1156-4eaf-9c1f-16ba27224f40,hasan-shakur,Hasan Shakur,queued,
e5780f3e-68a7-48bb-9209-dbe915e1bb42,hashim-ali,Hashim Ali,queued,
03bc227f-a1dd-4e23-b0c2-9e21f7305f9c,hassan-abu-jihaad,Hassan Abu-Jihaad,queued,
29812a12-e96b-4b98-a032-706fcae2c255,hatem-naji-fariz,Hatem Naji Fariz,queued,
c1409491-5b98-467b-a562-f63f3b389266,hattie-kruger,Hattie Kruger,queued,
0c68e763-aa5c-4915-a2a7-bed3f71fe62c,hattie-nestle,Hattie Nestle,queued,
447a47a4-10d1-4b9e-a0c3-0173f2aa1343,haydee-beltran-torres,Haydée Beltrán Torres,queued,
53d4b7a9-ce77-41d3-9a42-ffa9c3bad7c2,haynes-jones,Haynes Jones,queued,
a8a9668b-1447-4c55-b247-2cd948c564bd,hayward-brown,Hayward Brown,queued,
df7c6c3a-3512-48e2-939c-ac77daa68e97,hazel-tulecke,Hazel Tulecke,queued,
c5cca2dc-11d4-48d2-8864-ee2b96c6e1ec,hazel-wolf,Hazel Wolf,queued,
f1dedd21-1e8e-4dca-bc13-d025cf84f6f2,hazim-elashi,Hazim Elashi,queued,
8c9e37c7-0298-4311-9c2b-c55a03be07ea,hazwell-magruder,Hazwell Magruder,queued,
077645d8-19a8-4780-bb16-65cfdffac549,heath-cliff-rush,Heath Cliff Rush,queued,
c9da9fa6-a459-4c25-9825-9eaf7395ca48,heather-idoni,Heather Idoni,queued,
4854358e-4e05-4249-8b68-c21d17dcd40a,hector-marroquin,Hector Marroquin,queued,
d7e7985a-2cde-41be-9859-7ac460db49ec,hector-rodriguez-acevedo,Hector Rodriguez-Acevedo,queued,
8ac4b6e8-c4f2-42e0-ac74-fe48706af3a0,hedin-brugh,Hedin Brugh,queued,
0a448256-010c-48e1-940a-1977e8f43c1b,heinrich-h-unruh,Heinrich H. Unruh,queued,
4f88c8ad-2013-4884-a234-a3354bbd66de,hekima-ana,Hekima Ana,queued,
6e18ca16-3ccf-4e4e-b7bb-be31306d7fb8,helen-bryan,Helen Bryan,queued,
eb81dde0-02cb-4192-bf19-a4f42ca5d2ff,helen-chisaski,Helen Chisaski,queued,
228fd759-8f5a-4f51-b0d1-88e6f38d1bc7,helen-lavalley,Helen LaValley,queued,
46702371-05c3-4541-a70b-1f257652da6a,helen-prescelic,Helen Prescelic,queued,
0ad9c94b-6e10-47e7-bb5c-71e31832d6ae,helene-dorothy-wilson,Helene Dorothy Wilson,queued,
74ebeac7-5e9a-4f89-a374-ea69704dca58,helmi-soedirdja,Helmi Soedirdja,queued,
b0133457-bf38-4790-9d8d-4a92c40f9ce2,henry-a-keller,Henry A. Keller,queued,
5f17221b-d9dd-4bb8-8e26-445f683ec30e,henry-anbelsen,Henry Anbelsen,queued,
b95ae07b-e65a-470a-a492-73b147511187,henry-andrich,Henry Andrich,queued,
a9d0d17c-4c2f-4c63-815d-e344f5ff785a,henry-avant,Henry Avant,queued,
66af6373-a1b2-484d-8f00-934467f18948,henry-brinkman,Henry Brinkman,queued,
e40edb34-e257-4a7b-9689-0a915cb64f8a,henry-c-evans,Henry C. Evans,queued,
2cccde98-05b0-43ad-b5f8-93728c8ae0bd,henry-c-fast,Henry C. Fast,queued,
530f5e02-62b8-4c2c-aafb-e6643ea46410,henry-c-hearne,Henry C. Hearne,queued,
dfc35fff-1601-46f7-bfe5-9eccf142f91f,henry-corbishley,Henry Corbishley,queued,
90243edd-6db4-4ad7-b1f5-ff937e3cd2ee,henry-d-blough,Henry D. Blough,queued,
61dc63de-2d5d-4c33-9ec3-1739d03cafda,henry-d-boese,Henry D. Boese,queued,
ce6338fe-6898-49d6-bbc4-f1d1357c2b14,henry-d-jackson-jr,Henry D. Jackson Jr.,queued,
63549bfe-2dd8-487d-bca1-e946631589b1,henry-d-niles,Henry D. Niles,queued,
e6cdbf11-456d-46f0-8742-3e65cffa03fb,henry-dallas-martin,Henry Dallas Martin,queued,
07e9b5c8-c614-49d2-ae22-315ae97be6f7,henry-david-thoreau,Henry David Thoreau,queued,
b53adb21-9660-47c8-ad52-5178766e77bb,henry-dee,Henry Dee,queued,
24eaca82-6647-4f90-a84f-b8e72fbd3a1d,henry-drinker,Henry Drinker,queued,
21437a9a-5de7-49ac-9154-49280f031e6e,henry-e-peck,Henry E. Peck,prepared_batch259,Verified portrait prepared; deployment not yet confirmed.
7c9cdfa0-1102-4f6d-9b0e-009b8a39b83c,henry-e-reimer,Henry E. Reimer,queued,
9a06378b-655d-4c2a-8bbc-5b44b25c938d,henry-evans,Henry Evans,queued,
8213aab0-98e4-4ae4-8171-41e2192a15c6,henry-fadel,Henry Fadel,queued,
bade5882-f076-476f-8d91-3da356895ccc,henry-fainer,Henry Fainer,queued,
1c130be6-8bef-4145-992d-d019e2212df2,henry-farner,Henry Farner,queued,
6e0d100e-36f1-4323-8478-7f01e736fafd,henry-feltman,Henry Feltman,queued,
e7d642d8-1ca0-446f-be7e-15a82770e3a3,henry-fry,Henry Fry,queued,
45b6741e-4d64-4d23-8902-498cf8634875,henry-g-esau,Henry G. Esau,queued,
aae05fd2-f1d2-4018-8a10-11409ed1a17e,henry-g-fritzler,Henry G. Fritzler,queued,
1c5b4d88-20ed-4bd4-8fe6-28717ed78bb7,henry-h-franz,Henry H. Franz,queued,
5296f29c-7559-40b6-b2f6-7ade5e1b0c90,henry-h-mcgilvary,Henry H. McGilvary,queued,
b5246972-2bac-4563-bfe3-308892a4f8d7,henry-h-miller,Henry H. Miller,queued,
64a3a4f1-e7f1-4c98-8246-f223f9affa06,henry-h-ratzlaff,Henry H. Ratzlaff,queued,
adf8333c-f647-46ee-b107-ae459947785f,henry-hammer,Henry Hammer,queued,
77a75a84-5b19-4a60-a407-ba6647d2eb74,henry-harmon,Henry Harmon,queued,
c2327763-9a1c-402b-adda-7c8f2dcb6cf6,henry-howe,Henry Howe,queued,
5279fe35-19d6-4a5e-bdf3-1b8c5ecafa36,henry-j-becker,Henry J. Becker,queued,
8005a507-04be-44f6-b572-5dc372b7ceab,henry-jager,Henry Jager,queued,
0d2a8f99-8077-479c-a07d-1c9a7d538003,henry-jones,Henry Jones,queued,
473dd464-d43c-4946-97cb-d3dbd166c503,henry-kyle-frese,Henry Kyle Frese,queued,
20ec78fd-a2e1-436d-9818-53bcfd693877,henry-leonhardt,Henry Leonhardt,queued,
24c475aa-9878-421e-9abb-309ae3fe8b07,henry-leyvas,Henry Leyvas,queued,
b3bc4b5b-4097-44c3-a907-084927fd8f69,henry-lowe,Henry Lowe,queued,
5456c81a-ded7-4447-b020-dca70f7fd33a,henry-lucius,Henry Lucius,queued,
ba5218c0-76fa-4dbe-8e43-c80e84003b3e,henry-m-warfield,Henry M. Warfield,queued,
69986e51-35bf-425a-96ac-cef759a1be0f,henry-matlin,Henry Matlin,queued,
68e10948-52a2-498f-aca1-a59b60758785,henry-matthews,Henry Matthews,queued,
ebdd78f3-0cf2-4f35-9b3a-97e971dc17d3,henry-may,Henry May,research_pending,Initial encyclopedia image-index search completed; no verified portrait selected. Broader research remains.
7a650251-5377-4370-9833-696cd854444a,henry-mcculloch,Henry McCulloch,queued,
b77457b3-038a-4f85-935e-967e61a5660c,henry-moehle,Henry Moehle,queued,
7bab3403-9d95-40b8-aeb4-25e0dd3b5dd9,henry-monsky,Henry Monsky,queued,
929824fb-f1f4-4ed8-a35e-88f89b379455,henry-oliver,Henry Oliver,queued,
c2233e9d-72be-48f0-af44-d453b30e3aaa,henry-p-huff,Henry P. Huff,queued,
612324f4-0409-447b-b549-d723264f6548,henry-podolski,Henry Podolski,research_pending,Initial encyclopedia image-index search completed; no verified portrait selected. Broader research remains.
6932f779-1fd0-4f05-b343-b6b0551f9d3d,henry-pollack,Henry Pollack,queued,
5ee7a907-f71a-469c-88e0-36e02a5797cb,henry-powell,Henry Powell,queued,
cf1d9f2c-b867-44d9-9b3a-6a4f1cca6c2f,henry-purcell,Henry Purcell,queued,
4d2760c7-3803-42ae-a268-581891bd3448,henry-sack,Henry Sack,queued,
d94009e0-c31b-4154-8e36-10940531bf6e,henry-schmidt,Henry Schmidt,queued,
2e54c235-76f5-4a28-b00e-4f06e132ea58,henry-schneider,Henry Schneider,queued,
fa8cdf44-0a01-4fc7-a6a7-9a2b456fa546,henry-shepard,Henry Shepard,queued,
ff6b50e2-2509-4622-8439-90802c98ec34,henry-shields,Henry Shields,queued,
151c4fb0-752d-47e0-87d6-d1eb8c26de7f,henry-silva,Henry Silva,queued,
fbb14c0b-d6fe-4732-b381-8faa3e79cf01,henry-stark,Henry Stark,queued,
a814ed34-cfca-4ae0-890e-4222d0680e44,henry-stock,Henry Stock,queued,
a37d5584-9406-4c86-b6dd-4d898609ad34,henry-storey,Henry Storey,queued,
35f4ba6d-0a1d-4cfe-a310-802c86c7590b,henry-teal,Henry Teal,queued,
4ef224d1-5d18-4284-a7b3-92d778909827,henry-trigos-celon,Henry Trigos-Celon,queued,
d9349880-5cc8-428b-abdf-c3ab1ccd13c3,henry-w-long,Henry W. Long,queued,
e30e183f-8390-48be-a787-5ade259d9092,henry-wiebe,Henry Wiebe,queued,
8b965109-b40c-4f09-a288-c3d3addc6a30,henry-william-watts,Henry William Watts,research_pending,Initial encyclopedia image-index search completed; no verified portrait selected. Broader research remains.
65109b57-e019-4528-a7cd-ad48b329f676,herb-geraghty,Herb Geraghty,queued,
b7252dc4-55c2-4b74-b113-484c8dd8cd3e,herb-mccosham,Herb McCosham,queued,
f48790a0-563f-4316-a5c4-24656fade168,herb-powless,Herb Powless,queued,
2a3f24ab-d3c6-4d97-b99a-8f40663d5cf6,herbert-brausch,Herbert Brausch,queued,
a09115b5-904e-4459-bd6a-9d5cca457c26,herbert-f-mansol,Herbert F. Mansol,queued,
7a19703a-4722-400b-b587-0ec6364def61,herbert-harold-jackson,Herbert Harold Jackson,queued,
a738062c-2a9c-4bfe-9d23-a5566130956c,herbert-j-phillips,Herbert J. Phillips,research_pending,Initial encyclopedia image-index search completed; no verified portrait selected. Broader research remains.
6670d16d-23bd-4e15-a120-e9078ea0cf32,herbert-mahler,Herbert Mahler,queued,
8c08b7a8-dfad-4341-a81b-12625e986a91,herbert-mansolf,Herbert Mansolf,queued,
4951db16-c610-4c29-9104-ef4d4d7f5a19,herbert-mccutcheon,Herbert McCutcheon,queued,
96c5b445-2bd6-436e-94d0-40edbe0502a3,herbert-mcgee,Herbert McGee,queued,
26782fa1-923f-4844-b254-e0c2fd9ea74b,herbert-nelson,Herbert Nelson,queued,
a8c05baf-29f6-4850-9130-8d3c8e02aa4c,herbert-newton,Herbert Newton,queued,
50d06263-7a11-4e50-9202-4cdc2f6ff36d,herbert-phillips,Herbert Phillips,research_pending,Initial encyclopedia image-index search completed; no verified portrait selected. Broader research remains.
3927e67c-dfdc-4054-b31a-275987be8acb,herbert-simpson,Herbert Simpson,queued,
df50d6e9-3ca6-4826-a809-5d20a2639a08,herbert-stredwick,Herbert Stredwick,queued,
36a02ede-2eb0-4db2-9689-191288a47218,herbert-x-blyden,Herbert X. Blyden,queued,
2e151136-15f7-4656-9239-a7c470dcbfff,herbert-zimmerman,Herbert Zimmerman,queued,
eb789e3a-6a52-4b39-8d89-c976b8c950e5,hercules-anderson,Hercules Anderson,queued,
6a40da9c-5c52-43cc-9065-49d6964ccb5c,heriberto-marin,Heriberto Marín,queued,
b248601d-576d-4c40-8037-67eef78cabb4,herman-bausch,Herman Bausch,queued,
2dc51fd6-69de-42b2-99fa-fe0dedec78b6,herman-blass,Herman Blass,queued,
ec6463a4-2e08-4f46-97c7-e2decb7b2053,herman-blyden,Herman Blyden,queued,
0cbe7d99-0adb-4427-baf3-54f2a96993ab,herman-d-kaplan,Herman D. Kaplan,queued,
7bc39f03-3ef3-48f3-8d32-507bab963003,herman-elsmer,Herman Elsmer,queued,
cb1be0fd-8104-49b6-b32a-c27528b68ca5,herman-f-reimer,Herman F. Reimer,queued,
e8e7edc9-0d5d-4967-986a-c329a70c4280,herman-fletcher,Herman Fletcher,queued,
4e0034ee-f56c-42bb-b728-2c05f92271ac,herman-husband,Herman Husband,queued,
944b6bda-e0eb-41b6-ad2a-f6417efef3ab,herman-i-frey,Herman I. Frey,queued,
9dbada0e-1cff-4c53-bc6d-e751908c307b,herman-lemke,Herman Lemke,queued,
65cd8631-0c4f-4956-a2ac-703b2b16bbc2,herman-liveright,Herman Liveright,queued,
9329e426-9b3b-413c-b4d5-95dc1bf9c7f1,herman-loewen,Herman Loewen,queued,
61afca7f-d6ab-487f-b64f-98490bf1071c,herman-orear,Herman O'Rear,queued,
2054e9fa-229e-44f1-a470-0cf32e8c30d5,herman-singer,Herman Singer,research_pending,Initial encyclopedia image-index search completed; no verified portrait selected. Broader research remains.
382fa25a-6685-420c-bd92-8f3e6f8e3296,herwig-jantschik,Herwig Jantschik,queued,
702a30f8-b85c-44b3-8fc0-501e8dc5058b,heshimu-lloyd-brice,Heshimu Lloyd Brice,queued,
65c0133b-ddf9-48ae-ba7c-920ca5cf6d24,hicham-talal,Hicham Talal,queued,
1109e9b1-f336-444d-ba18-1934f8fcb77b,hilda-blumberg,Hilda Blumberg,queued,
ac83eb42-47cd-4357-88e5-b3b090770a80,hillel-arnold,Hillel Arnold,research_pending,Initial encyclopedia image-index search completed; no verified portrait selected. Broader research remains.
822565e9-97ec-45e5-adac-0748647e751c,hilton-fernandez-diamante,Hilton Fernández Diamante,queued,
2c6fdae9-7c0a-494c-90fa-85659d52af70,himelius-hockett,Himelius Hockett,queued,
51c852c3-dd51-4c3a-ba3b-658f9ef34efc,hiram-lozada,Hiram Lozada,queued,
1809f81f-1332-4ae6-bd0e-f214fbc70741,hjalmaer-johnson,Hjalmaer Johnson,queued,
4c81a35f-5439-4267-8ac4-38a89e9b792c,hobart-crandall,Hobart Crandall,queued,
4e6ab976-4468-49f3-8651-31619e8d737a,homer-b-curtis,Homer B. Curtis,queued,
81c30a7e-9d4d-4f46-be05-04ea93208b24,homer-b-stewart,Homer B. Stewart,queued,
40b7f555-9742-4645-9de1-726922472652,homer-morris-reed,Homer Morris Reed,queued,
170b4a3d-7ee5-46a3-9ded-d1992a09af52,homer-ware,Homer Ware,queued,
8d4943dd-2fd4-4ffa-9e2b-eacc128ad9b1,homer-welch,Homer Welch,queued,
a06fb982-aec0-4d70-be43-93beca9cb8e9,horace-bryan,Horace Bryan,queued,
c81004db-8572-4bc9-93bc-b0aca5f33d9a,horace-wilson,Horace Wilson,queued,
bd83e829-36e1-499f-8976-f0f2b47091de,hosea-williams,Hosea Williams,queued,
eb6c27a9-f27b-4f56-a0e0-774670521918,howard-ay-gibbs,Howard Ay Gibbs,queued,
957c927a-5c97-4375-840b-6dae19558028,howard-b-brutton-jr,Howard B. Brutton Jr.,queued,
2c6b82ba-657f-4048-8104-5add9e5ef672,howard-hairston,Howard Hairston,queued,
c02f578c-0e49-4cf5-8b41-55ca9e7ef2bc,howard-moore,Howard Moore,queued,
69c146d0-998f-454a-b2de-3affdf61aced,howard-morland,Howard Morland,prepared_batch259,Verified portrait prepared; deployment not yet confirmed.
cd2f6a9a-7d81-4665-9cca-b6003c1be02e,howard-norton-machtinger,Howard Norton Machtinger,queued,
e64214b8-406d-4654-b09e-dd14dad081a2,howard-overman,Howard Overman,queued,
d5252280-1601-4f63-bdbf-55d2e26c4e43,howard-schoenfeld,Howard Schoenfeld,queued,
adcc6a17-c6e9-4aa1-b101-b8e6430f0300,howard-spragg,Howard Spragg,queued,
547a1587-1947-44ca-99f5-6471eb513e70,howard-welton,Howard Welton,queued,
51fec080-a5c6-4d73-aacd-59857937b776,howard-wilbur-moore,Howard Wilbur Moore,queued,
ffd927c7-6a75-4fef-9d4b-d3a4ef9b31ab,hubert-vowells,Hubert Vowells,queued,
7bad7e21-643c-437a-9591-19ef350aeab6,hugh-bryson,Hugh Bryson,queued,
10b10313-4197-44b9-832a-55a00558a179,hugh-dempsey,Hugh Dempsey,queued,
b0f0325a-c109-4938-b103-7388184b5e9b,hugh-f-farrell,Hugh F. Farrell,queued,
76b8c471-bdae-4363-983e-40935d2cfcb7,hugh-g-dalton,Hugh G. Dalton,queued,
b859afc8-424f-4093-9cc7-a0898973a914,hugh-hazlett,Hugh Hazlett,queued,
5dcdfe23-55e4-4d00-b553-ba527be83799,hugh-lester,Hugh Lester,queued,
996ae0ea-f7e5-421a-a8c1-ba674f179ffb,hugh-mcgehan,Hugh McGehan,queued,
08b8286c-65d8-432c-b4ff-5ce0e18290b4,hugh-mckiernan,Hugh McKiernan,queued,
0c50b6bf-92dd-47a3-908a-71d7f0498035,hugh-nanton-romney-jr,Hugh Nanton Romney Jr.,queued,
659c8ab3-b509-4331-87fe-df149062b4cf,hugo-butler,Hugo Butler,queued,
f4ac58aa-f7f8-4079-aefc-5d0a21163002,hugo-cederholm,Hugo Cederholm,queued,
5d3392f1-5aad-4980-8621-a98f694e315c,hugo-degregory,Hugo DeGregory,queued,
1b057279-0690-4701-8ba0-9d816f1132e0,hugo-steidel,Hugo Steidel,queued,
6bee206a-a42c-409e-b0e1-f66c7e19ae9a,humberto-nunez,Humberto Núñez,queued,
7ab140f0-fbb6-4b86-9ed6-fe7baf3dfc68,hunter-mattin,Hunter Mattin,queued,
ac6e77f4-d032-41c7-9c69-c6ac53f43971,hussein-tagiev,Hussein Tagiev,queued,
b3f7eba4-2570-4409-a9f0-61585f204963,hy-gordon,Hy Gordon,queued,
1b339709-8579-4cab-a8aa-7ccff6f41637,hybachi-lemar,Hybachi LeMar,queued,
c1e4fa8d-cb73-46f6-8bf7-f6c4d579182f,hyman-abramowitz,Hyman Abramowitz,queued,
8e70f4c4-6446-4790-b753-5318364593c7,hyman-bloch,Hyman Bloch,queued,
5d74c1e9-2426-43bc-8a40-7ecdf53d65b8,hyman-denowitz,Hyman Denowitz,queued,
bf716bc8-4c81-4bca-9e19-ad2e899ae26e,hyman-lachowsky,Hyman Lachowsky,queued,
c0e0d5f6-baec-4645-a245-8dfd5a97cba4,hyman-levinson,Hyman Levinson,queued,
746d4e60-848d-4b8c-be9b-bd7d09ad09f3,hyman-lumer,Hyman Lumer,queued,
3a04820c-1997-42f4-abe0-ef7e0e9acd69,hyman-roransky,Hyman Roransky,queued,
1663f079-8621-4dcf-a9c0-64a14addde5a,hyman-rozansky,Hyman Rozansky,queued,
7bd1dc3a-eb08-45e8-a7aa-ec01213f4fd4,hyman-schlessinger,Hyman Schlessinger,queued,
9ad3de85-7bfb-4047-97b7-46bd3270ddb5,hector-guillermo-diaz,Héctor Guillermo Diaz,queued,
56fb9463-7d9a-42cb-9b10-ef7a4d513619,hector-m-otero,Héctor M. Otero,queued,
e51e2685-ae71-417f-a8b0-a6d15d3c5a21,hector-xavier-otero,Héctor Xavier Otero,queued,
382e5324-be24-4d44-b784-dd6ced342b9a,i-adamson-thomas,I. Adamson Thomas,queued,
e0b7d111-ce12-4c03-bdf8-61906c51d8b3,i-o-ford,I. O. Ford,queued,
6f59ad48-ad4b-41b9-94ac-6bd190f9b0aa,i-t-boutell,I. T. Boutell,queued,
9f167366-9d94-49e2-9432-879db8dd13ff,i-w-swats,I. W. Swats,queued,
976ed7da-60f0-450a-858b-ed4adf360315,iakov-kovalevich,Iakov Kovalevich,queued,
9a990617-5d50-4fe5-a0e5-c4f9e2324c19,ian-thompson,Ian Thompson,queued,
aaf609d8-3987-4897-be2a-69ca549a3537,ida-gottesman,Ida Gottesman,queued,
7d35f407-d2cd-497e-95f2-181b932af3a8,ida-rothstein,Ida Rothstein,queued,
064e2bd6-161d-4dbc-94af-f6578e54581c,idell-kennedy,Idell Kennedy,queued,
d6735bfa-69cd-492d-ab90-c1cb59c14d4e,ignac-worobien,Ignac Worobien,queued,
b2a3e5d8-c4b2-4243-b4cd-00f7c38b655f,ignacio-gonzalez,Ignacio Gonzalez,queued,
00629e41-ac98-47f6-8620-edee184c86c8,ignacy-wysycki,Ignacy Wysycki,queued,
3284a196-df57-40e2-880a-45ddb65625fe,ignacz-fogler,Ignacz Fogler,queued,
6d4ab83a-c505-4951-9d9f-8e9a6789a79e,ignaty-ramoroff,Ignaty Ramoroff,queued,
97f16130-2d55-4bfe-b772-1d5bfbeb4b0a,ignatz-konoval,Ignatz Konoval,queued,
4a1f30a3-c81b-457e-82de-ff8dbb465ac4,ignatz-kriva,Ignatz Kriva,queued,
706b3c79-063a-4d1f-813a-5378add1d8da,ignatz-l-lahuta,Ignatz L. Lahuta,queued,
c7c9911c-3d17-4498-be99-c6ddeefa8901,ignatz-mizher,Ignatz Mizher,queued,
38fdd298-e7cc-4f3b-8c70-cd64c22d2360,ignatz-simich,Ignatz Simich,queued,
48662648-4290-4b85-90db-78951f082a12,ignatz-szteklek,Ignatz Szteklek,queued,
ebd1e855-2bd4-445a-ab78-9e298ebf41cf,ihsan-elashi,Ihsan Elashi,queued,
1ed3b3d8-6fd4-4f61-8c9e-b8c701faaf9b,ike-robinson,Ike Robinson,queued,
c09c5e7b-990a-4cfc-a40d-0112b6d95125,iliana-robinson,Iliana Robinson,queued,
250ec1c6-6a90-4939-82e3-ca6c1d6db5f8,ilya-kerczuk,Ilya Kerczuk,queued,
f55b5666-bdad-4ce5-88ca-26d12701fd28,ilya-kovalsky,Ilya Kovalsky,queued,
a944a171-f3da-41e1-b8c3-c0b9d3f94020,imac-morales-carrasquillo,Imac Morales Carrasquillo,queued,
508a6235-a178-43a0-bcba-8b1649ffaf70,ina-wood,Ina Wood,queued,
5476d7e3-4c6c-4db7-ab61-1618079d7fdb,inez-garcia,Inez García,queued,
ac72a2ed-83a0-4ddb-86bc-746685893d21,inocente-cayetano,Inocente Cayetano,queued,
e0460721-a036-4966-b259-16b14d3c95ab,ines-ruiz,Inés Ruiz,queued,
597fb0af-e188-46e5-ba62-a4b12c88180d,ioannis-viglakis,Ioannis Viglakis,queued,
3947a0d4-572d-4ded-8baf-1c404004ef96,iosif-vasilenko,Iosif Vasilenko,queued,
8bf9513c-a39a-4709-9780-4a86d2a3cba4,ira-b-davis,Ira B. Davis,queued,
8d11b2f4-88c5-4ea7-890f-f78ad196ab20,ira-b-graber,Ira B. Graber,queued,
09a28d53-7b35-481a-b12f-4924e2ac13e2,ira-cobb,Ira Cobb,queued,
ddd30f6c-a812-46f9-bdf9-4373fb695193,ira-hardy,Ira Hardy,queued,
7444fe4a-33b5-4ebf-9938-06e140a076c0,ira-silbar,Ira Silbar,queued,
49ae8416-928a-497f-8a0a-10dd4af1e9dd,ira-tackett,Ira Tackett,queued,
f2e373cb-979b-4747-b290-a8270b419c1d,ira-thrap,Ira Thrap,queued,
2f267414-4da3-490e-afc7-bf8ad0f329bc,irfan-khan,Irfan Khan,queued,
c8e0de35-dd06-45c2-a028-829286a7b9b0,irma-otto,Irma Otto,queued,
7f6f3af0-6794-4390-8307-92e48ae17a3a,irma-rodriguez,Irma Rodríguez,queued,
127e96a7-7ffb-4384-bc7a-b0f87b564437,irma-sanchini,Irma Sanchini,queued,
654e5e11-9463-45ac-89bc-8f05127fd7a9,irvin-c-leichty,Irvin C. Leichty,queued,
e3602568-5555-414f-9a48-45c89c75fefb,irvin-katz,Irvin Katz,queued,
945e8776-dbe0-4f06-b5e4-c5ea7f8df1a8,irvin-vasquez,Irvin Vasquez,queued,
6312a4a5-e3a2-44d1-a4e6-a76b351e48fb,irving-aarons,Irving Aarons,queued,
e10c1603-1bc5-4fab-8d3b-0394da347d62,irving-blau,Irving Blau,queued,
a65afbc9-0317-4a61-9e50-56ec45f98aaf,irving-dichter,Irving Dichter,queued,
f6c4860c-6aa8-4ed8-a383-9c767aaace5d,irving-feiner,Irving Feiner,queued,
e777cee7-7891-4a24-bdb1-09cb9ac3cc99,irving-katz,Irving Katz,queued,
4d349173-b478-41db-a2e1-620826905d13,irving-keith,Irving Keith,queued,
dbe8fb62-2677-4e08-9b0b-3766b057e2f9,irving-murray,Irving Murray,queued,
bee3ce81-1d96-43a4-b8df-1f5a16e6b95c,irving-schwartz,Irving Schwartz,queued,
dda3cd63-3c2b-4900-9d10-34e77add6114,irving-weissman,Irving Weissman,queued,
b0abab69-0ae2-4d34-a862-fc95036a2aad,irving-young,Irving Young,queued,
e071a6ae-34d7-489c-bc87-eda924f76f00,isaac-antonio-villegas-molina,Isaac Antonio Villegas Molina,queued,
a6d28ae8-f940-4204-831f-ae893dbd5ca4,isaac-bennejo,Isaac Bennejo,queued,
6ffebb5e-9ce5-4703-81ab-bc65ec30708e,isaac-camacho-negron,Isaac Camacho Negrón,queued,
13c185e7-7ca5-4e6f-b526-e5bca99f6895,isaac-gibson,Isaac Gibson,queued,
95592211-ca81-4677-80d2-45ca6ad5f779,isaac-l-burhans,Isaac L. Burhans,queued,
255a5065-d45a-402a-a647-38b385bc772e,isaac-mims,Isaac Mims,queued,
cb974738-b46c-4ec1-aee9-e016a801a583,isaac-t-dirks,Isaac T. Dirks,queued,
676793c2-1658-4d32-8e1f-f0ecb8e63021,isaac-walker,Isaac Walker,queued,
e36ae3ba-de12-4890-9804-69810453c6ad,isabel-rosado-morales,Isabel Rosado Morales,queued,
ba72e24a-3f1e-4618-b58a-c59879c7380c,isabelo-de-los-reyes,Isabelo de los Reyes,queued,
fe00b96c-e834-4fe6-95a3-23667282fd11,isadore-berkowitz,Isadore Berkowitz,queued,
3ef05597-7a97-449c-8294-020a6d2a91dc,isadore-trzeliakiewicz,Isadore Trzeliakiewicz,queued,
c24aad4f-9078-46c4-affc-52a25d362261,isaiah-bryant,Isaiah Bryant,queued,
6c8fd0bd-c864-485f-8a34-d0a5c0d3eef1,isaiah-jk-lindsey-salinas,Isaiah JK Lindsey-Salinas,queued,
bad42869-4e7c-4bab-b695-7275dfec4a71,isaias-agosto,Isaias Agosto,queued,
50f7be97-9cc0-4245-bf10-eae544047345,isidor-bach,Isidor Bach,queued,
245de74b-72d1-471b-8820-9cbcfdbd5de3,isidor-oleynik,Isidor Oleynik,queued,
cfce4355-1718-4f7d-ab20-4d224dc54bb4,isidore-curson,Isidore Curson,queued,
401062a5-daa9-4b5c-9cb2-dbf4cfe40dc9,isidore-hartman,Isidore Hartman,queued,
5611e0ef-7c30-406b-922e-1606719db060,isma-el-rahim,Isma-El Rahim,queued,
8d712657-d331-4afc-987c-8ffb517d9a8c,ismael-cruz,Ismael Cruz,queued,
039f40ed-fe41-4f7b-a6e4-e031b02dc78c,ismael-gonzalez,Ismael González,queued,
3a3bb37d-b699-4ade-bcdd-5b765d309c43,ismael-guadalupe,Ismael Guadalupe,queued,
c0383ea2-8186-4f49-afb9-cdfe6a3c7ae6,ismael-guadalupe-torres,Ismael Guadalupe Torres,queued,
e7c2a514-a13f-490f-ab61-7914b2379415,israel-berlin,Israel Berlin,queued,
8b833fba-7e7a-47ef-b69f-745e5037edf9,israel-blankenstein,Israel Blankenstein,queued,
3df1e448-a38b-4264-bf61-5be5e1c720ce,israel-lazar,Israel Lazar,queued,
5ec43759-0a0c-474c-9397-cfd8afe49fb1,israel-medina-colon,Israel Medina Colón,queued,
928d511e-5585-40b4-854d-d86f219d1ebc,israel-pemberton,Israel Pemberton,queued,
f1bdbe74-632c-4290-968e-0205c47b4ed5,israel-prager,Israel Prager,queued,
3b659f3e-93f1-495f-86af-f2d16ef39f8a,israel-simon,Israel Simon,queued,
21106bcb-cf5c-48e4-99a8-89a8082d4d27,israel-weinberg,Israel Weinberg,queued,
1262de59-5b87-4cf7-ae6c-3c736bed149f,issay-volkov,Issay Volkov,queued,
4bb96d97-0580-4d09-aebc-0592c3b0dced,isso-gartner,Isso Gartner,queued,
0fe5a179-7e70-4948-a9e0-7ab36ac8ac07,ivan-anotsky,Ivan Anotsky,queued,
e4be013e-2b2a-48c1-bdf2-fea69e42cf2f,ivan-barnes,Ivan Barnes,queued,
646a15bf-0f9c-4272-a6f2-243d49a1a81d,ivan-baskevich,Ivan Baskevich,queued,
eb064d46-2763-41eb-8f3f-4d6126758652,ivan-borovsky,Ivan Borovsky,queued,
2b7a9811-458f-4571-b201-b78e1d7260a2,ivan-chernyavsky,Ivan Chernyavsky,queued,
8f21679f-0a05-427a-bb47-6cdbc8a06167,ivan-danilovich,Ivan Danilovich,queued,
de9aecdb-0f97-449d-b096-f570e87983d8,ivan-denczyk,Ivan Denczyk,queued,
feb1a333-eda1-4240-96b8-3f0f19c6bd15,ivan-dudinsky,Ivan Dudinsky,queued,
af437643-2de8-4fd2-bb65-a074f68973f1,ivan-elko,Ivan Elko,queued,
a7118665-a173-4703-b31a-0de2c443d7b2,ivan-ermola,Ivan Ermola,queued,
2df4e1ed-d551-4c02-a232-4133d1d288fa,ivan-fedosky,Ivan Fedosky,queued,
b983755a-e0ba-4db9-a7fd-2639a92f5802,ivan-felchuk,Ivan Felchuk,queued,
e9000613-8592-48b1-9fd7-65f27e4f05e0,ivan-filisofov,Ivan Filisofov,queued,
ff7a0a56-b2e7-46d9-9f3b-da5f74193a29,ivan-g-baldenkov,Ivan G. Baldenkov,research_pending,Initial encyclopedia image-index search completed; no verified portrait selected. Broader research remains.
82df8677-fc89-46e9-a172-1f419f718724,ivan-gornovsky,Ivan Gornovsky,queued,
dab56e64-8a79-4edb-97ca-b615f67853a8,ivan-gramatsky,Ivan Gramatsky,queued,
a787f9cb-28a4-44c5-b0bd-570fe14d546f,ivan-gushchia,Ivan Gushchia,queued,
8f20ad76-74a9-40f3-adcf-fcda5cf9d935,ivan-harrison-hunter,Ivan Harrison Hunter,queued,
7b83a636-8f92-449b-bb71-7c24ff771b0f,ivan-hochstetler,Ivan Hochstetler,queued,
d1dfb4b4-ebf4-47d6-a1d8-ab21d76ecc81,ivan-hostetler,Ivan Hostetler,queued,
7a6dbedb-fa9c-4353-bc11-8fc8fa222367,ivan-j-busija,Ivan J. Busija,queued,
76addfe8-48fb-473c-9b81-bb834a2adf5f,ivan-jacob-zecher,Ivan Jacob Zecher,queued,
2448cabc-ba8a-41fd-9794-051c778818ba,ivan-kalenikov-rusak,Ivan Kalenikov Rusak,queued,
230ab423-9e01-4d5f-9223-6914b74a9a85,ivan-kalenov,Ivan Kalenov,queued,
e20eb207-4297-4c14-908e-d35f798e9e98,ivan-kamisoruk,Ivan Kamisoruk,queued,
357ad59a-1cab-4661-8683-5ba7f80d8ae6,ivan-kesevich,Ivan Kesevich,queued,
c7283cf0-e709-4b72-8346-b27d5978f473,ivan-kozlik,Ivan Kozlik,queued,
b4a3b3b2-e266-453d-bd79-7576f5e97c40,ivan-kozy,Ivan Kozy,queued,
0e6eef31-e8e0-4bf7-b283-0157ca123367,ivan-kulikoff,Ivan Kulikoff,queued,
fbdde1fe-b29b-4728-ba3c-ff077532416e,ivan-lapitsky,Ivan Lapitsky,queued,
cb6b0d46-116d-42ff-9fd8-76ee5b981d8e,ivan-laposanko,Ivan Laposanko,queued,
0b1bcce2-7825-4d84-bc3b-34ef1a378b80,ivan-loshakov,Ivan Loshakov,queued,
46e43671-9ab8-416a-b9a8-05f3724b988e,ivan-maiboroda,Ivan Maiboroda,queued,
49a75708-ee5a-4257-8cd2-c2ced7cbe2f9,ivan-malash,Ivan Malash,queued,
bdc0b4d5-c2f0-48fd-8270-d0c4cfdba703,ivan-martinovsky,Ivan Martinovsky,queued,
80aed7bf-df44-4b9c-9b5a-8cf0996fd236,ivan-morgolenkow,Ivan Morgolenkow,queued,
3a2c2cf0-453b-4045-8632-0e48f285544d,ivan-nevar,Ivan Nevar,queued,
4c30dfea-3af8-47e2-9964-ace0c4423198,ivan-nicholaevich-brunert,Ivan Nicholaevich Brunert,queued,
38f9dc48-8566-40e2-9b77-58118e4537cd,ivan-novikov,Ivan Novikov,queued,
a95249cb-8100-467a-b8b1-942d25a66179,ivan-povlycic,Ivan Povlycic,queued,
a19e5404-66a1-4ea4-a849-ed4f84418787,ivan-sabshuk,Ivan Sabshuk,queued,
b552c620-d61b-41bc-92ff-c032d583d8d9,ivan-samuylov,Ivan Samuylov,queued,
c0d16316-28f7-4124-9e41-80d7ef419044,ivan-sanko,Ivan Sanko,queued,
27298da6-e20b-4c30-95bf-a3b88bd6fc2e,ivan-sussoyeff,Ivan Sussoyeff,queued,
393b0940-0630-4345-8707-9ff3a5fd694f,ivan-william-sasaepp,Ivan William Sasaepp,queued,
2044bc16-fe2b-48ee-8c55-6ce3367e7b2b,ivan-yatsyshen,Ivan Yatsyshen,queued,
f72330c2-edb9-4dd5-a040-8e228cbab4b3,ivonne-melendez-carrion,Ivonne Meléndez Carrión,queued,
c8ddd881-e33f-4a68-8236-ba980ccc455d,ivor-moe,Ivor Moe,research_pending,Initial encyclopedia image-index search completed; no verified portrait selected. Broader research remains.
6c7defc3-d6e0-49fa-ac79-72d015d87460,ivan-alonso,Iván Alonso,queued,
a07094ce-917f-4144-8edc-aec5c5ebce82,ivan-dario-melendez-carrion,Iván Darío Meléndez Carrión,queued,
74db498e-728f-4b80-aac6-248ab56468c1,ivan-elias-rodriguez,Iván Elías Rodríguez,queued,
504645ee-1a59-4c2f-b789-aa35fe217e46,izell-chambers,Izell Chambers,queued,
bf6d98b7-2f20-4629-a6ba-8742992dd8b4,izhar-khan,Izhar Khan,queued,
07c815ca-3737-4428-b955-6030ae0e5eae,izhar-muhammad,Izhar Muhammad,queued,
3ea97b29-81e6-4e36-9197-480c4ff56149,j-a-beaumont,J. A. Beaumont,queued,
0e3e78e8-6270-4aba-990e-88e199bc4bb0,j-a-casdorf,J. A. Casdorf,queued,
7189eb24-a6a3-47ba-ab81-0f35042f2fca,j-a-maxwell,J. A. Maxwell,queued,
63521812-e1fa-4b3c-8f68-7c70c931dc59,j-a-miller,J. A. Miller,queued,
c07b6cf6-6144-4f8b-89a4-44ba813340b9,j-a-moreland,J. A. Moreland,queued,
f172955a-200d-4a88-ad14-ad1fdfa72149,j-b-childs,J. B. Childs,queued,
34ab28d0-4e3a-4ddc-af2f-d309da77643a,j-c-allen,J. C. Allen,queued,
c7343293-c4f8-4525-a12c-034be86ab31f,j-c-crenshaw,J. C. Crenshaw,queued,
323ee79c-a567-429e-92ba-2c790ba3ab88,j-c-garland,J. C. Garland,queued,
04b7fa04-2d59-4934-b445-f1e1a6dc900a,j-c-heffner,J. C. Heffner,queued,
062f6734-af40-422b-92b5-cac15ba7f652,j-c-masten,J. C. Masten,queued,
1aae5cb8-e130-41b6-8914-20fb92693bfa,j-c-robinson,J. C. Robinson,queued,
6792962e-fbb9-4f40-ae2a-b7d5dd96b7a3,j-c-weers,J. C. Weers,queued,
5588ba66-98c0-459e-93ab-23a809219882,j-corbin,J. Corbin,queued,
f91aad79-0d37-42b7-a877-5b26c462f62a,j-coster,J. Coster,queued,
4f8da97f-ea56-40b2-a7af-3c20b65569c7,j-cronan,J. Cronan,queued,
7c51226a-9699-4248-9a10-2021ce73e815,j-d-conovaloff,J. D. Conovaloff,queued,
55348c3a-837d-4683-8712-d107bd358a1c,j-d-manus,J. D. Manus,queued,
8a1f115c-f59e-4778-a5b7-9f5587eef58e,j-dunbrouski,J. Dunbrouski,queued,
fc07ebe1-5dfa-47fe-9f62-1b949a4bb514,j-e-harvey,J. E. Harvey,queued,
6957d899-870d-4ea3-bbd8-686303566496,j-e-knox,J. E. Knox,queued,
e645baf1-f377-4817-b023-7338fb4cc79d,j-e-wiggins,J. E. Wiggins,queued,
78fa34b0-ee8d-4dce-ac79-4ec5ad86f80c,j-emma-martin,J. Emma Martin,queued,
306b4383-8ac0-48b2-9bfd-18f7738c3546,j-f-harraway,J. F. Harraway,queued,
e5387155-2fe4-4695-aacd-80002097e233,j-g-shellenberger,J. G. Shellenberger,queued,
84e3cf8b-fb4b-420f-972b-b6ba385d909a,j-gresbach,J. Gresbach,queued,
a856e47d-3f19-41b8-ba69-8763f2823541,j-h-majors,J. H. Majors,queued,
a5bb26b9-4650-46b1-8633-d85d5edeb3cd,j-h-shintz,J. H. Shintz,queued,
e5cbaf02-df9f-44ba-8352-f04a1953bbec,j-h-stephenson,J. H. Stephenson,queued,
56543cb3-f094-4a86-93e7-356cf44b06a3,j-henry-albers,J. Henry Albers,queued,
a0720091-221f-44a8-9a24-02738d02d231,j-j-johnson,J. J. Johnson,queued,
2ae9e983-48f4-4501-a04f-40894fdecc9c,j-j-mcmurphy,J. J. McMurphy,queued,
48fafd00-2d39-4d62-ad51-0776c402c5b6,j-l-brian,J. L. Brian,queued,
fd6054fd-2c82-40e0-924e-d93ba4024565,j-l-german,J. L. German,queued,
41a90586-1ac4-4757-bc68-89549a1eb413,j-l-hollis,J. L. Hollis,queued,
0835e57a-e437-40c4-b31b-c4a1b135747f,j-l-obrien,J. L. O'Brien,queued,
b45831a6-a0f0-42e7-9eee-ca3962e251ab,j-l-williamson,J. L. Williamson,queued,
62b79678-322c-433f-acef-d68856eeb24e,j-m-beck,J. M. Beck,queued,
8f9d6f5b-ea39-48c4-bed4-8489231f2196,j-m-danley,J. M. Danley,queued,
734937bc-27fa-4fb1-a92b-70be4902f2ff,j-mcnichols,J. McNichols,queued,
cb9a8071-23ae-4288-a662-df2fcf78ca87,j-minor-sullivan,J. Minor Sullivan,queued,
484adcdc-3fc7-4c84-9b83-55372d903851,j-minor-sullivan-3d,J. Minor Sullivan 3d,queued,
7fb80827-00f0-446f-a125-98a2e00a3b79,j-moes,J. Moes,queued,
4c84a262-df4a-494e-ab11-8ee7aaf814fa,j-p-hoggard,J. P. Hoggard,queued,
aab0bfc4-7930-4b92-be66-053ba6e0a273,j-pilato,J. Pilato,queued,
c9bcedda-f45a-4a09-b4a1-63bcebdcc8fe,j-r-baskett,J. R. Baskett,queued,
56f1cc5f-cbd3-4576-81f6-d20b054a60a1,j-r-sparkman,J. R. Sparkman,queued,
b78bdaf2-1e66-4e6c-9ff2-8fabe2fd6ac4,j-robert-jones,J. Robert Jones,queued,
ab1ea330-b6f8-4711-8f2b-ec79b227ecb8,j-s-phifer,J. S. Phifer,queued,
3aee83ee-db1c-48a0-9e8e-1731751260e9,j-t-cumbie,J. T. Cumbie,queued,
6fc80e7b-36af-4862-b270-e422ca07aeba,j-t-doran,J. T. Doran,queued,
b14876ee-9e1c-42d8-9e11-0b2f07697a6c,j-tony-serra,J. Tony Serra,queued,
17c47ea5-6d28-4751-b74a-511251125bff,j-w-hayes,J. W. Hayes,queued,
886e05bc-2cd7-4ee2-8d63-ac46a74b63df,j-w-murray,J. W. Murray,queued,
58cae2ba-b2e4-496f-b1d9-925bb22e9070,jb-johnson,J.B. Johnson,queued,
d40d34a4-458c-4a7d-b5ee-f1a7a48d5f6c,jc-orton,J.C. Orton,queued,
f27a671a-f777-4705-9c8f-a68239f59364,jl-bialock,J.L. Bialock,queued,
d9827ab1-f0fd-45da-bbe6-ebd851540f87,jr-robertson,J.R. Robertson,queued,
a7a43b01-bc98-4267-94bd-805b583c4ef7,jabari-devon-davis,Jabari Devon Davis,queued,
9ee83e49-e842-48d0-a641-9dd6e55c4715,jacinto-manahan,Jacinto Manahan,queued,
2d486fac-794e-40ff-b557-1a1b81ac416a,jack-barton,Jack Barton,queued,
12b1df44-1022-48ca-91e0-cc1bbe905a70,jack-beavert,Jack Beavert,queued,
d2ee8f92-d9ac-4ed0-8ae7-495a33ca7db9,jack-caffray,Jack Caffray,queued,
e27e1ee0-2ab8-44de-8789-b7a26b724a06,jack-carney,Jack Carney,queued,
1ea424f7-f5a5-4826-b3da-406e6c9484a1,jack-cohen-joppa,Jack Cohen-Joppa,research_pending,Initial encyclopedia image-index search completed; no verified portrait selected. Broader research remains.
bbbf2543-625e-406f-a120-36f9c4b20a22,jack-crane,Jack Crane,queued,
a99f8d31-dfdc-48ac-837a-3b80b850cb54,jack-crawford,Jack Crawford,queued,
2994cb6d-6149-431b-8ab5-e6085e765d86,jack-d-mcintosh,Jack D. McIntosh,queued,
f0b6a9b6-d7a5-48ce-b190-6a8a992bf041,jack-donald,Jack Donald,queued,
38918dfa-2f9d-428c-81c3-5de6585c6b9b,jack-elder,Jack Elder,queued,
00b60064-fcbb-4089-af53-ec6f22205f94,jack-garvine,Jack Garvine,queued,
950e49b0-f1b9-4328-8369-fab24a00c15a,jack-gaveel,Jack Gaveel,queued,
116507bf-9009-4199-9c31-fd2a74b7ff67,jack-gilroy,Jack Gilroy,queued,
9af3c39d-4fef-49f6-a681-390a81459a56,jack-gravel,Jack Gravel,queued,
852f58a7-a77d-4563-9dbf-ea6a01d80824,jack-hall,Jack Hall,queued,
d2eadbc4-e7ef-4341-9efe-ff3e16848589,jack-ivory-johnson,Jack Ivory Johnson,queued,
3fe6a1b5-7763-45e2-8e1a-449c0989d1ff,jack-jones,Jack Jones,queued,
9e2513f6-7e34-490f-9793-28b0c1445b8d,jack-kimoto,Jack Kimoto,queued,
81bbaab1-a7c5-4e2a-a9ce-f7ab59aa7288,jack-law,Jack Law,queued,
ac0e0d36-809b-4d86-9891-fe0d8707e76a,jack-marth,Jack Marth,queued,
f74db467-6cb3-4ab3-9d1a-b685546c8e97,jack-moss,Jack Moss,queued,
a1e0db5a-b1b4-4de6-a12a-c2128587a514,jack-nash,Jack Nash,queued,
d74a1354-8c03-450c-9976-d1d800eccc4f,jack-oconnell,Jack O'Connell,queued,
bb2c7fcb-6ae0-4266-82d6-09345b5cdb52,jack-robey,Jack Robey,queued,
b195ce15-5c36-45a7-b757-2c390c002be2,jack-rubenstein,Jack Rubenstein,queued,
d8c06e2e-9ae6-4963-947f-9df66cb343a2,jack-ryan,Jack Ryan,queued,
e753f8c4-9fbd-4985-94a3-1e7814c777dd,jack-schneider,Jack Schneider,queued,
2c0596b8-05e3-4b1d-9f05-f666483c3c59,jack-warnick,Jack Warnick,queued,
772b6136-f025-4499-8b1e-6824ec9ece56,jack-weinberg,Jack Weinberg,queued,
13d931b1-4999-473e-acba-fca0cb889658,jackie-allen,Jackie Allen,queued,
d15e52f4-6923-436e-bd92-f50693627210,jackie-allen-doucet,Jackie Allen-Doucet,queued,
923d068b-200a-45b9-8219-81abcd1d728c,jackie-hudson,Jackie Hudson,queued,
79ad7fce-5f49-491f-8534-4dc68baa5f6f,jackson-george-green,Jackson George Green,queued,
58701d9c-503d-4a94-9a07-cadd790aa4ca,jackson-ingram,Jackson Ingram,queued,
411a64b1-628d-486c-901f-3ca2417f64b3,jacob-a-ratzlaff,Jacob A. Ratzlaff,queued,
97afddfa-7f99-4b0e-8427-5ae55f2b7146,jacob-c-janzen,Jacob C. Janzen,queued,
f0d9ed44-eeb6-473b-95c2-0b11ab5d5676,jacob-conroy,Jacob Conroy,queued,
4d4abdfc-286a-452e-b515-33922be42573,jacob-convaloff,Jacob Convaloff,queued,
223c8321-c2c9-413f-80e0-473c076417cc,jacob-d-mazelin,Jacob D. Mazelin,queued,
5afeb993-377b-4927-b980-f067d4ab44b8,jacob-daniel-webster-greene,Jacob Daniel Webster Greene,queued,
0010d58d-f323-40f6-93bd-ac3fba61abca,jacob-david-bardwell-sherman,Jacob David Bardwell Sherman,queued,
5c32f313-22a5-4fa2-b6a7-63b19ff6ead0,jacob-e-haugen,Jacob E. Haugen,queued,
52c257ba-950a-47ff-91f6-7e184a214ae7,jacob-e-tschetter,Jacob E. Tschetter,queued,
417692c4-48cd-4b0f-a1d7-964a34ab0990,jacob-fabulich,Jacob Fabulich,queued,
d938bfe5-5cd5-4abf-ae4d-53627b9986ca,jacob-falek,Jacob Falek,queued,
3c1d7980-b275-465d-921a-f5d673e3fc37,jacob-frachter,Jacob Frachter,queued,
51a668ce-2a86-4ba4-8414-7044fc46996e,jacob-goldring,Jacob Goldring,queued,
670c458d-139a-4e74-b7a6-6eda01e9439f,jacob-h-barkman,Jacob H. Barkman,queued,
a93cb2e0-10bb-4219-b15d-38588111caa2,jacob-harmon,Jacob Harmon,queued,
35a56451-6331-451b-878c-b08b550ecaab,jacob-heroch,Jacob Heroch,queued,
f69469ea-705a-4bd3-9d55-5879ff181be1,jacob-hinshaw,Jacob Hinshaw,queued,
858ae582-73e7-4cda-b689-96c54f1b78a7,jacob-jackotonsky,Jacob Jackotonsky,queued,
edd09e3c-e7a8-440c-82d5-60bc275a1067,jacob-jackson,Jacob Jackson,queued,
0b933ded-fbc6-499b-a95f-5240d259528e,jacob-k-platek,Jacob K. Platek,queued,
ac0909b2-28a2-4b58-981c-7fc02842b3f4,jacob-m-hofer,Jacob M. Hofer,queued,
f4b83d7b-ba4d-4745-987f-07a3acc12620,jacob-m-walter,Jacob M. Walter,queued,
6752effb-eeb9-4535-90df-25e344a73aec,jacob-miller,Jacob Miller,queued,
0ad762c1-3099-4a36-9ac8-71ed3662f634,jacob-n-martens,Jacob N. Martens,queued,
333f1be7-4968-4e58-a171-5c20fdbc602d,jacob-o-bentall,Jacob O. Bentall,queued,
44803e9e-63c1-434a-ac87-bb8168e7f265,jacob-popich,Jacob Popich,queued,
1f97dd68-9fc4-4d61-bbda-f586d7f6fd9e,jacob-r-shipherd,Jacob R. Shipherd,queued,
ca7bec16-dda3-4f42-9923-944a72dc9729,jacob-schneider,Jacob Schneider,queued,
890a026e-a417-4772-8b79-42f4adeddca4,jacob-schwartz,Jacob Schwartz,queued,
7c270fde-4166-4331-884c-15d52771cfae,jacob-vogel,Jacob Vogel,queued,
242dfe71-2e12-408a-94c4-edfe1375be7d,jacob-w-jantz,Jacob W. Jantz,queued,
7bfe59b8-487f-4e7e-9eba-1f830e6b2b39,jacob-w-rose,Jacob W. Rose,queued,
d46452d1-898e-42e4-b0ba-3a2bc4bae6ef,jacob-w-schroeder,Jacob W. Schroeder,queued,
56bdd95f-4f41-48a5-8c90-7a031a4d4c24,jacob-wipf,Jacob Wipf,queued,
ff7f689c-166c-4f05-99e8-be082bd92dfc,jacob-wortsmann,Jacob Wortsmann,queued,
4d76bbc5-3691-48fd-8826-3fb4f97db918,jacobus-quigg,Jacobus Quigg,queued,
f2c33ced-778d-4d89-b908-43ee1a7b17ab,jacqueline-jackson,Jacqueline Jackson,queued,
8e90972c-45ef-4d93-ac37-63ec75e8edb7,jacques-lamaux,Jacques Lamaux,queued,
d1270ced-6c09-4b37-ab0d-44fee7dee810,jaime-camacho,Jaime Camacho,queued,
cf06daaa-0216-42d4-b647-a9ba882143d0,jaime-delgado,Jaime Delgado,queued,
4d854853-d19e-4958-9610-7cfd87ff04b7,jaime-francisco-diaz,Jaime Francisco Diaz,queued,
18801ecf-d481-431e-8195-3520109c20fc,jaime-perell,Jaime Perell,queued,
ae7b8504-918b-49b8-8178-7abc2950d49d,jake-conovaloff,Jake Conovaloff,queued,
f9172319-0e21-4ca9-827b-e00ad22f9738,jake-cooper,Jake Cooper,queued,
7975af11-42a5-46d8-9255-c2fc9f67e832,jake-edd-tschetter,Jake Edd Tschetter,queued,
cb759183-949b-4189-b859-2a7600f2416b,jake-j-schmidt,Jake J. Schmidt,queued,
a5465ce0-b279-44b2-bc62-fd63c7fb7219,jakhi-mccray,Jakhi McCray,queued,
46ec7195-89f2-4fe9-931b-213811057d88,jakim-eschuk,Jakim Eschuk,queued,
37fd1021-882f-4fce-ba9f-6c79fc9ee11c,james-a-chance,James A. Chance,queued,
1d5b9fd5-00e4-43f1-834d-76b0bdf1e642,james-a-corbett,James A. Corbett,queued,
b98f6d48-1078-484b-a85a-ac5a4202834f,james-a-peterson,James A. Peterson,queued,
e5dfc42e-2cc0-4fd3-bbb9-ade18fbb16e3,james-a-thompson,James A. Thompson,queued,
a3040eb2-8244-4989-a3a1-bc7938690bb9,james-ag-perry,James A.G. Perry,queued,
75ecda9d-7db4-4982-b900-51fb24ad5541,james-aaron,James Aaron,queued,
06f93baf-e76f-409d-a97d-651a388fa6fb,james-allen-murch,James Allen Murch,queued,
177a1a6c-6c7d-4a66-a1c2-5158ea0c54f0,james-b-mcdonald,James B. McDonald,queued,
fd42ffd5-1401-4199-b3c4-4ae2816926af,james-b-mcnamara,James B. McNamara,queued,
6a3bdb28-ddf9-4ee8-a133-dbe62529fed3,james-barrett,James Barrett,queued,
65d8ae6a-f675-4407-9d0a-d5997d0ea35a,james-bartlett,James Bartlett,queued,
da13824a-a81e-4aef-b697-343c0db1b85a,james-blackburn,James Blackburn,queued,
58b1f22f-3ebf-463c-9e3b-e0df474bfef3,james-boyle,James Boyle,queued,
49f009c4-8d37-405b-8791-9033fb7a74e7,james-burmeister,James Burmeister,queued,
7d48befc-e62b-4929-a1a5-fb3feb54c195,james-burrows,James Burrows,queued,
abf35587-013a-4118-bd1b-dd8f8f7ab7c9,james-carey,James Carey,queued,
41f2304e-5e35-4e82-bf8f-b41f42bc99d8,james-carrington,James Carrington,queued,
85f5679a-7625-49b0-80ec-2a7dd15832f1,james-carroll,James Carroll,queued,
27e17f52-3662-4b84-ac3c-6a1284a96034,james-cleo-bradford,James Cleo Bradford,queued,
4e271339-65f4-465d-954d-8ea7cfd17025,james-collins,James Collins,queued,
cacaf88b-0c90-4c7b-95d0-28e37492a96a,james-conrad,James Conrad,queued,
fbc48ef1-88e9-4b08-aed0-d1a9850af2ac,james-cook,James Cook,queued,
65c35a84-9173-42de-89db-ff9f90360f66,james-cromitie,James Cromitie,queued,
fe6aa42c-f9cd-40e9-b205-d3956f4e5978,james-cronin,James Cronin,queued,
df8f0017-5d50-4a2f-875a-077ce2c420a1,james-cully,James Cully,queued,
e7c9822c-22e3-4487-9514-e08bbceec028,james-cunningham,James Cunningham,queued,
a8a2b55b-a35e-4a73-8b15-813094f592a5,james-darryl-smith,James Darryl Smith,queued,
20a75f1d-5b68-488f-99db-a5e52616246c,james-divine,James Divine,queued,
8cbb896b-b61e-4e1b-a734-d787edab46e7,james-divins,James Divins,queued,
27151df7-0962-4498-bb81-8dda8c95e62b,james-dixon,James Dixon,queued,
b72c9b01-3f69-4ede-9936-34383947a04c,james-dolsen,James Dolsen,research_pending,Initial encyclopedia image-index search completed; no verified portrait selected. Broader research remains.
3a0d606e-b557-4a0d-a8ce-8f9090be45bd,james-doyle,James Doyle,queued,
f8540f87-b961-4d98-a5cb-a481b543e695,james-earl-grant,James Earl Grant,queued,
731a9e4f-466b-41fa-8115-f011e401698d,james-edward-garrett,James Edward Garrett,queued,
d452b4b8-e171-407d-8cac-5b7b1bacfdd6,james-egan,James Egan,queued,
942cae83-a0d9-4623-aebe-f4c3fd785d77,james-few,James Few,queued,
edb2e40a-e30b-43cc-b229-1c487c573ef2,james-franklin,James Franklin,queued,
9293e89d-2a7c-4b0c-b352-dc564b2b4d82,james-gossard,James Gossard,queued,
e70997dc-bc8b-4308-8a9b-76862620d8b6,james-gray,James Gray,queued,
9009b1a1-5dad-4346-b449-95aa1f885d44,james-h-durkin,James H. Durkin,queued,
661910ad-32bc-40f3-9303-f91a0d7b1cda,james-h-thorpe-jr,James H. Thorpe Jr.,queued,
8f0d24b6-23c0-4b48-8f9b-d5e45912a7ce,james-hanaman,James Hanaman,queued,
96a7139e-86c3-4e53-b887-58cc07ccbe3c,james-hayes,James Hayes,queued,
f3f948e6-89c8-4e75-b7aa-4d532d9a98bc,james-henderson,James Henderson,queued,
bf7c23e9-2c3a-45dd-94f3-90a9627b1413,james-j-trott,James J. Trott,queued,
6189a1ef-98be-4bce-acb5-a6378027ed0b,james-johnson-2,James Johnson,queued,
a826705c-15a3-4a4f-844b-736e4360a740,james-johnson-everett,James Johnson,queued,
2e78576d-5d40-458b-8cf7-ad7ccb02eb18,james-jones,James Jones,queued,
8234df28-f62c-4697-909c-06e96d6a6f8a,james-joseph-smyth,James Joseph Smyth,queued,
46f1db32-1b9c-4340-a9c8-98137b9ac965,james-k-holley,James K. Holley,queued,
d7322279-a066-4f2e-a815-52867cc817ef,james-keller,James Keller,queued,
2983c489-682f-4d7b-ad8b-2b1cb6e34723,james-kenneth-gluck,James Kenneth Gluck,queued,
bb7c5910-e8f0-4969-bbc8-b2caa71fcaf6,james-kerr,James Kerr,queued,
22ddc488-dc0a-4b08-a768-caf4989bfaad,james-la-londe,James La Londe,queued,
099eb306-4835-4c5e-9ffe-ef65f1fb0a78,james-lacy,James Lacy,queued,
0f841ec2-27f0-4b71-afae-a73b7402f570,james-luther-hairston,James Luther Hairston,queued,
245efed8-8e1a-40d4-b7ec-014fd24752eb,james-m-fitch,James M. Fitch,queued,
7c80579d-42c0-4a50-b0cb-b4c8fc29dc86,james-macinnis,James MacInnis,queued,
59a72dcf-cda6-451e-9193-2f6807f442f0,james-martin,James Martin,queued,
92ca06de-2cb1-4983-954e-2781a488b28f,james-maundeloe,James Maundeloe,queued,
34828189-ed42-4250-a75b-5c4a8e8a386e,james-mcclain,James McClain,queued,
941f8208-6994-472e-87b9-74340cef9806,james-mccoy,James McCoy,queued,
f1b79622-5eed-4d02-aff3-5167ac6b8e20,james-mcdonnell,James McDonnell,queued,
7341f0a8-66ba-4faf-adef-fd225e1a1cd6,james-mcfarlane,James McFarlane,queued,
10d7280d-96c8-449c-9fc6-7e85912faecb,james-mcgovern-jr,James McGovern Jr.,queued,
6f0b287e-d1f1-434e-8be0-74d6fb69ef95,james-mchugo,James McHugo,queued,
6f63d4b4-4bfd-4d51-a23c-3db45835715a,james-mclaughlin,James McLaughlin,queued,
944d9fdd-6050-411c-8f9c-ff735d473a60,james-miller,James Miller,queued,
7c017087-a32a-491e-9607-398321a93e87,james-moore,James Moore,queued,
7cd3c8c3-7125-4c98-b47a-759af9360699,james-mulrooney,James Mulrooney,queued,
0b658ee8-d365-484c-be8f-de0c1d8ee522,james-nolan,James Nolan,queued,
42b22dec-a304-4a5d-8fb2-d4ff6f36efcd,james-oliver,James Oliver,queued,
1ea722de-9bfa-4ec8-ae66-a83ed2313812,james-olson,James Olson,queued,
6db1e1d7-7ae1-47f4-a9cd-b4db194a4971,james-omura,James Omura,research_pending,Initial encyclopedia image-index search completed; no verified portrait selected. Broader research remains.
c790a26b-a1c0-4daf-abf2-690fc3e448be,james-p-gordon,James P. Gordon,queued,
9cc32a8d-1604-4b60-b999-26eb1143d62f,james-p-malley,James P. Malley,queued,
5f21e103-f60c-4e27-9e2e-ae22196e9364,james-p-thompson,James P. Thompson,queued,
19267314-ea54-4b1f-b3f9-2e5324d313be,james-p-wilson,James P. Wilson,queued,
4e19557d-3a23-432f-ba01-07f4235089e3,james-phillips,James Phillips,queued,
19609bc7-5027-4c03-ae3f-af2247c71a3d,james-pierce,James Pierce,queued,
412902a3-c72c-4572-ad12-a1f1d15a97ba,james-price,James Price,queued,
fd567cf9-3e23-4fb3-8559-b50bf7fb7baa,james-quinlan,James Quinlan,queued,
c50f31ea-5e02-4a1a-a81f-0e4c03b6200b,james-reynolds-mendoza,James Reynolds Mendoza,queued,
f8c98409-d3fc-4243-a2d3-8511617b7542,james-ricks,James Ricks,queued,
9e23d704-2984-4152-b0fe-0fc8cd60f82f,james-roarity,James Roarity,queued,
a16a5e7d-ab13-4f61-a4d5-b7161ad93ca9,james-robinson,James Robinson,queued,
bae55b0b-ffb7-4aa0-ab52-e78ff9a4801f,james-ross,James Ross,queued,
c235e43e-e813-4463-97b1-a5e1ae27c361,james-rowan,James Rowan,queued,
3d9aaf88-217c-4d1a-ab38-53018d72b6d1,james-russell-hallam,James Russell Hallam,queued,
797a42a5-deac-40ae-a1d0-c52da926734f,james-s-pleasants,James S. Pleasants,queued,
9a1f71ab-301c-4cc6-854e-3fa78bfaac44,james-sayles,James Sayles,queued,
bd6a3f37-db04-4683-8d86-be727da66253,james-schmidt,James Schmidt,queued,
a8f82bb2-52d8-458b-ae82-b6527530b393,james-shempert,James Shempert,queued,
4bd00185-80bb-4897-bd7e-37c911c912a3,james-slovik,James Slovik,queued,
ed92d09f-d8b8-47a8-b83c-f599e5daf2e5,james-stewart,James Stewart,queued,
8b456637-b7a0-455d-84d5-bd1612ff98c1,james-tate,James Tate,queued,
1dc5ab93-e3b1-453f-9c0b-0a44f43e0a8b,james-taylor,James Taylor,queued,
79d58f51-ca1b-466b-8f73-edbc13734e87,james-thompson-callender,James Thompson Callender,research_pending,Initial encyclopedia image-index search completed; no verified portrait selected. Broader research remains.
f2c476a0-b529-450f-88fb-629ac1e5ea4c,james-thornwell,James Thornwell,queued,
568530bd-d5f5-4857-bfe5-76409e4d4732,james-victory,James Victory,queued,
aa10d068-6764-4553-8474-ca0c9582ee7c,james-w-douglass,James W. Douglass,queued,
018f0570-b850-405b-b2db-133858087192,james-w-livingston,James W. Livingston,queued,
54833487-4523-4817-87bd-1d7e5f43c1d6,james-walker-evans,James Walker Evans,queued,
3366f3f0-f6f5-481a-a154-26c14ab095e2,james-walker-prettyman,James Walker Prettyman,queued,
f32a72bd-58f8-432b-89f8-251d1c256da7,james-west,James West,queued,
07f855b0-ef9d-4323-928f-770f1813cd86,james-wheatley,James Wheatley,queued,
9beecb67-548c-4354-8a69-08be131290f0,james-white,James White,queued,
ccbf538e-c9be-4f22-997f-7025ac1e5d20,james-whiteford,James Whiteford,queued,
c721d6e8-4225-4a35-bdb5-e6ce22a18b2b,james-wilson,James Wilson,queued,
891ec149-7fe0-4291-b5ad-209c1798e2ab,james-woods,James Woods,queued,
26403dca-3040-4bcc-b76c-ad3a6260cb5f,james-workman,James Workman,queued,
fd4ee38f-2cbd-4692-95d2-a3306d1dcc0d,jamie-l-boulter,Jamie L. Boulter,queued,
557f8bc7-a847-41c7-8f5d-b90981dd456d,jamshid-muhtorov,Jamshid Muhtorov,queued,
6891673c-fbd3-48a7-8f8f-977b534d0de0,jan-dalkovksy,Jan Dalkovksy,queued,
26e6ccd3-3fda-4a1b-a31f-bfc23f6a5b66,jan-leighton-triggs,Jan Leighton Triggs,queued,
8144ca1b-6579-40de-8c29-c397ffb11e51,jan-wittenber,Jan Wittenber,queued,
9e9203b1-b91d-4ed7-be4b-b1cc2294b181,jane-anne-kennedy,Jane Anne Kennedy,queued,
4ae58515-e8d6-420f-877f-6677e77716cc,jane-curtiss,Jane Curtiss,queued,
b482db1c-d345-4de9-a1d8-269584298a05,jane-ellen-rosett,Jane Ellen Rosett,queued,
ac7c9884-829f-45c8-af1f-acffb5bb65b0,jane-hosking,Jane Hosking,queued,
4c4ca3d8-a191-4a00-8b9f-876bf1fde83c,jane-meyerding,Jane Meyerding,queued,
415069fa-fb61-46d5-a4a5-31f9926e322d,jane-moses,Jane Moses,queued,
7cca3e7d-a69d-40b2-8929-5bc01d056ca9,jane-rogers,Jane Rogers,queued,
1192cc82-e3d4-41d3-a6a2-5f5fedf77cf0,janet-johnstone-roy,Janet Johnstone Roy,queued,
85e2a80d-811e-4083-8dc8-4dd5f7e42f05,janette-goering,Janette Goering,queued,
76c995c7-701a-4806-b4f4-c49f3132f894,janice-lajune-jackson,Janice LaJune Jackson,queued,
72449ac4-e783-4842-833a-0f157a573eb1,janice-louise-rogers,Janice Louise Rogers,queued,
1109c78a-f0b6-4291-93bf-9ea25dcf59b1,janice-sevre-duszynska,Janice Sevre-Duszynska,queued,
5314777b-7224-4301-bdbd-219aae82a398,janine-bertram,Janine Bertram,queued,
06221b9f-d84d-4e4a-bade-3a85b9fdbaa3,janos-grunzweig,Janos Grunzweig,queued,
22fe1c9f-e106-4d70-8daf-57a77cd22084,jared-mcintyre,Jared McIntyre,queued,
9d006eee-db35-4318-b91a-fd8f725dc01e,jared-schultz,Jared Schultz,queued,
3ac98cb3-d72b-4779-8164-0b668ba0a184,jarrid-bailey-huber,Jarrid Bailey Huber,queued,
f4c285ed-a60c-4af3-a9f3-4e79ab4e4754,jason-l-blalock,Jason L. Blalock,queued,
f4fe659b-5383-426e-868f-ff539c745a0d,jason-lydon,Jason Lydon,queued,
f43a20d7-79e9-4d2c-8499-698860c024e0,jason-parmenter,Jason Parmenter,queued,
6cc722a9-82e3-4ff6-80fc-c5a670aaf742,jason-robbins,Jason Robbins,queued,
7cda22f9-e5b4-475e-9bff-ffe5b09080c6,jason-sutherlin,Jason Sutherlin,queued,
80fd3533-33da-4217-b9ca-2e80ec0d1757,jason-troff,Jason Troff,queued,
bbc8b162-69e2-49a1-a2a3-2448420f6e37,jason-yates,Jason Yates,queued,
f347fb9f-4b2a-42ec-b921-08082cd1fcaf,jasper-canada,Jasper Canada,queued,
2d2c9e83-fd0e-4d64-8310-813154c8176c,javier-sterling,Javier Sterling,queued,
14c41b4f-2254-4440-967a-21667b6eb460,javon-hardy,Javon Hardy,queued,
06c9bc7a-a848-4fb1-a239-dea5ec11df4c,jay-s-lowe,Jay S. Lowe,queued,
c5e58e18-cfec-4eb8-9ec3-c52b1b29e8ba,jay-smith,Jay Smith,queued,
a94ea2d6-0c96-446b-af03-cca33dc383ea,jay-weiner,Jay Weiner,queued,
690db003-9201-4b61-b607-466223f6cc89,jayma-abdoo,Jayma Abdoo,queued,
b53d48e6-ee1e-41d6-870a-ca0182f8bb4d,jayme-morales,Jayme Morales,queued,
e98d21b9-be32-4ae2-959c-a189dfeff145,jaywuan-peavy,Jaywuan Peavy,queued,
1b00592e-b5da-4773-beb5-42972cba8ca6,jean-catherine-thompson,Jean Catherine Thompson,queued,
b297918f-2cfb-42e5-a74e-1eb7ec2d5e89,jean-holladay,Jean Holladay,queued,
512b8ada-0eb0-4ba9-ad88-2fda018f311a,jean-v-paris,Jean V. Paris,queued,
316d3799-67b6-4f47-b1f2-44dd146b485f,jeanette-renee-wallace,Jeanette Renee Wallace,queued,
04e9330f-405b-479a-8460-ccd1d33f8e07,jedidiah-poole,Jedidiah Poole,queued,
868f2de0-cc54-438b-9ece-fb431e6d2b57,jeff-burkitt,Jeff Burkitt,research_pending,Initial encyclopedia image-index search completed; no verified portrait selected. Broader research remains.
9e8466ef-c83f-40ff-8d81-a14c2577616a,jeff-kibre,Jeff Kibre,queued,
c78f15e0-7cf9-4c1a-b1a5-bd4f177eadf2,jeff-leys,Jeff Leys,queued,
9ef6b842-f0ce-4567-9787-da2f1b5a1bfa,jeff-schuerholz,Jeff Schuerholz,queued,
35361ccb-c9a2-4185-bf5d-4db75e9c69c6,jeffrey-berryhill,Jeffrey Berryhill,queued,
4cef7f52-311e-436c-bcaf-63957d5999d2,jeffrey-carl-jones,Jeffrey Carl Jones,queued,
c96b6fd6-bf17-4677-8c73-88fbdd1e59c5,jeffrey-richard-singer,Jeffrey Richard Singer,research_pending,Initial encyclopedia image-index search completed; no verified portrait selected. Broader research remains.
5baf9790-c8e4-4789-ba3f-68d87dad5b57,jeffrey-scott-hobgood,Jeffrey Scott Hobgood,queued,
d97e1b74-9107-4a75-9440-d356e54dc4e8,jeffrey-stevens,Jeffrey Stevens,research_pending,Initial encyclopedia image-index search completed; no verified portrait selected. Broader research remains.
96df1321-4d57-4616-9cb4-bb524f3f5464,jen-kipka,Jen Kipka,queued,
c43e2a82-53de-4f37-97de-b39085bf5e91,jennie-bronenberg,Jennie Bronenberg,queued,
3af56afa-db6c-4326-af19-343026099773,jennie-la-zar,Jennie La Zar,queued,
d3222cc9-9bfa-4aa1-98a8-0527ce39bcd4,jennie-wolfson,Jennie Wolfson,queued,
598358c1-3d72-4680-a049-7bdc99080b69,jennifer-greenberg,Jennifer Greenberg,queued,
b367b50a-c795-4474-ba14-fd57b12adc20,jennifer-kolar,Jennifer Kolar,queued,
d06eb2d5-4244-465b-9568-fdea22c7b060,jennifer-termon,Jennifer Termon,queued,
e30e7724-ed07-47a0-8ebd-0fe34f23d13d,jenny-gaiawyn,Jenny Gaiawyn,queued,
89b020fa-1c5a-4139-93f3-a9542cba2927,jenny-oconnell-nowain,Jenny O'Connell-Nowain,queued,
28ee8827-4432-4db9-bcf8-499843c454bf,jeremiah-dean-colcleasure,Jeremiah Dean Colcleasure,queued,
ef1f57f6-2ae8-4b6e-95ce-2b4838fd2aa1,jeremiah-decessa,Jeremiah Decessa,queued,
2cee5ea9-88a9-4929-963d-3ac50385c6fe,jeremy-david-rosenbloom,Jeremy David Rosenbloom,queued,
85ad84af-a3fe-44be-b0cc-a43e1792a5a4,jeremy-j-ryan,Jeremy J. Ryan,queued,
0e75292c-c1d2-429c-a49c-3a1be9da2ca4,jeremy-paster,Jeremy Paster,queued,
3b2a9813-4588-485b-92b7-ac9504c1d252,jeremy-trapp,Jeremy Trapp,queued,
d59b81ff-311b-42d4-8ded-d30dc4631d8a,jerome-singleton,Jerome Singleton,queued,
600ef734-b3ee-4a8f-8033-56751bd66869,jerome-white-bey,Jerome White-Bey,queued,
9a6e072d-8eed-430c-b72d-6309db87586f,jerome-zawada,Jerome Zawada,queued,
e30ece75-bb46-414c-bb14-5b2679f09439,jerry-dale-lowe,Jerry Dale Lowe,queued,
2a76dd6a-7aae-4d6c-afac-b91b322ca81a,jerry-ebner,Jerry Ebner,queued,
f740d5f2-374d-4a8e-9ace-7d5e3173f4ed,jerry-furlough,Jerry Furlough,queued,
e7ee6ab0-f6fc-4737-a6b4-4cd52de785ea,jerry-gaines,Jerry Gaines,queued,
014bb175-6f24-469e-97a0-3ed191be04f5,jerry-koch,Jerry Koch,queued,
5f007f45-a5d6-4945-974d-07c7e8a89d8d,jerry-newson,Jerry Newson,queued,
160fb70e-1bad-40f5-92cb-22fb8bb4c9b3,jerto-jankovich,Jerto Jankovich,queued,
ac921867-bb0f-4bc7-bead-2f7ce12f4d91,jesse-ball-moore,Jesse Ball Moore,queued,
923eb0a3-7fd9-4991-8aeb-703639a88aa5,jesse-cover,Jesse Cover,queued,
15eb747c-e0ef-4204-9bec-0fe356d87eba,jesse-crawford,Jesse Crawford,queued,
81be7998-a548-4f55-8a57-3c3aa234b7d7,jesse-d-hartzler,Jesse D. Hartzler,queued,
177b50d5-0b1c-444b-8da0-fe481ada5835,jesse-d-sykes,Jesse D. Sykes,queued,
1f481425-0433-4586-9652-b2bae7f43060,jesse-dunning,Jesse Dunning,queued,
59d5b45c-b9e5-41be-8638-3705f65e756b,jesse-e-myers,Jesse E. Myers,queued,
11224c82-d6a6-4bd4-ab31-7cd38954a5a1,jesse-ellis-meyers,Jesse Ellis Meyers,queued,
0bb49cc7-47ad-46c8-bca6-a0dd6cc4cdbd,jesse-f-blakey,Jesse F. Blakey,queued,
dff9d643-befb-4d79-a8a4-f1393f75d3f8,jesse-hann,Jesse Hann,queued,
118e6fd3-836c-40ad-9c00-ecdb3946d6b9,jesse-harris,Jesse Harris,queued,
9e13363f-6d0c-41b0-b0aa-9fce91b6375e,jesse-hockett,Jesse Hockett,queued,
66a9c286-b497-4baa-b327-d179448c7f6b,jesse-james-clanzy,Jesse James Clanzy,queued,
01604e9f-5492-400d-99a3-58b7396d8af1,jesse-james-harris,Jesse James Harris,queued,
ecbeaee3-8e93-4e50-b366-b67e3dc994da,jesse-l-brenaman,Jesse L. Brenaman,queued,
19ee762d-f535-453f-b04b-f0c3a460af05,jesse-l-brenneman,Jesse L. Brenneman,queued,
c31ab84b-c3bb-4d53-818a-656c582caa28,jesse-l-wingert,Jesse L. Wingert,queued,
2f4f5695-1c74-4704-a69e-06911a76b183,jesse-lee-evans,Jesse Lee Evans,queued,
2a174bc3-8bb6-4db3-b9e0-b6c68f79f805,jesse-lee-tally,Jesse Lee Tally,queued,
948e6614-8f9b-4bef-af6b-6936a7a1bb41,jesse-lopez,Jesse Lopez,queued,
888c1791-59f9-4756-906e-8c4e6521a9dc,jesse-shackelford,Jesse Shackelford,queued,
7b6d130e-6915-4955-90cc-6716a12f271e,jesse-tuba-clancy,Jesse Tuba Clancy,queued,
4ba9b5c9-4d25-4d34-b1f8-b9f3a5de03bf,jesse-van-camp,Jesse Van Camp,queued,
ea089978-b4df-4926-96b4-d4822b0a7ec9,jesse-white,Jesse White,queued,
2ff504e0-903a-481a-936f-d588087796d2,jesse-william-waters,Jesse William Waters,queued,
765e9ea4-6b63-403c-81c8-b9ea086278f0,jessica-carr,Jessica Carr,queued,
075c756c-1d23-41c3-bae1-d0c335889674,jessica-henderson,Jessica Henderson,queued,
d6e414ec-07c7-402b-82f5-bb57fe6c1d30,jessica-lynn-white,Jessica Lynn White,queued,
31d78392-6bf1-4733-b69c-ba093c530543,jessie-lee-davis,Jessie Lee Davis,queued,
4989a451-4fb1-4c59-84b5-a63ef4593ca3,jessie-wakefield,Jessie Wakefield,queued,
5069e7f7-ba6e-4d94-93cd-c83cf792424a,jessie-whitaker,Jessie Whitaker,queued,
2e109efd-5987-4ab1-acba-054d7d202ba8,jesus-monge,Jesus Monge,queued,
fedffc75-0486-4f1d-a73d-9fa26c9e45fc,jesus-pallares,Jesus Pallares,queued,
b30f81a0-1807-4306-81bd-443ddb4e1641,jesus-romo,Jesus Romo,queued,
c4aa161f-0ba8-4ff1-80e1-737902a44c7c,jesus-cabrera-cirilo,Jesús Cabrera Cirilo,queued,
7043668b-28bd-4f94-966d-372d653d1254,jesus-gonzalez,Jesús González,queued,
14b86041-9c42-482a-ad82-3e12943763e9,jesus-m-balzac,Jesús M. Balzac,queued,
66712e45-a9b6-47fb-bce0-557607dec18b,jesus-m-rangel,Jesús M. Rangel,queued,
d08df2d0-4e5f-4bcd-a7d1-9165ee9748b3,jhajuan-sabb,Jhajuan Sabb,queued,
53fb866a-9d5e-4c20-91bd-d415ebf8528d,jiesef-sabczak,Jiesef Sabczak,queued,
bc9e70c0-97e7-47c5-a5d2-8ae1818ccd26,jihad-abdulmumit,Jihad Abdulmumit,queued,
059e7ce7-bed1-40eb-bd2a-a45623ee8944,jim-barr,Jim Barr,queued,
0b3e8bb7-a6d6-452f-808e-353a898c633a,jim-cosner,Jim Cosner,queued,
c643a524-27e6-4cb9-b589-0ca4047a841f,jim-dowling,Jim Dowling,queued,
bfff3e63-977a-40f2-a248-33123511df13,jim-hart,Jim Hart,queued,
625d5984-eb48-4334-bf5b-620aff1343a4,jim-howell,Jim Howell,queued,
21cc1128-cb51-4128-99fd-baf80c6df46a,jim-komar,Jim Komar,queued,
0a71edd1-0264-4311-a62f-91f36cc44d2d,jim-nino,Jim Nino,queued,
d7999921-74e5-471a-9998-1a72ff5b2f5d,jim-noonan,Jim Noonan,research_pending,Initial encyclopedia image-index search completed; no verified portrait selected. Broader research remains.
939c445a-a7c1-4765-bbf5-8e7c1e910024,jim-parkhurst,Jim Parkhurst,queued,
d5d63662-27a8-4192-900e-d8bf7dc89e5c,jim-perkins,Jim Perkins,queued,
eecd9852-5c85-43ad-a0da-6e743a53896d,jim-reale,Jim Reale,queued,
40fe2a0f-514c-4d56-afc6-4a47cbe62534,jim-reynolds,Jim Reynolds,queued,
f9ae25b4-50a3-4d25-a47a-80146d63335e,jim-roe,Jim Roe,queued,
640d2882-fc42-40fe-950d-ebc5a69cac5c,jim-smith,Jim Smith,queued,
3ee35ff8-27c9-4169-9e72-566723b3bfb3,jim-swindle,Jim Swindle,queued,
3099928e-2f0a-43f9-8184-8276fbe5aad8,jim-wallis,Jim Wallis,queued,
44eee47c-184d-434f-b24a-33d1dbb95110,jim-ward,Jim Ward,queued,
c41df82c-b285-4d78-88c3-7a357e2acb44,jimmy-borrero,Jimmy Borrero,queued,
67774141-6271-4960-a36e-4a61e393919a,jimmy-eagle,Jimmy Eagle,queued,
0e0f43ca-7b5a-4e30-b146-47a45b4c25eb,jimmy-ford,Jimmy Ford,queued,
68ba9c05-8563-4a01-bffe-74072b931dd9,jo-an-yellow-bird,Jo An Yellow Bird,queued,
484f3efe-4853-4e6b-ba71-6567f81c9961,jo-ann-mulert,Jo Ann Mulert,queued,
699b3d00-db01-4dc7-9032-a2c237f20e98,jo-ann-santiago,Jo Ann Santiago,queued,
b7ca0555-9d6e-47b1-a3e7-f8b53abf1131,joan-anderson,Joan Anderson,queued,
67ba2aa9-4fd1-4876-94d2-2e531ea2bce2,joan-c-browning,Joan C. Browning,queued,
11e6c0e0-87ec-4935-8e1f-8268598807fa,joan-meredith,Joan Meredith,queued,
3fefe08e-36b9-46d3-8cc2-1ad18603257d,joan-nicholson,Joan Nicholson,queued,
4cc7d985-893b-4df1-966b-7d2b5b52d70c,joan-reilly,Joan Reilly,research_pending,Initial encyclopedia image-index search completed; no verified portrait selected. Broader research remains.
5a996494-e95a-4a4e-b899-7576bc82019e,joann-malone,Joann Malone,queued,
57b8539a-dd7b-4a7f-b41b-9890ce783a29,joanna-cohen,Joanna Cohen,queued,
fd9392a8-3df4-4af5-a90e-3fb2a848547a,joanne-cowan,Joanne Cowan,queued,
d4166460-c60a-47af-908b-1d7b1a72ada6,joaquin-diaz-alvarez,Joaquín Díaz Álvarez,queued,
84b76686-30be-45c3-b51c-dfc4fc9874a4,joe-bartol,Joe Bartol,queued,
f7f9f7f4-867a-4df9-a066-6a874bd1f8d8,joe-benson,Joe Benson,queued,
fa3a9928-71cd-449f-b023-2055926b3173,joe-carl,Joe Carl,queued,
19771938-44d5-4619-883d-1100af55542d,joe-carr,Joe Carr,queued,
2d4e5c9f-c7ee-4258-80a1-e1979698b382,joe-carroll,Joe Carroll,queued,
b31f53c6-4a1e-48b5-9c1f-890eb93a00e7,joe-clohessy,Joe Clohessy,queued,
b9b5ebf8-e9dd-4e37-9899-33ca25cf4b49,joe-coya,Joe Coya,queued,
9c4e8310-d751-4550-b72b-4b560a6328f8,joe-doyle,Joe Doyle,queued,
c6ddbeb6-2993-4821-9117-f45d0cd51471,joe-dumas,Joe Dumas,queued,
981f346d-4f81-46c8-8db7-aa4d33be3508,joe-fox,Joe Fox,queued,
75d7c6af-0676-4618-b188-7c84166f8ad0,joe-garner,Joe Garner,queued,
033edbe5-99a5-4ad4-a4fa-bdeda1fd8e26,joe-graber,Joe Graber,queued,
6bfc43a8-d732-436b-a26c-b5d8aaae19bc,joe-gump,Joe Gump,queued,
effdc3ad-aeaa-44a4-beba-eac8aad737c4,joe-hawkins,Joe Hawkins,queued,
7a752c8b-308a-4bd2-8817-5bb904a2c30d,joe-henry-hampton,Joe Henry Hampton,queued,
b8e65406-7103-48be-947d-aca90e09bac9,joe-jones,Joe Jones,queued,
cf4a3a05-2491-46bd-b908-d7715924517a,joe-katz,Joe Katz,queued,
681484a3-1d31-43f0-bb8c-22b1088531f4,joe-kaunas,Joe Kaunas,queued,
01e598c5-3518-4641-83cd-1dbead25ab2d,joe-leggens,Joe Leggens,queued,
117c7503-31e5-40e5-8a67-c2b8eb7bdd5f,joe-martin,Joe Martin,queued,
943f2f1e-daea-4fbe-b1a8-2bdf5762f464,joe-mccarthy,Joe McCarthy,queued,
b8ec0f6e-0818-43db-aa23-6e1210d93263,joe-meshane,Joe Meshane,queued,
6924f316-780f-474d-8eae-484df8bd9ac8,joe-murphy,Joe Murphy,queued,
65d01a42-4e30-4e75-b42f-493f724f74da,joe-neil,Joe Neil,queued,
2cff7a3e-f969-4b64-9b8d-400bb9d8b60c,joe-notore,Joe Notore,queued,
83c6151d-8103-496a-8b28-b83e1304d7f0,joe-osullivan,Joe O'Sullivan,queued,
acc6c115-cc52-46fb-9a57-e95134692d90,joe-paskvam,Joe Paskvam,queued,
740f1d4b-7af8-4b34-b0ab-48a0b1c82dcc,joe-pettis,Joe Pettis,queued,
9035efed-f339-42b6-8b9c-09f7ea364965,joe-prudencio,Joe Prudencio,queued,
797cab78-fedd-4294-a601-f35552883137,joe-ruby,Joe Ruby,queued,
c3216043-fbb8-49cc-889b-aac4c4bd61ec,joe-saiz,Joe Saiz,queued,
b66e35a4-07d1-4937-af6b-9c13a8f0a6a2,joe-stern,Joe Stern,queued,
2a3ea958-14e7-42fe-9dee-3f77cd10e99c,joe-trumble,Joe Trumble,queued,
d920ab4b-a4cc-4490-9a6b-9f6a92fe47d1,joe-varela,Joe Varela,queued,
fb9814cb-bff0-45fa-8301-29512afadfbf,joe-vargo,Joe Vargo,queued,
04b8da91-c381-476e-a393-97d8f8986361,joe-white,Joe White,queued,
c0211f86-c520-4a2c-8a25-4c86242dd53e,joe-wilson,Joe Wilson,queued,
d76bf32b-a365-4a7f-b334-79dbeecba7d6,joe-yelenics,Joe Yelenics,queued,
7bcaf479-59fe-4b37-8920-ee274c74edc5,joel-doty,Joel Doty,queued,
f1bc4cb1-786a-4fae-912b-3e9c90d3b7c7,joel-kilgour,Joel Kilgour,queued,
26872f45-a80a-4a3e-9f47-68bfb7a449ca,joel-klimkewicz,Joel Klimkewicz,queued,
d53870fe-1a21-41ca-8fcc-0f8ae6ecfc39,jogues-egan,Jogues Egan,queued,
14bd3577-400b-416b-a6de-358987928ee1,johannes-m-klassen,Johannes M. Klassen,queued,
a5fbdd55-c907-42c5-8edf-52d7c8327106,john-a-atwood,John A. Atwood,queued,
4a2fd427-c29d-4753-b070-e4c67bed96eb,john-a-cummings,John A. Cummings,queued,
8373a107-431a-44f2-9583-968cbf9e8234,john-a-talishus,John A. Talishus,queued,
c4e6f743-9214-477b-8d0c-3b07106bec86,john-a-tolishus,John A. Tolishus,queued,
0cdda408-61f0-463b-9f2c-51146362bb1f,john-adams,John Adams,queued,
ec516abd-c8c7-44b6-b771-e4b60bf5b329,john-alfred-hunt-jr,"John Alfred Hunt, Jr.",queued,
1597c1f6-7b29-49f9-a936-8136ec3e9ba9,john-artis,John Artis,queued,
56e334a4-f14e-4419-873f-431784d366ff,john-austin-babbs,John Austin Babbs,queued,
ed5a54b0-e2f3-4e14-acdb-9dc360945882,john-avila,John Avila,queued,
d657b3dd-f864-48c4-a3ff-4f05d3a18e97,john-bc-woods,John B.C. Woods,queued,
08394c45-2880-4442-a56f-11a6981f6e70,john-bachman,John Bachman,queued,
e37cbc6a-c4cb-4055-a165-d87f45d65c6f,john-barnett,John Barnett,queued,
4a3038e6-3b9a-45e5-bc67-e22d6b151a24,john-beery-wilson,John Beery Wilson,queued,
13780d20-9981-4d77-bb41-c282f8db21b0,john-bergen,John Bergen,queued,
743a00eb-717e-4314-9109-5bc07883c045,john-black,John Black,queued,
7b1e8053-1a44-49e3-9838-2d1b5d3ee846,john-boampong,John Boampong,queued,
4dd2c072-34ed-409b-ba48-fa6a121e8343,john-bosses,John Bosses,queued,
48926f68-c43a-4456-98ec-67f90ff69253,john-boyd,John Boyd,queued,
8e2a5072-345e-4c4e-ad4c-9e071415c74d,john-briggs,John Briggs,queued,
cc72f9ce-c1c2-4d5b-864c-fa50002e9e22,john-bruns,John Bruns,queued,
6fc10225-7312-4816-b07b-ea9686532fb9,john-buksa,John Buksa,queued,
d34cfc83-ed44-4bff-a516-dac8d9fd72f2,john-burns,John Burns,queued,
6bb147a8-ed3a-4d35-bf38-6d05806f127f,john-burtch,John Burtch,queued,
e693da47-5836-4b2b-b88e-4cf17ea30400,john-c-guggolz,John C. Guggolz,queued,
4662b349-396e-4bb6-84f1-32acbdbe0bb3,john-c-taylor,John C. Taylor,queued,
d74eb896-f654-497a-862f-599f581a892c,john-carl-schedel,John Carl Schedel,queued,
3b44cafa-30e6-47c4-898c-1fc3ffeda20b,john-catchings,John Catchings,queued,
913c7968-54e4-404b-955c-ac98195201ac,john-charles-hicke,John Charles Hicke,queued,
bf785100-4c8b-4cf0-8aa9-9485badd2017,john-clabon-taylor,John Clabon Taylor,queued,
e0be0d85-1231-4af5-b70e-da35372ac572,john-cluchette,John Cluchette,queued,
5615e2cd-03fc-4dc6-8145-e7cb2f860a41,john-clutchette,John Clutchette,queued,
7040b446-1946-4843-b515-8793094e9ef2,john-colip,John Colip,queued,
45a0b2be-8d2b-46f0-85b0-518e306f788c,john-collier,John Collier,queued,
3f0322e1-9ae2-4240-88a5-3a15705bbdb5,john-corbly,John Corbly,queued,
625f7eb8-2469-4e75-ab2a-04fb2d4b8c6c,john-craig,John Craig,queued,
502cc43e-ec49-4ed9-826c-a2386f7deb31,john-crawford,John Crawford,queued,
f9985d82-8b5a-4059-94a1-a8468a137207,john-cresswell,John Cresswell,queued,
027f5fc8-c14c-4ce4-a007-11a9c8d81ce7,john-cross,John Cross,queued,
d168eea2-e332-410a-b199-220da88c89b8,john-cyril-hellman,John Cyril Hellman,queued,
9159dcde-5518-4194-a15b-55157ac64ec4,john-czarnecki,John Czarnecki,queued,
5f12e059-d540-4036-af56-eb3570652606,john-d-mamis,John D. Mamis,queued,
42247c1d-5b60-4320-810c-1a8bbec86908,john-d-mantis,John D. Mantis,queued,
293d98bc-9545-4b25-a1a5-5a9ccd5d8f16,john-daly-burk,John Daly Burk,research_pending,Initial encyclopedia image-index search completed; no verified portrait selected. Broader research remains.
8ba6bf07-c47c-45fc-b636-b4f97cc59b42,john-dardzinski,John Dardzinski,queued,
55fbea32-8b0c-4e55-a4c5-07855bf0c293,john-david-maguire,John David Maguire,research_pending,Initial encyclopedia image-index search completed; no verified portrait selected. Broader research remains.
1de163f9-8be8-4382-ac85-56f4ce08bcf1,john-della-monica,John Della Monica,queued,
f20254e7-31d3-4df2-970f-09113681f28b,john-dick,John Dick,queued,
af6c15a6-7157-4591-80fc-bf76b69e9aec,john-dickson,John Dickson,queued,
608183e7-1cf7-45e4-9faa-ee4ee784c425,john-donahue,John Donahue,queued,
a8164afc-59aa-416d-9b9f-d12006ded041,john-e-downey,John E. Downey,queued,
c59354d0-3bf3-4860-a926-2cc0ae2d7eb1,john-e-harder,John E. Harder,queued,
20482692-5fd6-443c-8339-ffedb8ee4688,john-earl-johnson,John Earl Johnson,queued,
d1ed755f-c2c9-4162-ab83-839aebd8c6db,john-england-morris-jr,John England Morris Jr.,queued,
93d3c4c8-fe1b-400f-8020-26f4218a53ed,john-ewers,John Ewers,queued,
cd87a203-3e0b-4d71-bb89-060dd05017d0,john-f-randolph,John F. Randolph,queued,
9b25d2f0-627e-4321-a596-0f5fc29491c3,john-f-wheeler,John F. Wheeler,queued,
b0c5723a-5645-4a0a-98d9-1f091a980bdb,john-ferlan,John Ferlan,queued,
ca2fd79d-1c6e-439a-90be-03ac98955ed4,john-fisher,John Fisher,queued,
18b254f2-bfc0-4ab9-a8c0-fe47ac6e1864,john-flanagan,John Flanagan,queued,
ff72cb8a-b79d-4ac4-9c8d-d81eb699f272,john-foster,John Foster,queued,
ee8d5db8-2ad4-4bc3-9469-44a767b2da80,john-fries,John Fries,queued,
73cc1477-c5cc-48b6-8cef-ba70d2b4cea8,john-g-schlechter,John G. Schlechter,queued,
581b3549-ca2c-4abf-8bab-0b449c498bc3,john-g-weiler,John G. Weiler,queued,
95cb61e7-986c-4f7c-bb3d-cb3059cb20b3,john-gaston,John Gaston,queued,
0ce81957-b742-4ff8-8f9c-00c871faccbe,john-george,John George,queued,
5800517e-c843-418b-950f-79a82ff67be0,john-getman,John Getman,queued,
8630cdbe-200b-4fb3-a5a1-1ef4bfdafb5b,john-gill-craven,John Gill Craven,queued,
d26c0d9f-a9fb-461f-a5b4-6f2f916d9a95,john-grady,John Grady,queued,
567ea84e-74d0-4809-8f93-62a55f5ba901,john-grass,John Grass,queued,
f3ae1fe2-a5d7-4cd6-906d-50488c512821,john-grave,John Grave,queued,
3076fed7-7ba3-4b10-beb3-64efe5062203,john-h-calhoun,John H. Calhoun,queued,
ea8fefab-d3a8-457d-a4e5-949c0c2c8d16,john-h-frantz,John H. Frantz,queued,
84d6ce69-41f2-44b8-9f86-b83cd7c4434a,john-h-raffo,John H. Raffo,queued,
d357e0b0-02be-4938-853b-91d4b19a6928,john-h-scott,John H. Scott,queued,
565b7aad-4944-4b18-a985-fe3f154a637b,john-h-smeltzer,John H. Smeltzer,queued,
84370294-76fa-4a4b-9ce0-e15b388bf7c7,john-h-waring,John H. Waring,queued,
5853bcfd-de99-42a7-b2a2-f8c60bb7d42f,john-haga,John Haga,queued,
5b61c6f3-4b57-4eed-a9d0-a4c94a7971f6,john-hamilton,John Hamilton,queued,
882d452c-96d9-4dd9-9a4d-e9ad37c5f569,john-hannon,John Hannon,queued,
7f4de5e7-8862-4f49-b602-a8cf36ba801a,john-harderson,John Harderson,queued,
e85d0548-a36f-47c7-bb2b-3d8540527aae,john-hardrick,John Hardrick,queued,
38d928cb-804e-4594-959d-b385f4c8e946,john-hardy,John Hardy,queued,
dc088e8b-68eb-4a5b-af23-469c0c751ecb,john-harrington,John Harrington,queued,
7a78b1e3-44f7-4d91-8303-f44c015270ef,john-harvey,John Harvey,queued,
433e079c-2326-49b3-b2b3-0c1f8f033ced,john-hauer,John Hauer,queued,
4dd4aec9-3de5-484c-8ede-4da70625739f,john-heid,John Heid,queued,
cca9a4bb-91e6-4207-98be-6cb3381540ac,john-hilty,John Hilty,queued,
96a9f355-166e-4971-baa2-42e70e7ffe28,john-hiza,John Hiza,queued,
8660e715-ecf2-4439-855d-0be93e08d876,john-holcroft,John Holcroft,queued,
286c6181-ccf9-4dea-9053-5ea33cf6372d,john-honeck,John Honeck,queued,
e560030d-e47b-4eaa-80b7-22aa4194ad02,john-hunn,John Hunn,queued,
8cab8627-a50e-47aa-8ba4-bd8defd2a81b,john-hunt,John Hunt,queued,
8dce132c-30eb-4de7-a08a-052b2db42997,john-husy,John Husy,queued,
187be03d-75cf-4430-b30b-490d562d147d,john-hyde,John Hyde,queued,
b37a14b8-e803-4083-87eb-7b3a653a51a4,john-j-ballam,John J. Ballam,queued,
a20ff415-f815-46c8-b827-dc9fd30c5932,john-j-becker,John J. Becker,queued,
4f6cec46-617e-45a0-9a37-dff3e286b4f9,john-j-cornelison,John J. Cornelison,queued,
15759e1f-e736-460c-a02c-59ae193b7a37,john-j-ford,John J. Ford,queued,
4bf7e3f3-9f87-4209-80c3-b4f08818092c,john-j-killian,John J. Killian,queued,
2da90e27-4eba-4de8-8813-f6af8c495a1c,john-j-mcnamara,John J. McNamara,queued,
71b2b2fb-42f4-487d-ab83-e2bf8ec0a383,john-j-toevs,John J. Toevs,queued,
e963be7b-0fa3-4202-ac43-1508a6ea894d,john-jacob-plenert,John Jacob Plenert,queued,
23521b94-f4f5-4a4f-a613-bbe615a0fc94,john-jankowski,John Jankowski,queued,
3787e9e8-47c3-4446-a19e-d6cc6621c926,john-janosco,John Janosco,queued,
e945d2ab-cc22-4381-ae76-fd6ddb5a1caa,john-janson,John Janson,queued,
d9d1acbc-1636-4603-85cb-4fd32a4aa54b,john-jefferson,John Jefferson,queued,
d210858b-e4c1-4abe-a36e-0269ebeb29df,john-juhn,John Juhn,queued,
3fb61ec6-9511-4a22-ac74-a8929cb1ceba,john-justkavich,John Justkavich,queued,
a03ce4ff-0225-478d-bb0c-d44c95d79a52,john-kaminsky,John Kaminsky,queued,
c20d6f72-cbc5-4610-aac7-f1b468f5114b,john-kanter,John Kanter,queued,
276648cd-43a2-45ca-b89a-da839fdd310b,john-karral,John Karral,queued,
3fdeb054-0baa-4fa0-a0da-bd6364a3aabc,john-kas,John Kas,queued,
201cb244-efbb-4eff-922a-e2ef6f5c58c5,john-katkus,John Katkus,queued,
dc2b7610-f290-487d-a391-8f1ccf3cfe9f,john-kelly,John Kelly,queued,
2902eea3-e785-450d-8745-7e70e580bf50,john-kidenowski,John Kidenowski,queued,
5dbf5c49-d472-49a3-818a-aa704e555e45,john-kiderowski,John Kiderowski,queued,
bef2dd9b-afa7-41d3-9fff-446c9ca8a0c4,john-kniffin,John Kniffin,queued,
2f2c3fd0-4266-4e37-9219-7cb2cc9af1a2,john-kolar,John Kolar,queued,
59d62e32-3cd8-43df-b079-3c05c3e125e9,john-konopatsky,John Konopatsky,queued,
c86d78f5-d1d1-460f-9324-96051eb6a78c,john-kos,John Kos,queued,
7cf1eeb9-8849-40f9-85a4-e77c45297660,john-krutz,John Krutz,queued,
992fac31-5c29-40ed-a827-b33f42d82d80,john-kulikoff,John Kulikoff,queued,
73a1d17e-48db-488e-917b-229a146fe89d,john-kunz,John Kunz,queued,
4c231b15-3935-4d5b-b0d4-88aee3bd010d,john-l-anderson,John L. Anderson,queued,
c10c33cc-2239-456a-9f81-cb12edc7e30a,john-l-geibel,John L. Geibel,queued,
b390b3ca-053d-495c-986d-6e86a2976d59,john-l-murphy,John L. Murphy,queued,
aa8610fc-d803-4054-b3d8-32198f38a1bb,john-l-rinker,John L. Rinker,queued,
99bc0f24-4200-4b7f-8479-20c77d359376,john-l-scott,John L. Scott,queued,
a6f3345e-ff0d-4c9f-a24f-96727b3d4dc2,john-l-seebach,John L. Seebach,queued,
fc126c89-5ae5-4ff1-8f75-503491e19dfc,john-l-spivak,John L. Spivak,research_pending,1939 periodical portrait lead located; rights and caption review pending.
38e041ff-946c-4e3f-b0a6-c5b0548e0f9d,john-lapshansky,John Lapshansky,queued,
2c58214f-b19d-446d-8069-11a47430a9c4,john-lathan,John Lathan,queued,
050c2434-c9f2-4f17-9cfb-9c6c9052ad07,john-laughery,John Laughery,queued,
7596c52d-ce53-4b54-92f5-1136aefe982d,john-leslie,John Leslie,queued,
537739a3-6908-4932-b667-030c439e4282,john-lester,John Lester,queued,
60ad4498-7540-42d5-ac01-22d9e6f4f6a9,john-letbig,John Letbig,queued,
d2351bcd-00a0-4331-bfeb-7f41414b3305,john-levering,John Levering,queued,
16e4dbae-8753-42af-bf26-903ca897952d,john-loll,John Loll,queued,
19069cff-5361-4f1e-b396-9ad7b07ceede,john-lowery,John Lowery,queued,
c7d1b8d4-5fb7-45aa-a548-9f598bfe436f,john-m-foss,John M. Foss,queued,
4fdf05cf-3030-4cd3-87ea-c2437527da3b,john-m-klaassen,John M. Klaassen,queued,
d1f05347-d38e-47b3-a53a-bce3ada83c34,john-m-lynch,John M. Lynch,queued,
be2aec4f-3090-4a3b-81a0-a669e3450772,john-m-penner,John M. Penner,queued,
12a8e165-f578-428e-8fc2-7a1b9157739a,john-mackenzie,John MacKenzie,queued,
a6bb7063-02f2-48ba-9a35-a400b8ab397f,john-malich,John Malich,queued,
2ad80053-cfea-4e05-b2ff-a721d694ed6a,john-maller,John Maller,queued,
a95ec1b8-74b7-481c-bcf7-373604f04b70,john-mandeville,John Mandeville,queued,
e619f27b-d32e-40ce-9204-ec1086de6533,john-martin,John Martin,queued,
3dbd8268-9153-4da9-bc48-1bbdbf51e17c,john-mason,John Mason,queued,
68248319-17db-4c34-8487-8670b6d8e241,john-mastrondea,John Mastrondea,queued,
b0558d7e-9a9a-4843-bc99-1b2921bb609d,john-mcgill,John McGill,queued,
aa2f50fe-1eed-4e75-8ffa-80090e0b3754,john-mckenzie,John McKenzie,queued,
d8bc039f-062c-4ccd-a192-d089693a04d4,john-mcneil,John McNeil,queued,
0c6a41c6-055d-4efe-bcc1-ee0730f64403,john-mcrae,John McRae,queued,
1fa59169-91a8-443e-8977-6be8fb0efce8,john-meehan,John Meehan,queued,
e8fb7dc0-1855-49de-bf92-41574d433942,john-merrick,John Merrick,queued,
e0e9978d-3d89-4e83-a7a4-cf1973c71c07,john-meyers,John Meyers,queued,
85ef77d2-d379-403c-ae14-4f84b0cccab3,john-michael-donner,John Michael Donner,queued,
40751ac0-4ff6-449a-802f-2aa675498e84,john-michael-santiago,John Michael Santiago,queued,
523cd5d9-cdd6-457b-b897-e42bcc851fdb,john-mitchell,John Mitchell,queued,
2b722ade-0701-4b1d-9c4c-9e59617d78e4,john-mitigli,John Mitigli,queued,
80f12907-b2fe-4b2b-923a-bf2cd7565abf,john-moore,John Moore,queued,
f3067cb9-c82a-4fba-8a50-8d75faaae365,john-morgan,John Morgan,queued,
2fbab0fd-d120-42cf-a1d6-2080df207fc3,john-mullally,John Mullally,queued,
a9685d9f-10b3-41e4-a4fc-ddd7ea610721,john-munch,John Munch,queued,
8e61b97f-470a-404c-a51c-bc11247b0874,john-munn,John Munn,queued,
a28aa8f4-8775-4421-8952-1773863e83c5,john-murray,John Murray,queued,
fedb28c2-b9c7-4290-a022-3d6d407eba0d,john-myles,John Myles,queued,
364031c7-30b5-4dc3-8894-b32f266b19fd,john-naga,John Naga,queued,
16e3f9ee-ac7e-4788-869c-20c38bf07559,john-nielson,John Nielson,queued,
cc91574c-7244-4000-a63e-ec1ba1586224,john-noto,John Noto,queued,
b5245271-46b9-440f-92d6-5f8f91013b61,john-nugent,John Nugent,queued,
89a8f78e-84b0-441c-b440-dafd1a2ecc77,john-orear,John O'Rear,queued,
eee2fc0b-3655-48f9-bdfc-9ac8f608091b,john-orlando,John Orlando,queued,
4eef952f-5c36-4f1f-bb73-f8506dfc74b6,john-p-leichty,John P. Leichty,queued,
28000fbb-5847-4a11-962f-180b71957e87,john-p-liechty,John P. Liechty,queued,
ebd99fc9-0a5c-41b6-aa48-2411357edc56,john-pace,John Pace,queued,
90171d8a-bd0e-46e2-afbd-75434ec68a5f,john-pacheta,John Pacheta,queued,
93125567-d9b9-4137-afc9-811e49b568b5,john-pado,John Pado,queued,
06d8574a-af6d-45d4-9519-702a9be0fd92,john-pamer,John Pamer,queued,
d48fbe68-4a33-47b9-b454-c380a283812b,john-pancner,John Pancner,queued,
e1576850-1423-4dd5-88a1-cbf9f4436741,john-parson,John Parson,queued,
812386db-b3f5-4b92-a72b-4a4628fe9d86,john-paskvalick,John Paskvalick,queued,
2ae765b6-23e8-49ab-a455-6b4c2074906d,john-patrick-liteky,John Patrick Liteky,queued,
3099c458-191f-4d16-ad14-f4075419a4f8,john-peltzer,John Peltzer,queued,
261a3158-1c35-4afc-878d-5a9bc61ad13d,john-pemberton,John Pemberton,queued,
8571ae92-a545-41ba-80dc-c1c2bb44b74e,john-pendleton,John Pendleton,queued,
9f1d44f6-ee0c-43ab-b56b-3be8829377a7,john-perlich,John Perlich,queued,
77208760-5940-41c7-b3d6-f452dc5c3072,john-perotti,John Perotti,queued,
52728dca-575d-4256-8fcb-b7213a4d9283,john-perrote,John Perrote,queued,
8af1bf8f-7838-4adb-b144-2a9b1a3221d7,john-peter-zenger,John Peter Zenger,queued,
42859040-4421-4811-9a62-e0fe125c318c,john-petters,John Petters,queued,
9b85d43f-9320-4e17-ac40-21e7d3406504,john-phillips,John Phillips,queued,
5eb22661-e564-40c1-a726-14157fc1a1db,john-phipps,John Phipps,queued,
526773fc-9d13-4e36-9a43-9a61cc834448,john-phoenix,John Phoenix,queued,
33bff4d4-e8e9-446a-a6d1-1edbcddad96a,john-piergres,John Piergres,queued,
7a51ef86-b497-4876-a68e-0cdb39482e89,john-pietra,John Pietra,queued,
7bc12952-37f0-4e70-8b94-75d2f7306253,john-powers,John Powers,queued,
039b0e23-a522-44a6-be8b-bc686437aff3,john-pugh,John Pugh,queued,
cde181cd-8074-4ea0-9dc7-7e1b9ca12a0c,john-quiring,John Quiring,queued,
0927997e-9e43-4a42-ab1a-c14fc2b79eab,john-r-lawson,John R. Lawson,queued,
2cad95e7-22e0-44da-9397-9c9529260318,john-r-pinard,John R. Pinard,queued,
fc45ffbf-4e29-4dee-a6d0-947e8fc39b55,john-ramer,John Ramer,queued,
4f5298da-867b-4d26-b416-bcbd9798d445,john-rawlings,John Rawlings,queued,
065c49d6-83bc-49cf-b6bc-c0985c048cfe,john-reinecke,John Reinecke,queued,
a024472b-7ce0-4a9b-a020-8e48b5600fd5,john-riffe,John Riffe,queued,
934e08a9-23d5-4de0-9aae-e9ff53ab905e,john-riley,John Riley,queued,
d2786fbe-64ed-43d7-b5f3-6240e31b5863,john-robbins,John Robbins,queued,
6ead78f2-c4b3-455f-aa17-e56203db0390,john-roche,John Roche,queued,
33e53a08-de8b-4726-9a40-682ac7b9b76e,john-rooney,John Rooney,queued,
3848fa8c-58bc-41dd-9cfa-c4e4793acf8c,john-rose,John Rose,queued,
7e24440d-a0f8-459b-b508-b3f8e0efdee0,john-ruck,John Ruck,queued,
145f9726-396e-4432-b9c6-0979cabfe1ab,john-s-daschbach,John S. Daschbach,queued,
0dd3aa84-8b65-4d98-a819-86634e50f2f5,john-s-lillie,John S. Lillie,queued,
6c5c2ab7-3821-484a-ae56-f56b9f7d6ae9,john-sanders,John Sanders,queued,
32eb4d41-e2cc-4c9d-8b8a-ee1030550899,john-santo,John Santo,queued,
cdbb5fc1-45ac-4469-8391-6eab3768c8cf,john-schmidt,John Schmidt,queued,
1617ba27-0902-4033-8d3e-10d2f0bbc4ce,john-schrag,John Schrag,queued,
8a8552da-2e81-4f17-a8e8-ca8ad05ac3da,john-schuchardt,John Schuchardt,queued,
dee3cada-39cf-4266-940e-d4e376a513f5,john-seaford,John Seaford,queued,
8ec70512-1d46-41b2-8898-8a640aa8f6fa,john-shanks,John Shanks,queued,
5c0034b7-2b8c-4167-ae89-525bb4643508,john-shea,John Shea,queued,
e186d7d6-2edb-4db1-af12-cd5df1851cee,john-sheehan,John Sheehan,queued,
a49fa4f0-a375-4866-a4a9-2d3272ae404a,john-sherman,John Sherman,queued,
e39c2da6-b6fe-4459-ba48-c1733f212f0c,john-shirey,John Shirey,queued,
b4696e8a-0e3e-4bfc-9de2-4cecff3a31ff,john-shumavich,John Shumavich,queued,
ba8dd3f3-5b75-4728-a36e-82cecf7c323a,john-sims,John Sims,queued,
ce5c1aa7-ca44-4c6d-b90f-c7bf414fdb25,john-sloan,John Sloan,queued,
9312c5eb-4643-404f-91ca-19b27cf399b3,john-soderberg,John Soderberg,queued,
9ba01338-06b4-4310-afc3-72d93eb13f60,john-stanger,John Stanger,queued,
5b818060-527f-497c-8b0f-d64f8967f6fc,john-subleski,John Subleski,queued,
8bcc4351-7030-415d-9cdc-6eb2d65b2f29,john-swanson,John Swanson,queued,
d5593081-13bf-4433-acd8-7c691342cb1e,john-t-dunn,John T. Dunn,queued,
defc43e1-ede8-425c-861e-37865b31e863,john-t-gojack,John T. Gojack,queued,
532bcde0-d90a-4b53-89aa-ddb3afc55af3,john-t-watkins,John T. Watkins,queued,
29f41252-7b1f-4b56-8a58-d405d4d43663,john-thomas-2,John Thomas,queued,
697b30b7-4352-4162-b00c-bb0b95a80a39,john-thomas-porter,John Thomas Porter,queued,
64ff6f87-cf02-47ea-a1ab-73776a87845a,john-thompson,John Thompson,queued,
4e3f3199-6bfe-4c05-bf58-049f93d31743,john-torrko,John Torrko,queued,
98f0d1af-0a29-4efe-ae0c-60c50b8444df,john-tucker,John Tucker,queued,
6f81cda0-5830-4089-8cf6-035643c761a5,john-ujich,John Ujich,queued,
93e7d6b8-f03b-48c2-9ab0-397e529dbc1b,john-van-steenburgh,John Van Steenburgh,queued,
2a76ec84-4dad-4bc4-a98a-9218d14340e1,john-vargo,John Vargo,queued,
77d00624-37da-48e7-88ea-30153d4dd26d,john-vilarino,John Vilarino,queued,
0414d0a9-c871-4f32-86c2-93ba0bd9c9b2,john-volpe,John Volpe,queued,
5ef81b83-400b-46de-9d18-f8e88086db14,john-w-bowdoin,John W. Bowdoin,queued,
992d98d6-be23-46f7-b4b9-dde657738299,john-w-davis,John W. Davis,queued,
2768ae09-c4bd-4ef1-b364-6517cb301fe2,john-w-dobrinich,John W. Dobrinich,queued,
d173fa69-5d41-4a76-b1b3-045203c7ed86,john-w-mccabe,John W. McCabe,queued,
d06c24b9-069b-4a45-8a94-c80dad2cca36,john-w-penrod,John W. Penrod,queued,
5613768e-081d-4ca2-a702-c514b963e0f2,john-w-rabus,John W. Rabus,queued,
f88a20b3-5278-493f-b1bc-3369619714c8,john-wallberg,John Wallberg,queued,
f0edf92b-d9f0-4893-89db-a57213feddd0,john-walsh,John Walsh,queued,
ed770d3e-9678-4e98-b4f2-26141520de34,john-watson,John Watson,queued,
0300867b-33b2-4e4b-b548-7b803bcd1ca7,john-waubanascum-jr,John Waubanascum Jr.,queued,
31d2e8d2-8611-4da6-a4ee-589c30eeebfa,john-weber,John Weber,queued,
3e98647d-5260-4170-8175-69a97b5f49aa,john-wesley-bryant,John Wesley Bryant,queued,
244e40b7-7caf-48a1-a0a5-8005f410580c,john-wheeler,John Wheeler,queued,
88526829-6bd2-4c28-8969-eff51c25c01a,john-william-trumble,John William Trumble,queued,
33c6bc67-975d-4e1d-be53-d654ac776458,john-williams,John Williams,queued,
56150559-9e91-469c-afed-886e4f26e45b,john-y-miller,John Y. Miller,queued,
821eb3af-beaf-42d6-ada5-b017d5927e2d,john-yancey,John Yancey,queued,
4a5fb4de-4a0c-42f9-9645-46ab2ad0d4e6,john-zabrian,John Zabrian,queued,
b3855814-dd07-446e-8237-62c91307dc88,john-zydok,John Zydok,queued,
dbf60639-af51-4411-a807-c81d7d0192e1,johnny-lee-wilson,Johnny Lee Wilson,queued,
e7954d33-db21-4b43-8257-a14e8bc60450,johnny-mcrea,Johnny McRea,queued,
682ce6ab-c89d-4590-b804-9243f36ed1e8,johnny-ross,Johnny Ross,queued,
6a4a9517-9dc6-4f98-b901-54bc2b676497,johnson-cole,Johnson Cole,queued,
be78ce16-4216-4fdd-874d-26bce289dae7,johny-alverio,Johny Alverio,queued,
4320734d-b753-4626-ad6f-b7c8dcc65893,jon-bayless,Jon Bayless,queued,
e7196252-3069-4587-8a58-c95fa08f2e21,jonas-zukauski,Jonas Zukauski,queued,
d4170bce-2bc4-4273-9d77-32fa43b46fb4,jonathan-leavitt,Jonathan Leavitt,queued,
ef675be4-2874-48c9-8455-055a5d18ceba,jonathan-tuller,Jonathan Tuller,queued,
005481f5-12ae-4dc4-8cb8-2291726719d5,jonna-cohen,Jonna Cohen,queued,
74215a24-38a5-4042-8843-89f979a387b1,jordan-magde-ferrand-sapsis,Jordan Magde Ferrand-Sapsis,queued,
d20b94f8-6d5b-4ddc-863d-48bb559a32c4,jorge-abel-ibarguen-palacio,Jorge Abel Ibarguen-Palacio,queued,
545a1341-57aa-4040-822b-bdfe223a8ac5,jorge-bascage,Jorge Bascage,queued,
e1ffe35a-ec9c-47ff-b948-a9007b629bbd,jorge-cruz-hernandez,Jorge Cruz Hernandez,queued,
7c534e38-839d-43a5-a803-3723c6c832ac,jorge-de-los-reyes-bautista-martinez,Jorge De Los Reyes Bautista Martinez,queued,
8ca70a81-6f29-478a-b9dc-b6377d2fc30c,jorge-maysonet-hernandez,Jorge Maysonet-Hernandez,queued,
f99344e0-05d9-4ba3-a557-7471d6fe91ab,jos-balogh,Jos Balogh,queued,
52ccc748-664d-4bfc-97cd-7d328c6f9946,jos-a-berman,Jos. A. Berman,queued,
cba1542a-9f7a-4918-855c-041ba6997b84,jose-carbonell,Jose Carbonell,queued,
35c387ae-e8ba-491b-af34-349346e4e447,jose-gabriel-alvarez-ortiz,Jose Gabriel Alvarez-Ortiz,queued,
5fbb78da-6f7d-4de5-8108-6ea0ad453d1a,jose-maria-corredor-ibague,Jose Maria Corredor-Ibague,queued,
cba465b5-6fb1-4ddb-8d7b-e034d45934f7,jose-maria-gastelum,Jose Maria Gastelum,queued,
7f86965c-7bd3-4ab6-8e8e-0725ba025838,jose-medina,Jose Medina,queued,
55f24057-8852-4606-aadf-509283b717b5,jose-padilla,Jose Padilla,queued,
9ed3df5d-2d84-40dd-bbde-5eb61b2f908f,jose-raymundo,Jose Raymundo,queued,
a141aebc-b09d-437d-a536-8094e648d90b,jose-rios,Jose Rios,queued,
9204c563-488a-48bf-b4da-6a9b178c0837,jose-santiago,Jose Santiago,queued,
437dd3af-4c1e-4739-a2a6-9024659c8808,jose-sciaba,Jose Sciaba,queued,
8a4ddc12-2731-454f-b615-449c33a01bd4,jose-sepulveda,Jose Sepulveda,queued,
7ea6255d-1656-4ce5-ad83-c3045b5c7e54,jose-solis-jordan,Jose Solis Jordan,queued,
91d7e71f-6258-4edc-9f47-fb596fcf1de8,jose-tito-libio-ulloa-melo,Jose Tito Libio Ulloa Melo,queued,
2350bd7f-8c77-46f5-9ea9-bc008e061b48,josef-brencich,Josef Brencich,queued,
a399073c-2214-47fc-a682-33345b963244,josef-kalenezcicz,Josef Kalenezcicz,queued,
8cc3bb68-7e9a-4fcd-b43b-33e892be729b,josef-ramon-fernandez,Josef Ramón Fernández,queued,
4bc06430-dd28-4e1b-b830-bec8c7653eee,joseph-a-oates,Joseph A. Oates,queued,
37a4f420-46df-4111-b79b-40860a5ce6ac,joseph-a-schur,Joseph A. Schur,queued,
2d287b1c-4222-4871-a5f5-6b29c17924d7,joseph-aceto,Joseph Aceto,queued,
e13e37af-dde9-446c-9c32-f7446a046aa5,joseph-anderson,Joseph Anderson,queued,
fb854d15-c980-455d-b591-ca0c52ad50f0,joseph-austin-gaskins,Joseph Austin Gaskins,queued,
bb4077ed-aa1b-4f98-a7ee-3fb16f05b15e,joseph-baker,Joseph Baker,queued,
eb6d5e0c-f740-4a0b-ab1e-f3363514468e,joseph-basor,Joseph Basor,queued,
be4b1e07-bbe2-4e6a-8801-5132f7b16395,joseph-beginsky,Joseph Beginsky,queued,
ec74695c-5415-4e17-a01b-ef6801d07f23,joseph-bellene,Joseph Bellene,queued,
b4a69b71-b325-496e-9e61-3a936bc56dea,joseph-bevilacqua,Joseph Bevilacqua,queued,
4b3016c0-f3ef-41dc-a745-6d61503b522c,joseph-bill,Joseph Bill,queued,
ebee07dc-2e58-422a-bba9-05ba54950c43,joseph-brandt,Joseph Brandt,queued,
2bc72b05-6571-47b8-9ed6-d46ef7ab9b80,joseph-carhoie,Joseph Carhoie,queued,
8d78d07b-908c-49c5-ad13-b0b8249bd7aa,joseph-carter,Joseph Carter,queued,
90ca6852-9999-482c-8e05-2fe33c733828,joseph-caruso,Joseph Caruso,queued,
ab25faeb-1ee6-42a6-8af3-990dce7d072d,joseph-cort,Joseph Cort,queued,
cb84a9ce-a606-4d44-a819-a1992b344d03,joseph-davenport,Joseph Davenport,queued,
5473753c-6fdd-4abe-b758-5992981fef25,joseph-delaine,Joseph DeLaine,queued,
76f13e6e-836a-4a79-a072-7140139f44be,joseph-deraymond,Joseph DeRaymond,queued,
6a6f585a-50b1-4d98-8332-3710006d806e,joseph-demport,Joseph Demport,queued,
4b640f59-d486-4c5a-9276-087c4766f520,joseph-dimow,Joseph Dimow,queued,
3697aba5-aa8e-41fa-bfe0-f5ce29156d6c,joseph-dougher,Joseph Dougher,queued,
f385ee40-c88b-4cde-979c-0ddc57302124,joseph-e-hamberg,Joseph E. Hamberg,queued,
217cfbea-1b04-48c0-ba71-c4fd1d3e88aa,joseph-e-hanberg,Joseph E. Hanberg,queued,
cdf80156-0494-4c24-a349-a831a2aa9c76,joseph-eash,Joseph Eash,queued,
c7c6f216-7231-4a70-abd6-e7a2d80bf313,joseph-ettor,Joseph Ettor,queued,
30fc671b-b075-4ce0-ab4b-03bca69475c6,joseph-geier,Joseph Geier,queued,
8e026fcb-487d-4e05-b243-6db4bee7c646,joseph-h-quinn,Joseph H. Quinn,queued,
5262c6b8-b76c-4cb8-8858-acab9e7f51de,joseph-h-wurz,Joseph H. Wurz,queued,
1e66f071-192e-4a97-8e63-2e2f62444862,joseph-hamburg,Joseph Hamburg,queued,
ec52d8df-c650-4d95-a33f-c50d38b20d11,joseph-harper,Joseph Harper,queued,
c7368220-ccec-435a-9742-6353f1d7c1ba,joseph-harrison,Joseph Harrison,queued,
7d3d08b7-6cc8-4602-a22f-575907fca82c,joseph-hofer,Joseph Hofer,queued,
dd5a4a9c-0a5f-4481-80c5-fd464f5df99a,joseph-holliday,Joseph Holliday,queued,
35d18054-510c-4b1e-b417-c10440c345e1,joseph-j-jantz,Joseph J. Jantz,queued,
81453548-ef2d-4ed7-aa28-94487da9a52a,joseph-j-ratti,Joseph J. Ratti,queued,
4ef51b27-5d60-4355-a677-24a363cd7d31,joseph-jackson,Joseph Jackson,queued,
17b3a825-04ce-4327-a27e-f3fe9c340954,joseph-jackson-jr,Joseph Jackson Jr.,queued,
546a7d16-4c60-495b-a803-4fc446ab45aa,joseph-kish,Joseph Kish,queued,
c2383843-5c2f-49ae-a5bf-2465cbd25ce4,joseph-kowalski,Joseph Kowalski,queued,
bd988591-4bb1-4f17-9031-7e575bc5b13c,joseph-kuzma,Joseph Kuzma,queued,
593cea94-429b-482e-b75e-86ae273dbb64,joseph-kyauskas-aukstuolis,Joseph Kyauskas Aukstuolis,queued,
fcd0b028-6382-4539-a81d-554d0a509220,joseph-laundy,Joseph Laundy,queued,
e742e70e-25d0-4c82-bc7b-277d53e7bf68,joseph-leston,Joseph Leston,queued,
fc772d02-1ed4-4ea0-8eef-16c6479723d8,joseph-lukas,Joseph Lukas,queued,
eefbf09f-6ccf-4bd1-811a-f876cc1c9bd3,joseph-lypsevitch,Joseph Lypsevitch,queued,
ecdc0174-e103-48f8-989d-97f780dce771,joseph-m-coldwell,Joseph M. Coldwell,queued,
8119cba6-eb20-439a-8819-c9bbbf14fada,joseph-m-walter,Joseph M. Walter,queued,
d3f03942-a296-4dcf-8400-b08a899665ef,joseph-manning,Joseph Manning,queued,
6ca93a91-8a62-4fe6-aa86-2ec64c20392e,joseph-mazzuchelli,Joseph Mazzuchelli,queued,
cec22e8f-8f89-447f-96b6-031d2f7923a6,joseph-mccolgan,Joseph McColgan,queued,
df2a2661-3868-4f2f-a60a-054e164e7694,joseph-mccolgin,Joseph McColgin,queued,
9a53a647-786c-42d0-9e18-e8ab0ba1bce9,joseph-miss,Joseph Miss,queued,
422d9750-134d-4d31-9711-44bb51e11610,joseph-mule,Joseph Mule,queued,
1a2bba7d-eee7-413d-80c5-84146388df0c,joseph-nichols,Joseph Nichols,queued,
dbbc000f-da28-42d9-ba4c-1ef7d10f65c4,joseph-p-kamp,Joseph P. Kamp,queued,
ac99fde6-4a0e-41a4-a235-e78d891df02c,joseph-pass,Joseph Pass,queued,
1ecdca05-7a8f-4c27-b7dd-d4567627ced3,joseph-paul-murray-jr,Joseph Paul Murray Jr.,queued,
33fb7988-c331-4e7d-a5a6-d36e480d5d9d,joseph-posey,Joseph Posey,queued,
98ea5f21-0ceb-4cdb-b0c9-6a369401189e,joseph-ranchioni,Joseph Ranchioni,queued,
76cdf78d-630c-4bd6-b4e9-420fc3ddfc5d,joseph-reik,Joseph Reik,queued,
d4a72674-7d30-4872-b190-1f0ced5782af,joseph-remiro,Joseph Remiro,queued,
3e607bd5-f099-45ec-ab91-fb4847692982,joseph-roberts,Joseph Roberts,queued,
a72f2e79-3c52-4bb7-a6f9-c979b78f2321,joseph-russo,Joseph Russo,queued,
5b17364e-c590-42d5-aa52-3bce4394945b,joseph-scarlett,Joseph Scarlett,queued,
baf939fb-8c2f-412f-a68a-df1e7e927ea5,joseph-scherrer,Joseph Scherrer,queued,
b701784a-dc06-409e-9e78-b7fefe12df4b,joseph-scott,Joseph Scott,queued,
44ee0051-838a-431a-962b-4ab20b32de62,joseph-selzer,Joseph Selzer,queued,
9e605447-9167-41b2-85d3-70385f2a692b,joseph-shoemaker,Joseph Shoemaker,queued,
f6e34481-c305-453b-a623-c7038870bc12,joseph-stilson,Joseph Stilson,queued,
eee05f88-c30e-449a-8e62-dbefc9220968,joseph-t-gilchrist,Joseph T. Gilchrist,queued,
4bab766a-7e4c-4d7c-8dad-a25c0762f36e,joseph-t-pandack,Joseph T. Pandack,queued,
a9683b22-d73a-4bfd-9ae1-dd472046a5f6,joseph-tracz,Joseph Tracz,queued,
a95abb52-b9f9-4928-80be-2bb7741ec0ee,joseph-valsky,Joseph Valsky,queued,
19c07424-20e4-4b4b-a903-2b48be53cb35,joseph-w-boucher,Joseph W. Boucher,queued,
6fc2c122-d277-4237-bd77-6a1d79e699d4,joseph-waddell,Joseph Waddell,queued,
a7dfff82-6e7a-4e49-a3a7-c7bb2b2f4f9c,joseph-wagner,Joseph Wagner,queued,
81e40070-46c5-4928-8422-40b5a1d85a5b,joseph-wall,Joseph Wall,queued,
96fc92b8-ee87-4fa0-b0cd-0b18ca95b145,joseph-weber,Joseph Weber,queued,
1c20c5e1-bccd-41ba-a140-e090235ed1b5,joseph-wenderoth,Joseph Wenderoth,queued,
edde44f7-11db-4207-a62c-777d408f830e,joseph-zukas,Joseph Zukas,queued,
08c39ba2-edc5-427c-a453-92414eaf8673,josephine-bell,Josephine Bell,research_pending,Initial encyclopedia image-index search completed; no verified portrait selected. Broader research remains.
b3f08bd4-a167-4b71-9e85-e50c6dc2e0a5,josephine-collins,Josephine Collins,queued,
05e43761-8325-49ae-8bbe-937600efad40,josephine-johnson,Josephine Johnson,research_pending,Initial encyclopedia image-index search completed; no verified portrait selected. Broader research remains.
e846910e-b85b-4003-86be-641eb986cdf4,josh-raisler-cohn,Josh Raisler Cohn,queued,
f32b02ba-def4-4b33-a65d-a071233576e8,josh-richards,Josh Richards,queued,
3d012cd3-4c52-414f-9c4c-c1a8b0d4044d,joshua-cartrette,Joshua Cartrette,queued,
097e50b5-66be-442e-aea9-aa90f6e54d1b,joshua-key,Joshua Key,queued,
7e63c9ab-0a13-4763-9577-0a0723fd1efe,joshua-schwartz,Joshua Schwartz,queued,
5e7491ae-0875-4a70-8158-8c44bdc63beb,joshua-simpson,Joshua Simpson,queued,
a46b8153-03e5-4cf8-aa31-b018061e3045,joshua-stephen-demmitt,Joshua Stephen Demmitt,queued,
c7d7551d-ecd4-47e4-a772-c2dbb435d344,joshua-sykes,Joshua Sykes,queued,
7561e781-a78b-48b9-8c76-eccd15bc3cfd,joshua-wollstein,Joshua Wollstein,queued,
9ec0a8e4-0e00-4fe9-b023-267f5011feb8,josie-robotin,Josie Robotin,queued,
04636a87-7469-4c10-bc7f-5b1bdc7a64b1,josip-vargo,Josip Vargo,queued,
78d4a81e-8738-4385-a2b4-7e4a8d55cdb9,jose-cha-cha-jimenez,"José ""Cha Cha"" Jiménez",queued,
8c519815-e40f-4ed0-a146-704dc2b9006f,jose-enrique-de-jesus,José Enrique De Jesús,queued,
0a18176e-5bfa-44b2-a28b-deac0ce9a1cf,jose-f-crespo,José F. Crespo,queued,
2f9e777f-8823-40c6-97b2-fe0f7a5479a5,jose-gonzalez,José González,queued,
24c4bbd1-3f03-4fb4-b1a0-39cdc5ba875e,jose-humberto-santos,José Humberto Santos,queued,
c8d87bb5-0398-45ba-93ec-e4bde6ce3f41,jose-jacques-medina,José Jacques Medina,queued,
b0ff2f96-37d8-4c11-b722-024b096bae53,jose-juan-cora,José Juan Cora,queued,
28960c01-d03c-4b63-b1b2-34ae774bafdc,jose-luis-nieves,José Luis Nieves,queued,
308f8270-a3ad-4e6a-a4b4-a6081be3108d,jose-luis-rodriguez,José Luis Rodríguez,queued,
a5abdd65-b7d2-4f21-b6bb-88af4363ff8e,jose-lopez,José López,queued,
a31d3de2-f5bb-49ae-9eaf-cd30ac4f52d2,jose-m-rangel,José M. Rangel,queued,
104b133b-3744-4813-ba79-a22306b534c9,jose-maria-martinez,José María Martínez,queued,
31a76af1-2588-4efc-abdc-9e305e5a7f31,jose-melendez-cotto,José Meléndez Cotto,queued,
e097e098-5d27-4dbb-aeca-4f4a7c412ae5,jose-montanez-sanes,José Montañez Sanes,queued,
c32add95-036a-472f-bf4e-ffa44cef5842,jose-nicieza,José Nicieza,queued,
7b7bef65-4c4a-4ea3-9d17-5dbc330f22d7,jose-perez-rivera,José Perez Rivera,queued,
cb5f71c2-dc64-47f1-a2ce-d5c6b4767bc0,jose-petit-y-fernandez,José Petit y Fernández,queued,
e32ec29a-9116-49a8-be77-fcd7b76a5384,jose-perez-gonzalez,José Pérez González,queued,
a4dbedfa-5097-414a-93da-18c5f004e2a9,jose-r-rivera-santana,José R. Rivera Santana,queued,
96c1bfee-05e5-45ab-92ad-e0a09c0c86cf,jose-rafael-bas,José Rafael Bas,queued,
b5feb2c5-d0d8-44d9-8207-21913803df5a,jose-roman-rivera,José Román Rivera,queued,
e8627a3c-49ec-4898-b173-6bb6279eaad1,jose-ruiz,José Ruiz,queued,
25366c3d-e41d-40a4-afa5-0b580753dcc8,jose-tellez,José Tellez,queued,
8a8558ee-5996-4415-9d32-a9488eafd79a,jose-velez-acosta,José Vélez Acosta,queued,
dcb97d2c-8aeb-487c-92ad-45e4d4317251,jose-angel-chacon,José Ángel Chacón,queued,
a621f815-d978-437b-8e3f-24ec113a7f56,jose-angel-hernandez,José Ángel Hernández,queued,
77c7ca8a-26f7-46c0-add0-b9b8791e128a,jose-angel-hernandez-2,José Ángel Hernández,queued,
3e8f279c-1b34-4a2f-8c49-1e4250d9fb92,jose-angel-morot,José Ángel Morot,queued,
f8197097-68eb-4bab-bac0-c1c5f132b7c0,joy-mitchell,Joy Mitchell,queued,
bd100b70-ef75-4509-b60a-3a0bf9798737,joyce-elwanger,Joyce Elwanger,queued,
9fe3128d-17ca-4129-822e-1049641173e2,joyce-guerrero,Joyce Guerrero,queued,
cadb730b-c20c-45e0-b1e5-dd66d335ba4d,joyce-hollyday,Joyce Hollyday,research_pending,Initial encyclopedia image-index search completed; no verified portrait selected. Broader research remains.
1035b96f-9f5f-414a-a5a8-2fca7f5a0cb7,joyce-parkhurst,Joyce Parkhurst,queued,
7297003c-8628-4d1d-aad9-e751de9245fb,juan-alverio,Juan Alverio,queued,
5bca5301-a567-45a1-a886-dccbdc6d0772,juan-canle-lourido,Juan Canle Lourido,queued,
711c60e8-bcc9-443e-b0c8-d51d687faf5f,juan-castro,Juan Castro,queued,
5ab40be5-87fa-4a25-a476-549df880ed4f,juan-emmanuelli,Juan Emmanuelli,queued,
5b6825a2-4ef4-4c48-bf37-dbae23eb1a68,juan-fernandez,Juan Fernandez,queued,
2845d2e1-cc2a-4855-9fc9-32e3229b8bde,juan-gallardo-santiago,Juan Gallardo Santiago,queued,
5973396c-3e78-4838-ac41-0961a2c77c85,juan-galloza-acevedo,Juan Galloza Acevedo,queued,
f314b00b-e998-4ea4-afa9-87cf50e8afd5,juan-haro,Juan Haro,queued,
dd5fafdc-387e-4cc4-8dc0-be3fee852072,juan-jose-martinez-vega,Juan Jose Martinez Vega,queued,
ba121eb6-9f4f-4fa1-8368-c80cb996e689,juan-manuel-dalmau,Juan Manuel Dalmáu,queued,
131e5f34-6a09-48eb-9e1c-cf3fece08f50,juan-manuel-verges,Juan Manuel Verges,queued,
ee2e8090-6d58-420f-a02c-4e4446b824db,juan-ochoa,Juan Ochoa,queued,
1ba80857-3e9f-4f20-837f-e2add734ae01,juan-rafael-rosario,Juan Rafael Rosario,queued,
ef08d8a8-f22a-4b47-bf26-b83f9e420ed6,juan-ramon-cruz-perez,Juan Ramón Cruz Pérez,queued,
362e7427-e645-473e-97a7-b9f1a8b0e40d,juan-saez-corales,Juan Saez Corales,queued,
e87a5422-74ce-4000-8b56-bd8291d2b409,juan-santos-rivera,Juan Santos Rivera,queued,
54c0ff97-7ef6-4a5f-bba4-aa8f1e6f7c42,juan-villanueva,Juan Villanueva,queued,
00c8b7e3-a2fc-4161-88b0-338f7e2e0fbe,juanita-morrow-nelson,Juanita Morrow Nelson,prepared_batch259,Verified portrait prepared; deployment not yet confirmed.
5fbc7727-09b4-4d2b-bdca-e5b033a1c8e8,juanito-cordoba-bermudez,Juanito Cordoba-Bermudez,queued,
aafd730c-02c1-465f-a5c7-a2017cc36441,judah-coleman-bailey,Judah Coleman Bailey,queued,
b78b5817-1dc5-4ce3-84d6-c6672eaeb99e,judith-beaumont,Judith Beaumont,queued,
db0c2aaa-be52-4519-b02d-8c2349f4e9ea,judith-bissell,Judith Bissell,research_pending,Initial encyclopedia image-index search completed; no verified portrait selected. Broader research remains.
00916e4c-2ddd-494d-9c7a-09193d4b76f8,judith-kelly,Judith Kelly,queued,
971ebbb3-d66b-4adb-a4c3-50211a8d9e6e,judith-ruland,Judith Ruland,queued,
c403a166-0103-4daa-a98b-d2d1ed84493c,judson-simpson,Judson Simpson,queued,
de552fcf-64a8-4441-a484-882a0fc4cf31,judy-bello,Judy Bello,queued,
1702e3ca-cef0-4458-aa7f-cb624e60245a,judy-bierbaum,Judy Bierbaum,queued,
29eb8afd-0abf-4d91-ad1b-9a0bf7c70013,judy-greenspan,Judy Greenspan,queued,
c2610578-6079-4915-a64e-6bc5d094d853,judy-jenkins,Judy Jenkins,queued,
1420b2b2-d366-4f95-a678-bf6a98b119ae,julia-garfield,Julia Garfield,queued,
edb989f8-eae3-4ac7-be4c-eef5cfac5d9a,julia-hurlbut,Julia Hurlbut,prepared_batch258,Verified photo prepared; deployment not yet confirmed.
84131f48-f631-4b08-b409-68b39caba391,julia-parker,Julia Parker,queued,
4876d8ea-c8e2-4fef-a66a-06027a45e414,julia-weaver,Julia Weaver,queued,
3a97c6c2-af6f-409e-814f-2d00672e9b51,julia-wilde,Julia Wilde,queued,
2a75f09d-45a4-44b0-bdad-e9945d4e2ac2,julian-crofton,Julian Crofton,queued,
faebb9fd-af03-4b6f-82d3-27a652582bcd,julian-dombrouski,Julian Dombrouski,queued,
46fb31e0-c214-485d-a7d5-ba14975bb531,julian-dumbrouski,Julian Dumbrouski,queued,
cc25e1ec-cf7f-4434-91de-8b1705da2f94,julian-renee-mejia,Julian Renee Mejia,queued,
53ba17d2-2d65-4320-9157-6737c41fa49e,julian-schuman,Julian Schuman,queued,
5f3f4ff4-2421-4f07-8317-197769cb12c1,julianne-panagacos,Julianne Panagacos,queued,
88f8dd2c-84d4-4066-a7b7-7d20d1e0dd18,julie-nalibov,Julie Nalibov,queued,
7a1ff1e5-2c92-43c0-95fb-58d16319d3c2,julio-canales,Julio Canales,queued,
1772c22b-cd47-40a0-900c-39e9e34e83be,julio-cesar-irungaray,Julio Cesar Irungaray,queued,
e2ab770b-e737-45fc-b49a-ae3bf45e1312,julio-cesar-lopez,Julio Cesar Lopez,queued,
e0b26c4d-ade9-4a1a-b0e6-794656a7aa75,julio-h-velazquez,Julio H. Velázquez,queued,
3104a799-3a91-4b8f-8259-8f9f0902e975,julio-m-ramos,Julio M. Ramos,queued,
fc85d1e3-2a08-42ec-aa6d-726d0283093d,julio-ortega-miranda,Julio Ortega Miranda,queued,
c5d158f8-41dc-4eb1-ab17-3c4059b51101,julio-pinto-gandia,Julio Pinto Gandia,queued,
b811cb5d-b369-47f9-a0a0-7f186f797323,julio-rosado,Julio Rosado,queued,
7ba627e3-9d48-4638-8ea2-f7695c8de65f,julio-veras,Julio Veras,queued,
c52513ee-96a8-49cf-8595-f5eac46fad40,julio-zuniga,Julio Zuniga,queued,
69991678-ff3c-407e-8260-340e5a65ebef,julius-cornell,Julius Cornell,queued,
5dbe78b3-9bfc-4cf4-8a44-b4eac5076819,julius-eichel,Julius Eichel,queued,
69e16faa-2d7f-411c-a025-01e3d46c0237,julius-firestone,Julius Firestone,queued,
33fe7519-74d7-4531-bcef-31b416f02907,julius-hollis,Julius Hollis,queued,
508e7250-e6c1-4325-acf0-f6d62d8c5711,julius-katz,Julius Katz,queued,
d61d696a-a7fe-46a6-94cc-59beb32b8d87,julius-manninger,Julius Manninger,queued,
506f3dba-97b2-42f5-a5d5-25decf6287ae,julius-ohsis,Julius Ohsis,queued,
873742ff-267a-44bc-8903-dafdbd1567ea,julius-r-greenberg,Julius R. Greenberg,queued,
c49d153f-2748-45c5-ad45-dcbd5202010d,julius-reck,Julius Reck,queued,
9a8b9fb4-ab6a-417d-a317-8b8b153d64f3,julius-rhuberg,Julius Rhuberg,queued,
81fbd586-22b3-4116-ab06-bb0ad8e7bddb,julius-soich,Julius Soich,queued,
27adfef4-ac24-41de-98c5-90b450c97e90,julius-walstadt,Julius Walstadt,queued,
9bf26ef3-1c2c-47d5-b228-a6e42c7e02d4,julian-montalan,Julián Montalan,queued,
18c94b99-bf87-4cd8-915d-797c4dd14f72,june-croll-gordon,June Croll Gordon,queued,
8f5fcd66-2bf8-489a-a808-88229e032e83,june-johnson,June Johnson,queued,
5050e715-6f31-40cf-90ab-80f5b6e104f2,junius-underwood,Junius Underwood,queued,
d64fd800-2c79-4fa3-aa2f-bc6ebd3c059f,justin-christopher-moore,Justin Christopher Moore,queued,
421aaa8e-7562-4fc2-afe4-1cfc5288c783,justin-d-spry,Justin D. Spry,queued,
6c3b4c39-e32e-4d9e-aa7a-d15c22c7acd3,justin-keezer,Justin Keezer,queued,
75e86fd5-6892-45b6-a707-5aebd7fbd3b9,justin-raymond-colby,Justin Raymond Colby,queued,
d2efb0b2-7f1c-4fa6-a9ff-0521d9ac61aa,justin-samuel,Justin Samuel,queued,
d16c795d-1f00-4013-bbce-a426b080cc25,jozef-kowalski,Józef Kowalski,queued,
b2948613-8c74-40ca-8cbd-18a65084cb4f,k-holmberg,K. Holmberg,queued,
e4201b75-d2e1-487c-8eeb-653d6509aeb2,k-o-byers,K. O. Byers,queued,
3930d15d-026f-4efe-b9fe-26effae8e303,k-y-hendricks,K. Y. Hendricks,queued,
c655112f-8cb6-46a2-a6ff-331e9c531051,k-y-hendrix,K. Y. Hendrix,queued,
fb2e9359-5f7a-4c4a-bb6d-e101cf1a22e7,kadeem-a-dockery,Kadeem A. Dockery,queued,
32b7c66b-3969-4688-8375-7396320d4ed6,kalenik-migura,Kalenik Migura,queued,
ec00944f-0c12-41fb-a9c4-9a9cbe74de4a,kalima-aswad,Kalima Aswad,queued,
6e99510d-b681-4a83-a877-3ad6c46eee01,kalistrat-demco,Kalistrat Demco,queued,
2ac7ca60-a263-459c-914f-6a0c3d6ce3c7,kalla-niemi,Kalla Niemi,queued,
ab8c7e89-8f01-4436-a3cc-a6658bdbb47d,kamile-dincsoy,Kamile Dincsoy,queued,
bdc6c190-d1a6-4a7a-8168-0e2880336c9a,kamook-banks,Kamook Banks,queued,
07ccf41b-6a66-429c-801f-1e4537939dd6,kareem-dewayne-jefferson,Kareem Dewayne Jefferson,queued,
f6613fbd-970e-4319-b6b9-68f8cf0fc94d,karim-njabafudi,Karim Njabafudi,queued,
c7dd8b19-9a33-4ebf-a037-08e3b3afad34,karin-vix,Karin Vix,queued,
d399c102-425c-4870-8b31-ec8c9719a2df,karl-i-garber,Karl I. Garber,queued,
6fd67efa-34fe-4247-95a1-e46570616d8a,karl-jones,Karl Jones,queued,
b551a52c-c332-4dae-a0a2-c821a3ca5010,karl-kochendorfer,Karl Kochendorfer,queued,
cafb304c-d349-4f31-86aa-ff731cbc57d0,karl-kuehn,Karl Kuehn,queued,
64589a80-a592-4bca-bd6e-85042fb63b59,karl-malmstrom,Karl Malmstrom,queued,
ca263908-8d33-4942-a36c-ed89e32b1842,karl-reeve,Karl Reeve,queued,
502ee3a6-56e1-4893-9d11-746fa0138951,karl-s-robinson,Karl S. Robinson,queued,
3ef1a948-fd76-4816-82c8-a9c23d3e45e2,karl-smith,Karl Smith,queued,
8f81e69a-0001-435a-bc2c-d7f59fb3b8f0,karl-soehnlein,Karl Soehnlein,queued,
6a266219-b95f-497a-af80-c6265181ad0d,karl-strelchuk,Karl Strelchuk,queued,
3cd327be-5b06-4d90-b6a4-9c66fcaf9b16,karly-larsen,Karly Larsen,queued,
13bc9329-9bda-49cb-9b56-0f737a07ddfc,karol-schulkin,Karol Schulkin,queued,
588e9cde-0800-4c05-8145-28f390028e9d,karrem-nasr,Karrem Nasr,queued,
58bd716f-ce1c-41a2-8ef3-05b42b96b066,kate-boeckh,Kate Boeckh,queued,
0c0e7191-5051-462e-ae1e-fed089af2eb0,kate-fontanazza,Kate Fontanazza,queued,
534b39e9-2115-4558-a39c-04c8a483ee30,kate-ohsis,Kate Ohsis,queued,
2f872c90-ab7b-4308-a84f-fa8b0b62d01d,kate-sorensen,Kate Sorensen,queued,
77d6802b-2ae6-43f5-9c4e-d6a726fbfc60,kate-stafford,Kate Stafford,queued,
09b6d7e8-8ee3-4dbd-a528-8b09ed14c474,kate-winston,Kate Winston,queued,
b8cc2833-2435-4673-9d51-a9e15c70608f,katelynn-bolinger,Katelynn Bolinger,queued,
19146b62-c22f-4db7-87d6-f3680c1699ac,kateri-mccarthy,Kateri McCarthy,queued,
d939f0bc-629e-4dc2-bbc2-bebb86bfc986,katharine-fisher,Katharine Fisher,queued,
cf733893-5481-40bb-b489-01e5667c7dd3,katherine-bjorkman,Katherine Bjorkman,queued,
1397a7db-7e30-4409-947f-8ed89dec6a86,katherine-brown,Katherine Brown,queued,
4973cee1-938a-477c-b274-eaa0d6bd24cb,katherine-christianson,Katherine Christianson,queued,
86aa7361-c653-45f2-82a2-c9dd65613e6d,katherine-hyndman,Katherine Hyndman,queued,
23e4e934-2f97-47ff-b085-67d6d18d8f5b,katherine-lincoln,Katherine Lincoln,queued,
d08bae55-d5b2-4233-b645-a6b75edd61d8,katherine-olejnik,Katherine Olejnik,queued,
4da4cccc-6438-4fd8-9ed5-83cf406ebff2,kathleen-boylan,Kathleen Boylan,queued,
976c7694-1061-4210-9316-98ade80b700b,kathleen-desautels,Kathleen Desautels,queued,
37ac7d89-5c86-47cb-8f6d-9f8220c1b3a6,kathleen-fisher,Kathleen Fisher,queued,
b974ae8b-38a3-4272-a928-caf56081aeb5,kathleen-maire,Kathleen Maire,queued,
5fe803ec-5b98-4937-8078-163fcd814ba4,kathy-boylan,Kathy Boylan,queued,
96c4d06c-8222-4ee2-92d9-e364a272d3d8,katsuki-james-otsuka,Katsuki James Otsuka,queued,
039056f5-fabc-4c2e-9599-2f108d564b1d,katya-komisaruk,Katya Komisaruk,queued,
dd0ed34a-3c67-4974-aa2c-9b911df6008c,kazimir-benicewich,Kazimir Benicewich,queued,
12453316-c99c-4372-8e41-81b332f1b0c7,kazimir-radkovits,Kazimir Radkovits,queued,
78898526-61ef-47dc-b52e-2dce4e711efe,kazis-maskalunas,Kazis Maskalunas,queued,
369aa4da-8029-49de-9431-d77965b2fc72,keith-kjoller,Keith Kjoller,queued,
490e3e5e-0297-4396-92e4-1ba7d30d6145,keith-leroy-moreno,Keith Leroy Moreno,queued,
44e1a7bc-e330-47fb-81ec-c4d53216cbc7,keith-mather,Keith Mather,queued,
dd4f0ecd-d00f-4b40-8e5c-30ddd5a9335d,kelsey-donnel-jackson,Kelsey Donnel Jackson,queued,
935805bc-4e0a-4db6-a370-fdad55c473f1,ken-butigan,Ken Butigan,queued,
632e5134-1410-4245-ae25-81b05fd87975,ken-rippetoe,Ken Rippetoe,queued,
0af64e85-7805-4dc3-bd97-a307535f0176,kendall-tankersley,Kendall Tankersley,queued,
f3a7308f-83ca-4241-ad7f-8c9f1240dcae,kenneth-austin,Kenneth Austin,queued,
16fc9b3c-e16e-4e30-853d-fad8c9f93995,kenneth-calkins,Kenneth Calkins,queued,
042f5249-47ef-49d7-a4f1-ce6e0e942485,kenneth-f-crowley,Kenneth F. Crowley,queued,
d01ae284-8ef4-4d1a-92ae-1aa596dfc8f0,kenneth-hayes,Kenneth Hayes,queued,
2f7cb7d4-e4db-4d28-a6f9-0a28d8915ef6,kenneth-loud-hawk,Kenneth Loud Hawk,queued,
a2df589d-645b-4325-9c2d-3206cd884bfa,kenneth-osthimer,Kenneth Osthimer,queued,
0b6edec3-70be-41f8-9f48-05b48630486b,kenneth-tierney,Kenneth Tierney,queued,
07b162f4-f68d-4d89-869a-83103cd660d8,kent-williams,Kent Williams,queued,
c58ea207-8d3c-4311-8842-4590195ae92f,ketia-fedrovich-molkowsky,Ketia Fedrovich Molkowsky,queued,
fcc4252f-f9df-4d6d-ba44-5bd77790d0d3,kevin-benderman,Kevin Benderman,queued,
4c30d68e-0259-4839-a37a-0e77d7bbab4b,kevin-chianella,Kevin Chianella,queued,
3feda716-dbc1-4265-835d-8e905b1ced89,kevin-mckinley,Kevin McKinley,queued,
9249416f-5907-4ec7-bf3c-4a1550e894f3,kevin-tubbs,Kevin Tubbs,queued,
27f33093-dc20-48cc-b35a-ce5d655b5c03,keyondre-robinson,Keyondre Robinson,queued,
3c5df006-eb07-43ef-8ea4-291dc31439f3,khalid-al-sudanee,Khalid Al-Sudanee,queued,
62b5414c-e29d-41da-a4e5-08b3b27be078,khalid-awan,Khalid Awan,queued,
a0efd9ad-bbff-4b95-8d9b-abd75801950f,khalid-raheem,Khalid Raheem,queued,
906a4146-48da-40f3-abaa-9e71c2c7429a,khalif-miller,Khalif Miller,queued,
de126423-8441-44da-9c1d-1ef3460a44ff,khatari-gaulden,Khatari Gaulden,queued,
2f7fbb1f-f2fc-4c46-bcb0-0a732a6c994d,kifah-wael-jayyousi,Kifah Wael Jayyousi,queued,
0f36cefc-a63a-4de9-8ca5-aec55f98f891,kike-hall,Kike Hall,queued,
c1fda649-21c2-422d-a9d7-9083be6b184c,killian-f-melecio,Killian F. Melecio,queued,
a64f7577-8015-4ea8-b771-f26fa7e93bcf,kim-eun-hye,Kim Eun-Hye,queued,
50c5de2b-f0c0-44b9-aab1-4d4133ff819a,kim-young-jae,Kim Young-Jae,queued,
0b051be9-f430-4387-a808-66b2014911b0,kiril-fengol,Kiril Fengol,queued,
93d50fac-bf34-4ebb-adfc-7cb160dbc82d,kirio-fedyk,Kirio Fedyk,queued,
e9f65294-7f17-41e9-a138-b6ff31c43480,kirk-taylor,Kirk Taylor,queued,
508eb38c-1057-42c6-8c13-0cee8400d7ce,kiyoshi-okamoto,Kiyoshi Okamoto,queued,
28e59271-b72f-4650-95a5-c656e7e43fed,knud-carlo-rothberg,Knud Carlo Rothberg,queued,
018cf395-1066-4cb4-9baa-ea44d19ef3b2,knud-m-lassen,Knud M. Lassen,queued,
964b2e6d-e944-49ab-a615-cb29e256575d,knut-heikkinen,Knut Heikkinen,queued,
89001394-7c91-4dd6-86cc-f735c70fa421,koji-ariyoshi,Koji Ariyoshi,queued,
63b1ebb2-1fe5-4cc1-b712-8d52f9ad6207,konrad-tkach,Konrad Tkach,queued,
9bd90979-15e7-41e1-b6b5-3dd10e8ac3e5,konstantin-demyanovich-draco,Konstantin Demyanovich Draco,queued,
6ec76d2d-e580-4b5f-8f7c-817313b24cb5,konstantin-koszko,Konstantin Koszko,queued,
1d8e2611-db67-4702-8caa-d4a9489394c2,konstantin-loban,Konstantin Loban,queued,
f07a2e8e-8fe4-40bc-8429-1e2a3a5d7d0b,konstantin-petrashka,Konstantin Petrashka,queued,
e60b4618-3ca8-497e-9eca-d080e2a64953,konstantin-romanchuk,Konstantin Romanchuk,queued,
3de5885b-a786-45b3-be53-ffead24064c4,konstantin-skorokod,Konstantin Skorokod,queued,
6c755f9e-dd43-4eaa-afaa-a1130d73a903,konstantin-stankevich,Konstantin Stankevich,queued,
809e1ffc-5a23-48b6-959a-222dd03c85a4,konstantin-vasiliuk,Konstantin Vasiliuk,queued,
25ab5dde-948a-40b2-8678-f643614ffc2c,krasevich,Krasevich,queued,
096172b2-4b7b-45f6-bca8-cba696b17bf4,kristen-betts,Kristen Betts,queued,
e0a0c5f0-9596-4d25-b900-0e9012dfcc57,kristen-svanum,Kristen Svanum,queued,
183a2c76-efe3-437a-baa9-43e19353ca30,kristin-holm,Kristin Holm,queued,
d32d4ab2-a5af-472f-984b-aa1d93dbe965,kronagi-workolf,Kronagi Workolf,queued,
058b4193-452e-4501-814a-63b8ccde0695,kwando-kinshasa,Kwando Kinshasa,queued,
c6f5a115-5bde-4211-814f-6a9b0918f3b8,kyle-pugh,Kyle Pugh,queued,
0742a665-9d01-4b96-a826-6ae2f318a686,kyle-robert-tornow,Kyle Robert Tornow,queued,
017f1b1a-cd26-4fa9-8257-9902f3dd48b3,kyle-shaw,Kyle Shaw,queued,
26081f06-f274-4bc8-8698-ceaaaca5ad7e,kyle-snyder,Kyle Snyder,queued,
e216b97f-8acf-4f9c-83df-2faa38231d7f,kyra-hanlon,Kyra Hanlon,queued,
1c149c8e-010d-4191-8a60-a09d6087a981,kyree-lee-robertson,Kyree Lee Robertson,queued,
0c98b3cf-3e2c-4c64-aa49-b7f06c8b4f7c,l-barnett,L. Barnett,queued,
216bdb15-0451-4e22-a330-ae40ae3ace37,l-bornstein,L. Bornstein,queued,
bdf26dda-5e29-4c7b-a692-8cc9c95b0f95,l-c-tate,L. C. Tate,queued,
b7f42d26-c01e-457d-8d69-f11be082dd79,l-j-c-daniels,L. J. C. Daniels,queued,
9aaff646-2af6-4ef2-9a29-9a1d749ae87c,l-jerkins,L. Jerkins,queued,
d2eb8c58-cac6-4505-b344-2411a2bb2d44,l-kramer,L. Kramer,queued,
48133a85-732a-4e27-a4bd-6ebdb0e36cc6,l-lloyd,L. Lloyd,queued,
085c8233-1e0c-4d5d-a9c6-be054212ea0a,l-m-mills,L. M. Mills,queued,
b502290b-369e-4707-a7c1-49a9e28b9375,l-manna,L. Manna,queued,
91139c07-ffef-43fc-85ec-a7587e97e5c9,l-n-lagendre,L. N. Lagendre,queued,
bf19a003-749a-45e8-b5ac-c607a02e41df,l-n-legendre,L. N. Legendre,queued,
b68d87ef-f5a8-4f6d-a768-0e213125e4e2,l-nashenwing,L. Nashenwing,queued,
7506d871-77e7-4d5e-b5ed-9074db527cc0,l-roth,L. Roth,queued,
4113aaf8-bf2e-4ba9-ae93-82eac5b98bed,l-stokes,L. Stokes,queued,
f6e26a3a-1701-4aa3-895b-95f1ba96a2bf,l-v-french,L. V. French,queued,
69d0751b-4a24-4019-ad65-8a14664c4163,la-graber,L.A. Graber,queued,
aa172e5c-3ae5-4610-aed0-76a30ac04800,lanada-war-jack,LaNada War Jack,queued,
e80d56fc-52e5-459d-b1e9-bf3afb048602,lasaunders-hudson,LaSaunders Hudson,queued,
6a1a3af8-d3a9-418f-91f9-4e414256b6d1,lacey-phillabaum,Lacey Phillabaum,queued,
59cdffc5-1db1-4832-8d94-35054eec81f6,lacy-macauley,Lacy MacAuley,queued,
6055ac95-48f8-4fff-95ac-5ebdc2058162,lafi-khalil,Lafi Khalil,queued,
88180fc6-d805-432f-9f39-fbcdc7b4b02b,laguerre-payen,Laguerre Payen,queued,
0701510c-0e47-44ae-9d23-4535761c7881,lamar-taylor,Lamar Taylor,queued,
5e74562d-eb6e-4f74-8e82-8661c0acdc06,lance-bell,Lance Bell,queued,
569613de-9ead-45dd-807e-349b1ac3a00f,landon-williams,Landon Williams,queued,
255926b1-9d76-42aa-822d-a4d753b15b19,langston-goldfinch,Langston Goldfinch,queued,
7fd4d6f7-34ec-4745-b228-ee841f19eb2d,larnon-j-brown,Larnon J. Brown,queued,
724d034f-c1ee-420e-9990-551d5933f31d,laro-sorenson,Laro Sorenson,queued,
c00fad03-1965-4a77-a760-338c72d9662a,larry-gara,Larry Gara,queued,
d840fe49-b495-4b29-8a83-aaa436d4140e,larry-guy,Larry Guy,queued,
6e3e6a01-865a-4632-a981-4d2a53ea84a6,larry-henson,Larry Henson,queued,
ed6dfc77-13b4-40c2-b8fc-5f014aeb0a9c,larry-justice,Larry Justice,queued,
a523eba7-03b4-4d25-bfde-3c2cdc0f29b0,larry-mack,Larry Mack,queued,
5c9bd7ae-9dc2-418e-939d-3269795652c7,larry-morlan,Larry Morlan,queued,
25d211eb-a231-4247-88f2-1d36fdf750ae,larry-pinkney,Larry Pinkney,queued,
b67f4494-c63c-4869-9ea3-52401913cee8,larry-purcell,Larry Purcell,queued,
69d78411-bdc2-4d3d-b452-19766ad24332,larry-roberson,Larry Roberson,queued,
d2522c9b-0c50-4e69-a02e-6813e87ef078,larry-sales,Larry Sales,queued,
2f400fd3-a966-461b-b6e0-263688030231,larry-zaino,Larry Zaino,queued,
f76a2ddc-3b85-41ad-99e2-f3826550673a,lars-anderson,Lars Anderson,queued,
15d472f6-ead7-48d5-beda-9e4681d7a6aa,larue-spiker,Larue Spiker,queued,
46f1feac-fa5c-42fa-8dc8-3640f328273f,lashawn-l-wilks,Lashawn L. Wilks,queued,
070ae3a0-e415-430a-8abb-053b6f709a29,lateefah-carter,Lateefah Carter,queued,
30d66df0-5a6c-47f9-a522-5aca81417b0a,lathan-l-donald,Lathan L. Donald,queued,
5efa1b82-f1fa-4f9d-8966-0b45972831c9,latroi-devon-newbins,Latroi Devon Newbins,queued,
45f0321e-154f-4a6b-b9d1-61ec77acfb0e,laura-macdonald,Laura MacDonald,queued,
4502d336-c8cf-4d1e-9e84-7dd51e18929e,laura-slattery,Laura Slattery,queued,
0684927d-0847-40e6-8a38-c6b89ab3bc67,laura-stark,Laura Stark,queued,
5573a21d-3a12-4f65-a886-71dad39ce58c,laurel-amary-leckert,Laurel Amary Leckert,queued,
cee4d5c0-3f22-4755-b062-26595a52ca03,lauren-cannon,Lauren Cannon,queued,
d0e9404a-1640-4c03-90cd-1d7e9c231c97,laurence-b-de-wies,Laurence B. De Wies,queued,
757aa68d-a7c3-47a3-acac-4cfabac1d94c,laurence-dewees,Laurence Dewees,queued,
952af864-9337-41ac-912e-c14b24a06ced,laurence-manning,Laurence Manning,queued,
130984a7-fccd-4879-838f-78b3081c6df3,laurent-frantz,Laurent Frantz,queued,
fd190991-fb44-460d-a108-24328267de27,lauro-aguirre,Lauro Aguirre,queued,
8d146107-6d5d-45bf-9741-6a7d8edd1ffc,laurri-mammi,Laurri Mammi,queued,
b50f2fc5-af28-4367-a02a-9b9569509eb1,lavrenti-makarevich,Lavrenti Makarevich,queued,
79bc92a8-83a4-47cf-b84c-614714398f1a,lawrence-allen,Lawrence Allen,queued,
675c31d2-f9ca-4681-95aa-938431d5be05,lawrence-e-mitchener,Lawrence E. Mitchener,queued,
1cea232a-723b-4c42-a0c5-920551b1f738,lawrence-e-mitchner,Lawrence E. Mitchner,queued,
238d2434-74d1-427b-947c-5900a8b57173,lawrence-goldman,Lawrence Goldman,queued,
572a76d4-f86c-4623-95a1-fb2165be7b77,lawrence-gore,Lawrence Gore,queued,
6ed8b2bd-eb9d-49b0-957e-dbfdb0699837,lawrence-guyot,Lawrence Guyot,queued,
a7b96b41-4fde-4b7c-9595-b7ee97e80fa1,lawrence-h-mathews,Lawrence H. Mathews,research_pending,Initial encyclopedia image-index search completed; no verified portrait selected. Broader research remains.
cd3e2e73-c870-4e93-8e3d-9a5c4e97da6f,lawrence-reidel,Lawrence Reidel,queued,
5c98f85c-32ae-45d5-869a-344b56c68dc5,lawrence-sangston,Lawrence Sangston,queued,
fda576b1-f27e-4b58-815b-71d737b5c7d9,lawrence-simpson,Lawrence Simpson,queued,
a86c279f-ec77-402b-a8b7-213074ec5ddb,lawrence-w-trebether,Lawrence W. Trebether,queued,
8177e8b6-4478-4279-8d7b-d210a91c0a64,lawrence-walker,Lawrence Walker,queued,
79805277-8b24-40dc-b2fb-bac16a804f16,lawrence-williamson,Lawrence Williamson,queued,
be034e0d-2170-4ac1-affc-b059d04f3bcb,lazar-makliarchuk,Lazar Makliarchuk,queued,
6b36be27-84da-4232-9471-71472ed79d07,lazarus-marcowitz,Lazarus Marcowitz,queued,
f5be5ffa-2c70-46e4-adb1-b0d3c8560cb2,le-roy-rev-epperson,Le Roy (Rev.) Epperson,queued,
5c11033a-59ac-47f2-9978-b9f680cf2726,leroy-nathaniel-bundy,LeRoy Nathaniel Bundy,queued,
d3f2dc27-6ef7-4eda-b7c3-b29bf8b188c5,leroy-pinkett,LeRoy Pinkett,queued,
d280fa66-ddae-4528-a73f-01f1eb462ab6,lea-danielewicz,Lea Danielewicz,queued,
679a03c7-e762-4161-b668-32e1bed669cc,leah-benemovsky,Leah Benemovsky,queued,
43b2adfe-cb37-4807-8d0e-ed93e29a027b,leah-hodges,Leah Hodges,queued,
3458efda-77a5-457c-8cd0-afe2b1cdfa74,leah-young,Leah Young,queued,
dbaef6f9-5cb3-4fc1-b8f7-de0fabc49273,leah-lynn-plante,Leah-Lynn Plante,queued,
42c9f397-bf18-459b-8d03-325261c9e8fd,leandro-velarde,Leandro Velarde,queued,
ff466e43-b079-4e6b-9efa-d9b06c7a5662,lee-berry,Lee Berry,queued,
629a3a17-f047-4971-9988-863f2d2a5010,lee-e-swartzendruber,Lee E. Swartzendruber,queued,
73fda0e2-a96c-4b72-bbf6-a8eac1fe46eb,lee-hung,Lee Hung,queued,
12361fc6-205d-4cbd-9ac7-9645b1f48cfe,lee-jong-hwa,Lee Jong-Hwa,queued,
009debb5-1984-440d-802e-7d5c0565c312,lee-lang,Lee Lang,queued,
0f4520ff-0eed-4998-a75d-e2d3f056238b,lee-mickey,Lee Mickey,queued,
7872ef21-1227-4210-9d47-d9c397295cc1,lee-otis-johnson,Lee Otis Johnson,queued,
802cfb9f-44c9-460b-b1d3-d903020eb55e,lee-roberts,Lee Roberts,queued,
ea4b3f4e-4de1-464e-ad1c-78950de59967,lee-roper,Lee Roper,queued,
d490a0bf-efb2-41ac-ab2f-e9a9abdfb85f,leeanne-clausen,Leeanne Clausen,queued,
34796358-ae72-4b8f-a5bd-2eafd1648db0,lehman-brightman,Lehman Brightman,queued,
1d8d638a-451a-4390-85c0-87878042aa5f,leif-kingfisher-nicholas-novak,Leif Kingfisher Nicholas Novak,queued,
e6b5f80c-0798-404e-95d7-717f3ae63d3f,lelia-mattingly,Lelia Mattingly,queued,
8e8951f1-11e9-4dfd-83c7-516590a6e5b7,lemuel-green,Lemuel Green,queued,
45211676-d6f8-4550-9dbb-716fc421d42a,lemuel-meadows,Lemuel Meadows,queued,
b37f2f35-fbd9-4ca6-9fb1-a9feed43c780,lena-alexander,Lena Alexander,queued,
3fa3e9ce-d681-4bae-9432-974da2f763e2,lena-davis-scherer,Lena Davis Scherer,queued,
eca747cb-6538-4262-90af-9bf1fbe65f39,leo-a-randle,Leo A. Randle,queued,
6f22317b-95ab-4fce-b0f9-3d476bc8b0fd,leo-fisher,Leo Fisher,queued,
478a53c4-25ab-46e8-aedd-f02972a2fa04,leo-haskevich,Leo Haskevich,queued,
b4bed550-3281-4ca8-8cc2-61ab2f8b7a7a,leo-hazzile,Leo Hazzile,queued,
45b1b498-c827-4d69-8033-c0d9ca4867b0,leo-schiff,Leo Schiff,queued,
3cd3c224-dac1-4929-b430-26ea14d9e5ba,leo-thompson,Leo Thompson,queued,
c209c26b-9801-43d8-bb4a-d78fc956e260,leo-tuuri,Leo Tuuri,queued,
afad0944-079c-4d4e-a33c-a6f50c5bb841,leocadio-trevino,Leocadio Treviño,queued,
ac98d2da-e17c-4bc9-84ca-8c9689a507e0,leon-blum,Leon Blum,queued,
b49bc9ff-3e22-48b3-8b72-e8d76fb312cd,leon-callow,Leon Callow,queued,
c6c7e0ac-b242-48bb-8347-2cb1c51ce6e5,leon-chikalyuk,Leon Chikalyuk,queued,
f634ff9c-51a4-458f-bc9f-75166e8a65ac,leon-czolgosz,Leon Czolgosz,queued,
d9495285-1628-40e9-9c3e-93c28f4b7866,leon-dent,Leon Dent,queued,
6ffcf0f3-e168-4666-a3a8-d54e8e7aca24,leon-flores,Leon Flores,queued,
1a9d591c-a6bb-41e7-9b83-782009977dcd,leon-gilbert,Leon Gilbert,queued,
ac0ae7e2-addd-47e4-99d1-0edfb5c5439c,leon-glaser,Leon Glaser,queued,
6884e250-d50f-4bd7-873c-b95c52264e5c,leon-j-kamin,Leon J. Kamin,research_pending,Initial encyclopedia image-index search completed; no verified portrait selected. Broader research remains.
b16eafa6-3518-4a8d-888a-345b761db838,leon-josephson,Leon Josephson,queued,
9b0d2350-be2a-4d32-b591-636605de4bd6,leon-lewis,Leon Lewis,queued,
da064bfd-cbd3-4805-ab02-6a3b677bcf52,leon-mabille,Leon Mabille,queued,
d1959cba-3315-48cb-8de7-bd19ad59d0df,leon-moore,Leon Moore,queued,
0a29b8d0-85c8-41d9-b3cb-b0f23b0f014d,leon-prusekis,Leon Prusekis,queued,
9fceaa84-65bd-4b6b-ab04-94c005c5b8f3,leonard-alexander,Leonard Alexander,queued,
fde26637-3943-4901-96f2-d675580a8189,leonard-brown,Leonard Brown,queued,
5a5b3a23-2ebc-47e7-a227-b4c8ef55e9af,leonard-crow-dog,Leonard Crow Dog,queued,
e2d78bf2-43ba-40b0-892d-c276ddd1b1ee,leonard-doherty,Leonard Doherty,queued,
21f59322-ca80-4a1a-bbd3-4aeb8a17a40c,leonard-farmer,Leonard Farmer,queued,
0b5eb191-0782-4f84-91b8-c7956f5b539e,leonard-miller,Leonard Miller,queued,
b08e7068-b62e-4125-81dc-cb4e2747705c,leonard-thomas,Leonard Thomas,queued,
c0c1ab49-53cf-47d8-992f-88fadbf4c2ab,leonard-vioselle,Leonard Vioselle,queued,
d51658db-9566-4de0-9f6a-db47bfc5f2fb,leonard-w-bolhner,Leonard W. Bolhner,queued,
feb3894e-90fc-40b3-b36c-77815d281259,leonardo-estrada-ferrer,Leonardo Estrada Ferrer,queued,
12e1b2f3-3b72-42a4-a68d-82ad7054dbf6,leonardo-villarreal,Leonardo Villarreal,queued,
8c9b1f33-47b8-45db-886e-c05b240c5e9d,leonardo-vasquez,Leonardo Vásquez,queued,
2e43a9be-7817-4a3d-b507-ff56aa473921,leonora-perez,Leonora Perez,queued,
f9013219-0cfc-4845-8bb3-273afcb6cfa3,leopold-bergman,Leopold Bergman,queued,
6ad9aac9-5eb0-4578-adc9-f1705ff186a0,leopold-weinstein,Leopold Weinstein,queued,
ee98cc35-8b37-4f43-8530-02d9dfcb3613,leqaa-kordia,Leqaa Kordia,queued,
e531ace8-ebd0-4e5b-bb4f-eb6f036ff2ab,leroy-horlacher,Leroy Horlacher,queued,
fb50c36c-8388-4a81-949d-b71457d83eb0,les-bayless,Les Bayless,queued,
4dab5dd6-d6d1-494c-b83b-7b5aa0865057,leslie-emil-janke,Leslie Emil Janke,queued,
1768774a-3371-42f5-8d22-231992d015bf,leslie-jackson,Leslie Jackson,queued,
0d1df9bd-0871-459d-a9cd-fa374edcf9c5,leslie-mullin,Leslie Mullin,queued,
e6e404c5-1293-40cb-8ce8-6317cbc4d48d,leslie-word,Leslie Word,queued,
c5ef16fe-61e8-4edb-adc7-183b8b78da4d,lester-g-ott,Lester G. Ott,queued,
31f892cf-aaca-4973-a58a-7efd28ee5f40,lev-ilyich-chizhevsky,Lev Ilyich Chizhevsky,queued,
796fb80e-e914-4895-ba8e-84321b296075,lev-paskevich,Lev Paskevich,queued,
0c0b2740-f88c-4814-8fdd-91bb47b66ad5,levi-kendrick-wilmeth,Levi Kendrick Wilmeth,queued,
07b1dd95-c15e-4bce-99ec-e351260b6448,levi-s-swartzendruber,Levi S. Swartzendruber,queued,
8cc07fa3-cc92-4b21-817f-6515ccbb0a34,levin-l-waters,Levin L. Waters,queued,
5bf14e8d-022b-41cd-a83b-13e91ba44acd,lewell-a-cecil,Lewell A. Cecil,queued,
69317004-c29b-4f08-a5e6-ffc736b8add7,lewis-bart,Lewis Bart,queued,
1bb2a9d1-6b07-46b4-864d-c2078399115d,lewis-hurst,Lewis Hurst,queued,
751291c5-fdd3-442e-a4a3-b22f0909c5a5,lewis-j-gergotz,Lewis J. Gergotz,queued,
d7540ef7-cb0e-414a-96d8-faeaca2f47cb,lewis-johnson,Lewis Johnson,queued,
759db340-8cbe-4046-96aa-e38f2dacde6a,lewis-knapp,Lewis Knapp,queued,
b5eaeef8-be20-4518-95d3-2ce908d4ef54,lewis-william-cohen,Lewis William Cohen,queued,
e6797c3b-e992-41e3-ab35-cfd8afb309ba,liam-mulholland,Liam Mulholland,queued,
3a99572e-333a-4767-a11d-02fc48c4cc35,lianne-moccia,Lianne Moccia,queued,
7daab5a9-da36-4b46-b277-b5d26b533c50,lil-andrews,Lil Andrews,queued,
9b4fd8c4-6f0c-42b4-9216-0c16d9e29d84,lili-marie-holland,Lili Marie Holland,queued,
03c6461d-1ded-4502-b4a0-455ff813f66a,lillian-pearl-ellis,Lillian Pearl Ellis,queued,
f574f2f6-a65f-4687-a336-267cc5b923bf,lillian-silverman,Lillian Silverman,queued,
d794b7d3-0129-48d4-915d-17a00a716c29,lin-romano,Lin Romano,queued,
80abb4cf-ae1f-42b0-abd9-d499bc010339,lincoln-heard,Lincoln Heard,queued,
4f23c68f-2cdd-43d6-8dad-090cfa48b51e,linda-faith-greene,Linda Faith Greene,queued,
9948f356-5132-4377-b79e-04b075a958a4,linda-link,Linda Link,queued,
059ecd22-23af-4e11-a2a4-2ad2b2406259,linda-mashburn,Linda Mashburn,queued,
0c0f3d00-9898-4889-9776-c9adbb8ef9ad,linda-quint,Linda Quint,queued,
b3bbf023-d641-4957-96bf-104e874f291c,linda-rosenstock,Linda Rosenstock,queued,
6a58c13a-8742-4d77-9a8a-c5baf5210195,linden-blake,Linden Blake,queued,
a11a10a2-7573-4948-9cd2-85e51723023f,lindis-percy,Lindis Percy,research_pending,Initial encyclopedia image-index search completed; no verified portrait selected. Broader research remains.
1fedd722-7271-4af8-b93b-1439cf8bf3f9,lindley-macomber,Lindley Macomber,queued,
f987e752-6524-41fb-a3b4-1fbec6200637,linn-a-e-gale,Linn A. E. Gale,queued,
29276df8-9abd-4b4a-9d81-e1a5277bdeae,lintonia-sheppard,Lintonia Sheppard,queued,
1f81822d-288e-4277-b881-c56808b9c284,lisa-hughes,Lisa Hughes,queued,
ed495c45-c892-467a-8692-19204245661c,lisa-leggio,Lisa Leggio,queued,
dbdb1b73-147c-4e8c-960c-e6641bd218a1,lise-olsen,Lise Olsen,queued,
f1243d71-7671-435a-8239-de19dde3da37,lloyd-barenblatt,Lloyd Barenblatt,queued,
fd8010fd-1ceb-4b76-9694-b17cbc828f95,lloyd-c-blickenstaff,Lloyd C. Blickenstaff,queued,
b2af8f2e-6149-49b1-ac21-74b0029664c6,lndwelk-evanickl,Lndwelk Evanickl,queued,
c392125d-bc7d-4354-bc86-029eb2a30b8f,logvin-kostevich,Logvin Kostevich,queued,
e023961e-03f5-443c-be44-4107b1ae145c,lois-putzier,Lois Putzier,queued,
e3505426-111c-4b34-a540-f1e682e1ea2d,lois-warren-shaw,Lois Warren Shaw,queued,
5b265493-453d-42e8-95dd-43c2d3cf5e1e,lonnie-c-king-jr,Lonnie C. King Jr.,queued,
13946048-1179-4ee9-807d-1b39d939fed5,lonnie-darden,Lonnie Darden,queued,
728a2aeb-e6ec-4e7f-9954-94a215df9392,lonnie-mclucas,Lonnie McLucas,queued,
e6bed48e-36a5-45e1-ad7c-23be15563d63,lorenzo-pinero,Lorenzo Pinero,queued,
e5bdd9e2-cea4-4005-82df-771c741ad975,lorenzo-puentes,Lorenzo Puentes,queued,
d192d742-829e-43c6-b145-ce4c35d5cb03,lorenzo-stone-bey,Lorenzo Stone-Bey,queued,
4b14f5d8-e235-461c-9624-26bc30356dcb,loretta-luckes,Loretta Luckes,queued,
6b410635-2bc6-424b-a274-a7d16643cdc5,loretta-stack,Loretta Stack,queued,
2c36dcbc-a0e6-474d-8563-e91fe3b9f0bf,lori-berenson,Lori Berenson,queued,
6da44348-917c-47a2-9b46-90b07da4a2d2,lorine-norman,Lorine Norman,queued,
8535e314-d5ea-41b5-bf6b-150facbcbacd,loring-wadsworth,Loring Wadsworth,queued,
d65ee028-63f9-4951-9542-092dbb31d2df,lotta-burke,Lotta Burke,queued,
7a83d964-1c4c-4c0d-8738-78c122901ffc,louis-allen,Louis Allen,queued,
669f26af-a45f-420a-9445-52089bbb527a,louis-b-nagler,Louis B. Nagler,queued,
943ae141-712d-4d22-ac45-647761f58da5,louis-bebrits,Louis Bebrits,queued,
be4405b1-7d11-4583-a93e-087692afdd06,louis-cale,Louis Cale,queued,
a5d2511f-fe78-457d-bd91-80f55412d18e,louis-fazio,Louis Fazio,queued,
c49a2ff3-8823-4e09-8edd-227ea5a029c8,louis-h-blumenthal,Louis H. Blumenthal,queued,
a6290669-5b35-485c-b9e5-66f7ceef1bdd,louis-harris,Louis Harris,queued,
9301f1d5-003d-47a4-9df0-f7e615ca987b,louis-lantey,Louis Lantey,queued,
93e4d8e6-d11a-42cf-a518-8b720aa948ec,louis-lavine,Louis Lavine,queued,
ada51c8a-aafe-40a8-827a-dd515e120b7f,louis-louaillier,Louis Louaillier,queued,
9b240bf4-7b5e-49a8-ba84-da4b5ea8c59b,louis-lubka,Louis Lubka,queued,
d80860b9-dbf9-4c5d-9b96-e9157284771e,louis-mccabe,Louis McCabe,queued,
6746793c-4f50-4cd1-8253-87b355f6a93e,louis-mclaughlin,Louis McLaughlin,queued,
3993fc04-8911-4325-866c-e234a1003c79,louis-morgan,Louis Morgan,queued,
e137032f-5868-408c-8b7d-a47e7dc41654,louis-murray,Louis Murray,queued,
41934707-1ae8-4b70-9049-8b744947dd89,louis-osczepinski,Louis Osczepinski,queued,
2e22aef5-2745-4205-bd91-4f0fab64a23a,louis-purtikowsky,Louis Purtikowsky,queued,
a570dc52-6813-4761-a41a-ae8ba8df737e,louis-ragni,Louis Ragni,queued,
da851786-8626-4d3d-a81d-681abe330f8b,louis-rieck,Louis Rieck,queued,
a21d2480-6b59-45b0-8805-186c2773e47c,louis-ristick,Louis Ristick,research_pending,Initial encyclopedia image-index search completed; no verified portrait selected. Broader research remains.
78183a4e-e230-4af6-b509-79e6a52decc6,louis-smith,Louis Smith,queued,
806588f5-fbf5-4b5f-b423-509bf39af0c7,louis-taylor,Louis Taylor,queued,
3c7ec2e4-b8f4-4b40-b810-0da755231a51,louis-werner,Louis Werner,queued,
d3c7357b-6334-4595-bddd-75815c369c29,louis-yamamoto,Louis Yamamoto,queued,
4b9881da-ccf6-42c8-bac1-021512cfbb89,louis-zancanelli,Louis Zancanelli,queued,
508e245a-0dbd-4635-b913-4276f228611c,louis-zuker,Louis Zuker,queued,
62ca41a5-2ce9-4154-b224-2d850600813b,louise-gilbert,Louise Gilbert,queued,
92d8de3b-26ff-4a1d-b600-b61d30b720c5,louise-parker-mayo,Louise Parker Mayo,queued,
10f852f6-facc-4cc0-b958-596a429a1c63,louise-todd,Louise Todd,queued,
6655ef0e-2330-41bc-b4c2-9ac4bf644405,louisine-havemeyer,Louisine Havemeyer,prepared_batch258,Verified photo prepared; deployment not yet confirmed.
f345fdbb-1dcc-4e50-92aa-35d6cce510b7,lowell-l-fritz,Lowell L. Fritz,queued,
4b833c7f-7eb3-4622-9d3c-ef37b6cc1a65,lowell-naeve,Lowell Naeve,queued,
588fc6e6-d8d3-41a5-b24f-1dc47f73ebc9,lowell-wakefield,Lowell Wakefield,queued,
d3615f99-dec8-4714-bd06-5bdd74443e73,lt-henry-howe,Lt. Henry Howe,queued,
0e10fbbf-3f1f-4fac-8fea-83e3b7a5b181,lucas-griffith,Lucas Griffith,research_pending,Initial encyclopedia image-index search completed; no verified portrait selected. Broader research remains.
08b447db-c294-4708-8eab-90d965419ca2,luce-guillen-givins,Luce Guillen-Givins,queued,
842e0aa8-3cb9-439e-8c37-0435710e87a7,lucia-shapiro,Lucia Shapiro,queued,
d2cae297-4d17-46bb-ab7c-375a6fd19659,luciano-colon,Luciano Colón,queued,
41aeb8c2-c45d-44bc-bd19-5ee69a99cc0d,lucille-agniel-calmes,Lucille Agniel Calmes,queued,
3907150a-a8eb-4b4f-a67c-17b159efd7b9,lucille-bethencourt,Lucille Bethencourt,queued,
808ab011-a77d-427d-a78e-5d4470338a8c,lucille-lawrence,Lucille Lawrence,queued,
2535a2e7-ec65-4b2f-8cb3-f6f281b5dafd,lucille-shields,Lucille Shields,queued,
07bebde0-6320-400a-a413-972a4fc59701,lucio-de-vega,Lucio de Vega,queued,
652599c7-2edc-4a8e-9c58-02dea298fb6e,lucious-amerson,Lucious Amerson,queued,
176b3d51-7777-4077-9355-2758373fd0ad,lucy-g-branham,Lucy G. Branham,queued,
fc36f477-807a-4f4c-9bf3-447c6551e4df,lucy-gwynne-branham,Lucy Gwynne Branham,queued,
ba19f4cb-2d63-46ac-829f-12179b5fbb45,ludwig-e-katterfeld,Ludwig E. Katterfeld,queued,
5fd2f319-0716-4eb9-967d-c910aaef4c09,ludwig-evanicki,Ludwig Evanicki,queued,
f5510648-f4ef-497d-9726-2aa7773c5c0e,ludwig-lau,Ludwig Lau,queued,
b19c7591-b6fd-4cff-82a1-24737047d059,ludwig-sardruk,Ludwig Sardruk,queued,
18540e10-f9ba-42d7-a8bc-50babbc8b283,luis-a-amely-martinez,Luis A. Amely Martínez,queued,
baaecea9-995e-4ea8-84e9-3af614aa771d,luis-agroni,Luis Agroni,queued,
61a6503e-6f67-418b-8de1-35cd7aca9753,luis-alfredo-colon-osorio,Luis Alfredo Colón Osorio,queued,
f6bb2c13-6ac9-4b6f-81c7-7d5a1eb296cf,luis-alfredo-daza-morales,Luis Alfredo Daza Morales,queued,
db1a9c3b-2112-4e61-8313-c2ee9d6545b0,luis-angel-torres,Luis Angel Torres,queued,
1b14da88-8328-4bf9-9ca6-5304e2a242b7,luis-armando-rivera,Luis Armando Rivera,queued,
2efa407c-db67-4817-9d9f-6e32cc8caeda,luis-barrios,Luis Barrios,research_pending,Initial encyclopedia image-index search completed; no verified portrait selected. Broader research remains.
b042e024-d418-474b-8f6d-55bface600c5,luis-castro-quesada,Luis Castro Quesada,queued,
335fad6b-8c10-4a22-900a-5bea00150531,luis-domenech,Luis Domenech,queued,
7b55d3c8-924e-4b6d-aa8d-a828f9165670,luis-ernesto-borges,Luis Ernesto Borges,queued,
d195b2b5-3669-4968-860a-5bdd32928871,luis-f-velazquez,Luis F. Velázquez,queued,
cb406e52-7599-47b1-8377-41511c61fe0a,luis-felipe-moreno-godoy,Luis Felipe Moreno Godoy,queued,
eb294c10-4cd5-4961-9540-4eea9d76b0d4,luis-figueroa-felix,Luis Figueroa Félix,queued,
1b4c5b16-e445-41d7-afa5-0ee7274f0382,luis-galaraza,Luis Galaraza,queued,
49d17415-3920-4d2e-9db5-9b9d318f5875,luis-gutierrez,Luis Gutiérrez,queued,
d67003fa-0091-408e-b64c-ab0fc76f5e34,luis-rosa,Luis Rosa,queued,
a293b9ce-d7b5-426a-9e1b-e7cbd822c51c,luis-rosado,Luis Rosado,queued,
bf531c5d-f435-4f6a-a691-a2abdded9f42,luis-salazar,Luis Salazar,queued,
9271ef7d-97c7-4eee-b165-2ba874281f5b,luis-varela,Luis Varela,queued,
b6f71e36-a8ec-4a41-89f8-19b37ad6c537,luis-angel-correa,Luis Ángel Correa,queued,
85063a0f-fe55-4d02-add1-38b90b17c9e6,luka-kachanov,Luka Kachanov,queued,
f1e3f45f-ec7a-4e5a-ab15-c97bd8f59d3d,luke-day,Luke Day,queued,
a4cc384c-ae28-41fc-9ad4-8c2f1a0e91cf,luke-hinman,Luke Hinman,queued,
d19c4236-04c0-40ec-be63-258f5acf776d,lukian-viktolorovich-zibula,Lukian Viktolorovich Zibula,queued,
cbef90af-ef35-476f-a665-9e1ca9a8905e,lukoz-shohidko,Lukoz Shohidko,queued,
beff7ad4-6e87-4af8-82dd-779abac71e24,lureida-torres,Lureida Torres,queued,
e0d01b11-cc91-4ec0-9955-f0982e1fb1be,luther-baldwin,Luther Baldwin,queued,
ae5e261b-15ae-4b32-8473-02a72ff9f80f,luther-donnell,Luther Donnell,queued,
b788bdc8-b4d1-40fc-8642-4a4b767431f5,luther-f-reynolds,Luther F. Reynolds,queued,
497dc46f-b411-4ceb-b8bc-022a3f6120fd,luther-leo-denton,Luther Leo Denton,queued,
1bded2ee-a3a7-40c8-9d89-2c809215f879,luther-martin,Luther Martin,queued,
a432e578-7be0-449a-a3ab-b7cd3b815ef7,luther-mincy,Luther Mincy,queued,
bacf60b5-4c38-4098-8522-74c2ad747198,luz-maria-berrios,Luz María Berríos Berríos,queued,
72c04ec8-28cf-4e8d-a96e-a3fa42b01807,luz-mery-gutierrez-vergara,Luz Mery Gutierrez Vergara,queued,
e3dfa217-98ac-4cf1-b263-3e6a371ca1b4,lyglenson-lemorin,Lyglenson Lemorin,queued,
bb7ba891-d200-4c0d-ab9a-0e6fe52b1d48,lyman-moore,Lyman Moore,queued,
f2078610-70e0-42ee-8aef-e4190b28d6a7,lynette-sharp,Lynette Sharp,queued,
55ad797f-3fa1-4265-8267-7322b02df845,lynn-frederiksson,Lynn Frederiksson,queued,
ce46ba1a-6fb7-4f84-b76b-3dc7be4649d2,lynn-fredriksson,Lynn Fredriksson,queued,
ca4b899b-7342-45a2-bb66-33ace29553a7,lazaro-gutierrez-de-lara,Lázaro Gutiérrez de Lara,queued,
e017f7c1-8424-4047-a7da-0d376fab6bf3,lazaro-puente,Lázaro Puente,queued,
a0c9deaa-3224-4989-b428-762c44be83ed,m-c-sullivan,M. C. Sullivan,queued,
6b2e97a5-112f-44b2-8c24-4cb32e45b26d,m-h-powers,M. H. Powers,queued,
20713135-3e61-4e47-88a2-c6cd91c1a8a0,m-j-bolotin,M. J. Bolotin,queued,
e016fdd0-6c58-41ab-86e3-ad40d634af37,m-keller,M. Keller,queued,
28fb8e44-4cb0-419e-8cc4-c38e05ff4ac1,m-staurt,M. Staurt,queued,
067eea3d-36ed-4315-99ce-5c57178ce2ae,m-tjader-harris,M. Tjader-Harris,queued,
03671940-1687-4356-89ba-6fe36ad6e7f4,mt-williams,M.T. Williams,queued,
7fd1eb94-3498-4e93-ad7a-7fca868cbb39,mack-denny,Mack Denny,queued,
ee5e0d6c-f034-4d0e-9c6d-c9618aee7ea6,mack-ingram,Mack Ingram,queued,
f2bde52e-bc66-4435-9448-3a2ddae15319,mack-pruett,Mack Pruett,queued,
12d1d763-0cf0-4cf5-8518-820b7f5c9d1e,maddy-pfeiffer,Maddy Pfeiffer,queued,
8a051c4d-1662-46fb-945e-37457ea7823a,madeleine-gunther-kodat,Madeleine Gunther Kodat,queued,
a7c2a96a-c71f-49eb-9ce4-2725e8418ad2,madelyn-fletcher,Madelyn Fletcher,queued,
2f97130c-1444-45fc-990d-976cb7c333ef,mae-mallory,Mae Mallory,queued,
c5ed97fb-ffeb-4798-bb35-f48c80dafdee,maggie-pitocco,Maggie Pitocco,queued,
89f5817b-780c-4bbd-a5ae-54af46df98ae,mahan-vanover,Mahan Vanover,queued,
d8074b8d-2788-4bc2-a672-03dcd2d184da,maia-scherrer,Maia Scherrer,queued,
29db2362-e0e6-415e-acb9-3b4b9baba365,maki-sandin,Maki Sandin,queued,
576ba224-594b-4074-b36a-089386f9e96b,maksim-chineyko,Maksim Chineyko,queued,
d4fc66e1-6fcc-436f-a991-f1d0d4d7f2a6,malakhiya-sokolovsky,Malakhiya Sokolovsky,queued,
bdddf33f-f678-4652-8801-9af4976f4790,malcom-b-mcjannet,Malcom B. McJannet,queued,
c69164c2-af5e-4337-ab19-5d80f4dcb62d,manly-mitchell,Manly Mitchell,queued,
d51f37c1-c2a6-436e-bc17-10b5fbbb952b,manna-c-woodworth,Manna C. Woodworth,queued,
c796b3b0-94f0-4964-9ef0-807252bdbc7d,manuel-antonio-diaz,Manuel Antonio Diaz,queued,
8301dd5c-97ba-4001-bed0-fbecbfdedc6d,manuel-avitia,Manuel Avitia,queued,
62537c45-313e-40e4-929b-0ac5116daece,manuel-cuevas-diaz,Manuel Cuevas Diaz,queued,
28d55b77-04ea-4a96-848c-78cc02262fa6,manuel-delgado,Manuel Delgado,queued,
f2d98e80-d68d-4b82-8814-21b708ed9e4d,manuel-fernandez-rodriguez,Manuel Fernandez Rodriguez,queued,
2dfe99bb-a944-4fa2-979c-359748b47798,manuel-flores,Manuel Flores,queued,
fb6bba35-e332-4f50-bcee-be38f7382774,manuel-reyes,Manuel Reyes,queued,
6ce29076-082e-4149-a981-3eb2ba111ee1,manuel-sarabia,Manuel Sarabia,queued,
e417067c-eca5-432f-a337-161ac66ad0eb,manuel-tarazona,Manuel Tarazona,queued,
b9f34b71-7bd8-4af4-b84a-3ef95954fe91,manya-lansky,Manya Lansky,queued,
3b733d51-0482-4512-8073-faafcda52d8a,mara-youngdahl,Mara Youngdahl,queued,
b642dffa-5448-402b-b66a-438f7f07e58b,marc-aisen,Marc Aisen,queued,
3fe035a6-73cc-4750-98bc-7738150777cb,marc-baker,Marc Baker,queued,
36e1a2d0-879f-4a05-8a02-d20e7d661337,marc-bell-gonzales,Marc Bell Gonzales,queued,
f1174f72-ef3c-4ebe-9744-01ffec5e2665,marc-edelman,Marc Edelman,queued,
66669702-78f2-4693-8cf1-702e26849098,marc-perry,Marc Perry,research_pending,Initial encyclopedia image-index search completed; no verified portrait selected. Broader research remains.
90450803-3370-47b8-af3f-798131cb0d39,marcel-johnson,Marcel Johnson,queued,
d8bdf958-de24-4b6f-b9e2-378b3012bc9f,marcelino-ibarra,Marcelino Ibarra,queued,
bbc8c642-577b-45db-8b99-ce0021f13282,marcello-earle-woods,Marcello Earle Woods,queued,
ef05fe9a-4aaf-4b27-b010-29c67d4d7e69,marcelo-quintas,Marcelo Quintas,queued,
58118be7-4f30-4dbb-a6e1-c27528d6592e,marcia-silver,Marcia Silver,queued,
b1f3c196-ec09-49fd-a320-93aaa2ca01d3,marcia-timmel,Marcia Timmel,queued,
95b921bd-585b-4641-8b49-bb01338f5320,marcus-a-murphy,Marcus A. Murphy,queued,
beb1319e-674e-45bc-a19b-cc8cd0e625e9,marcus-marlvin-hunt,Marcus Marlvin Hunt,queued,
7e7b9817-4760-415d-b523-4cac3f465f0e,marcus-merriweather,Marcus Merriweather,queued,
90dd6a95-a60c-413d-842c-805e14059237,marcus-murphy,Marcus Murphy,queued,
a69a2b50-2046-471b-9a3d-f0c7183dc2f0,marcus-singer,Marcus Singer,research_pending,Initial encyclopedia image-index search completed; no verified portrait selected. Broader research remains.
f04a7a7f-1f86-4b55-8487-282ab7a210cd,margaret-brodhead,Margaret Brodhead,queued,
b4aa9496-6759-4929-b0ef-460173c4cc32,margaret-butler,Margaret Butler,queued,
b48d541b-280e-405b-a4c7-16f5a398f632,margaret-davis,Margaret Davis,queued,
aa3d61a3-9c77-4867-9374-74f2d53d04bb,margaret-fontaine,Margaret Fontaine,queued,
4765fe68-05d5-4a96-b3f1-81d3aba95b78,margaret-fotheringham,Margaret Fotheringham,queued,
5a1ef41a-e8dd-4f3d-a779-76ba15a6d69b,margaret-gilbert,Margaret Gilbert,queued,
8ab0d3a4-1501-4bf0-a861-5d3e0280c1fd,margaret-hudgins,Margaret Hudgins,queued,
7cef8969-5193-4298-836a-9855a9eaffe6,margaret-inness,Margaret Inness,queued,
3c8146fb-f7b9-49ef-93c3-ed2250d896a9,margaret-jones,Margaret Jones,queued,
2859a887-2d92-4c80-8366-9fb31134277a,margaret-katroscik,Margaret Katroscik,queued,
3c5772a0-198c-4677-8803-846b7888f742,margaret-knapke,Margaret Knapke,queued,
32edb0c6-ad3d-4dcb-84a7-7836cc129189,margaret-mckenna,Margaret McKenna,queued,
acfc9400-d2b8-4319-bb29-5e9d7ec8b749,margaret-mcsurely,Margaret McSurely,queued,
b03dc469-a7c2-4465-9105-8b12a23d2c8e,margaret-oakes,Margaret Oakes,queued,
0bdbaa87-c8a3-4f92-9c90-c39ced550624,margaret-roy,Margaret Roy,queued,
4cabed5e-9956-4b51-8093-a371540dd1e6,margaret-whittemore,Margaret Whittemore,queued,
1255fbe4-105c-4628-9144-91e0b9701bd7,margaret-winonah-beamer,Margaret Winonah Beamer,queued,
66ec230c-470e-4f25-b68b-c7da9a537ad2,margaret-wood-kessler,Margaret Wood Kessler,queued,
4de0e69d-3dcc-4852-8130-021f56151abb,margo-cowan,Margo Cowan,queued,
09c75c43-6e72-49bb-bae9-ea17feb26272,marguerite-rossette,Marguerite Rossette,queued,
70a93222-bc7c-416e-b01a-4c1b0ba6b67a,maria-butina,Maria Butina,queued,
068956ee-9264-47e8-bbc9-d8df9e482835,maria-lazarevich,Maria Lazarevich,queued,
020e0ab3-8c7e-409c-a51a-1fc6d13f0b77,maria-luisa-guzman,Maria Luisa Guzmán,queued,
522bde8f-cd83-4ef2-a8f3-bbad2fcde8c3,maria-vasiliuk,Maria Vasiliuk,queued,
62812686-e03d-4727-b0f1-835502f55052,mariah-bailey,Mariah Bailey,queued,
4e653095-040f-457b-86fc-5a13cbc600da,mariah-de-los-santos,Mariah De Los Santos,queued,
f0bf1b89-300c-408e-a7b5-bf8bb88ec9d9,marianna-elizabeth-hoitt-lange,Marianna Elizabeth Hoitt-Lange,queued,
32cd629b-da93-4483-b4c0-a9aa080c9ddb,maribel-rodriguez-arroyo,Maribel Rodríguez Arroyo,queued,
c2dcc437-1f82-4efa-8f55-e641cf3f164d,marie-ernst-kennedy,Marie Ernst Kennedy,queued,
370e5400-4c89-4086-8c08-ccf0b0511634,marie-kratochvil,Marie Kratochvil,queued,
8dbf2ad0-1fdf-420d-aaec-0cbc5a1938fa,marie-nord,Marie Nord,queued,
936aa42b-0921-4283-93a0-5789f92978f7,marie-reed-haug,Marie Reed Haug,queued,
eea8a81e-93fe-4df7-84f5-c3ad273773ec,marie-richardson,Marie Richardson,queued,
ad737900-7357-4481-a8d6-4bab29f00d59,marie-salupo,Marie Salupo,queued,
9419b9cc-ca08-4be7-8100-ec62e34de1a2,mariel-torres-lara,Mariel Torres Lara,queued,
a9c39549-f214-48aa-8f85-c7076b134a2d,marilyn-skyhorse,Marilyn Skyhorse,queued,
5daa94fd-486c-407f-aa57-7f9256bb3a8f,marilyn-white,Marilyn White,queued,
426fdefe-e1da-4c0c-a101-e1225b6398ce,mario-cantu,Mario Cantu,queued,
2ccf1dea-1105-436d-b9f5-f13896c248cb,mario-ernesto-alvarado,Mario Ernesto Alvarado,queued,
e3923625-9432-4834-a352-e9e9931b058a,mario-giletti,Mario Giletti,queued,
b61d4bb0-c0b6-4d39-a6c8-8dfe758d8b34,mario-martinez,Mario Martinez,queued,
38fc6a50-4cd2-42ad-a3cc-963778504777,mario-vasquez,Mario Vasquez,queued,
e4491b14-35e6-468c-a02c-642f6e26690d,marion-bachrach,Marion Bachrach,research_pending,Press-photo lead located; rights and source review pending.
8e1e874c-f411-4764-84f0-76b2cb4711ce,marjan-willemsen,Marjan Willemsen,queued,
7360f57e-d4d6-4245-ad67-60978065a669,mark-adams,Mark Adams,queued,
df63d4f0-94b1-41a6-a394-65cf41f5099f,mark-caesar,Mark Caesar,queued,
cbbee685-63c6-4af7-8bc2-ada31ba133c8,mark-comfort,Mark Comfort,queued,
f1c7cfb6-ab24-4112-8040-760daad0e267,mark-cook,Mark Cook,queued,
6fb2d781-de71-4bbb-9af9-cf5447dd13f0,mark-davis,Mark Davis,queued,
dc094db5-2e12-49cc-86f4-bc1b96238acd,mark-edward-allen,Mark Edward Allen,queued,
455c0672-ca97-4f9c-b71a-38f1c7c080e4,mark-kenney,Mark Kenney,queued,
6e99d5ee-1336-40a2-afbe-6a497aeca8c2,mark-kinney,Mark Kinney,queued,
bc8994cd-5ac5-4f3e-ba78-362c03dde09f,mark-klein,Mark Klein,queued,
78842b5b-d5ed-4476-9955-5ed577222503,mark-kulish,Mark Kulish,queued,
19ffcb1d-c2b1-4ed5-a510-c6d85b561020,mark-loo,Mark Loo,queued,
44ec00f0-d8bb-4423-b8fe-69de56c98592,mark-neiweem,Mark Neiweem,queued,
87d5f9d0-870f-4571-94e2-706f37e2f5f2,mark-r-thomas,Mark R. Thomas,queued,
e60f91d0-11af-4d88-af3c-50c3387c264f,mark-rudd,Mark Rudd,queued,
7dda0615-a8cc-4f12-85d8-dd62d0152c38,mark-scibilia-carver,Mark Scibilia-Carver,queued,
77675cf2-a2b6-4360-bde3-2ca41b877ef0,mark-warren-sands,Mark Warren Sands,queued,
2bb119c7-ec70-4f9b-95e5-e5686b2c055b,marko-lopez,Marko Lopez,queued,
c9d80964-bebc-45d1-ba8c-cc07ff0d30f7,marko-podner,Marko Podner,queued,
44e71bda-1234-4e33-beac-5f698bcf8d83,marla-seymour,Marla Seymour,queued,
9be99458-173c-4cdd-a0ef-9a8eb8d5ad7d,marmaduke-curtis,Marmaduke Curtis,queued,
2f044bb0-a35e-49ce-b828-3c5e544d8bca,marshall-lakey,Marshall Lakey,queued,
922c9ac8-ee51-45f8-bca1-9cfd7f136c66,marshall-stanley,Marshall Stanley,queued,
fa3a943f-9da9-440d-bcd8-ad57d93270e9,marta-vazquez,Marta Vázquez,queued,
4d10583e-0044-4d0e-8896-c017e6d2e776,martha-foley,Martha Foley,queued,
15d63d3f-2835-4564-954e-151944af6f56,martha-reed-shoemaker,Martha Reed Shoemaker,queued,
6e670b43-bcf7-43f6-9d56-523cfead5377,martha-scarborough,Martha Scarborough,queued,
ec75c275-8ea6-4759-b6e5-c490236fa7f7,martha-shemeley,Martha Shemeley,queued,
4e02393d-b909-4a2a-95f8-98cc66e77110,martha-stone-asher,Martha Stone Asher,queued,
1efb9b6e-25a3-4bff-af40-870d821975a7,martha-w-moore,Martha W. Moore,queued,
c12167e2-76a1-497a-a20c-f73592a33b1f,martin-bergen,Martin Bergen,queued,
2698d3ac-09aa-43b4-b6b5-970d43f58e97,martin-chancey,Martin Chancey,queued,
9b038b3d-a50c-4c83-8be5-eb961b32b311,martin-darkow,Martin Darkow,queued,
87bb8b4b-1631-4e07-82ea-fb88bcb6350f,martin-gunderson,Martin Gunderson,queued,
e8cfad3d-fbc3-4ed3-a229-719da67ea0ad,martin-holladay,Martin Holladay,queued,
c2a01b18-e84b-40fe-b501-b771cca93b17,martin-johnson,Martin Johnson,queued,
f2d88fc3-aaa1-48ad-b567-2a01d622ade0,martin-moriarty,Martin Moriarty,queued,
1d96d61c-7e20-446d-8d68-fe317d6637f0,martin-mullen,Martin Mullen,queued,
f83ff59e-df87-4660-850c-e903a1f047c0,martin-p-williams,Martin P. Williams,queued,
3ee8da91-2050-4e6e-b560-d189d992d1fb,martin-popper,Martin Popper,queued,
e47037e3-42f2-4f1a-a6d9-53ee2e00b4bf,martin-robbins,Martin Robbins,queued,
7915ea02-1fcd-4f28-9e60-14d1461f92be,martin-rutrell,Martin Rutrell,queued,
447b1bbb-b450-440a-9092-e85002882f24,martin-s-duncan,Martin S. Duncan,queued,
f67f22f9-ef22-4d51-b9ed-892d77e3fd2c,martin-shapiro,Martin Shapiro,queued,
07598fe9-de8a-48ff-abb8-028ae51f4ecd,martin-simich,Martin Simich,queued,
0b801fad-03c1-47f7-a90f-d49172be5009,martin-stowell,Martin Stowell,queued,
b8daf44a-68f8-454e-bddb-ca2dac901910,martin-wilson,Martin Wilson,queued,
c6ca6427-357f-4462-ae94-8a0833e2a319,martina-white-bear,Martina White Bear,queued,
d029b216-fbee-4fa1-a94f-8e616a3fc34a,marty-dixon,Marty Dixon,queued,
9215fcb4-7e37-4f70-9553-26eb27009700,marty-mcnamara,Marty McNamara,queued,
cbda355d-10f8-48f5-893e-68c366fbc6b0,martin-castro-avila,Martín Castro Avila,queued,
2bddea06-be5c-4a37-a023-b7567662abce,martin-gonzalez-ruiz,Martín González Ruiz,queued,
026c514c-9c82-4bbf-afb8-7b2a60ea43d5,marvin-allen-davidov,Marvin Allen Davidov,queued,
b3247616-5a04-4a7e-989a-9cc494378879,marvin-fentis,Marvin Fentis,queued,
223be938-bed4-4fe1-8a58-730a00eef03d,marvin-smith,Marvin Smith,queued,
3f7ba077-a84e-4c5b-8950-056f62e715f3,marvin-warren,Marvin Warren,queued,
330460d7-7614-4dfc-a9f5-496dbf8d20af,marvin-wilson,Marvin Wilson,queued,
bd9a8c4b-6134-4200-b527-86d7899167b2,mary-alice-shemo,Mary Alice Shemo,queued,
2f454eaf-4fd2-4787-8fc3-5a6ce7e3da72,mary-beatrice-belfrage,Mary Beatrice Belfrage,queued,
fc4c13b6-e2d2-47ce-98e0-5bf2abbc9d56,mary-cain-scoblick,Mary Cain Scoblick,queued,
7d930962-c79a-4a67-8b95-b93137ee0c20,mary-carroll-dowell,Mary Carroll Dowell,queued,
07f3d95e-2df4-4e7e-8c8c-34830815dd9c,mary-crow-dog,Mary Crow Dog,queued,
0f1914da-75e3-48d6-b43d-8e617c40cce7,mary-dalton,Mary Dalton,queued,
8b435857-f525-4626-82ec-09cbf5e497fe,mary-dean,Mary Dean,queued,
8a27ba2e-a900-4900-bff1-953f7005b956,mary-dianne-muhlenkamp,Mary Dianne Muhlenkamp,queued,
f0f30700-1353-49c4-a81e-fcf1e316fc72,mary-dubrow,Mary Dubrow,queued,
39d7618b-bdaf-4fcd-a859-43f9372af1b9,mary-e-brown,Mary E. Brown,queued,
c441423c-66f3-4097-99ff-aa344cfabed6,mary-gossman,Mary Gossman,queued,
5b485eb7-353b-4955-a498-5bca05e421bb,mary-grondin,Mary Grondin,queued,
c5ac365f-a46a-46e3-a9d7-2b1275be85b3,mary-ingham,Mary Ingham,queued,
b237a241-0f68-47e4-8f96-56460c0db0c1,mary-jane-keeney,Mary Jane Keeney,queued,
d70a4e25-9e35-4855-b253-326555a2bd89,mary-kelly,Mary Kelly,queued,
0099c72c-93dc-4ebd-b6a5-af0ab0a68db1,mary-knowles,Mary Knowles,queued,
023c75b5-8dd3-431c-a208-4d5c7d6ed142,mary-lou-benson,Mary Lou Benson,queued,
0b861848-39fb-4bcd-8478-2cd754e2ffb5,mary-louise-gilbert,Mary Louise Gilbert,queued,
40d70a17-ee70-40ae-8dfd-fc59859fb599,mary-lyons,Mary Lyons,queued,
79ac88f0-92ad-428c-bd7a-4157469ca7a2,mary-martzin,Mary Martzin,queued,
574bc20c-a518-49a6-970c-c7c9186dce55,mary-paige,Mary Paige,queued,
cf53d916-e15c-43b9-8835-1a6b05912672,mary-short,Mary Short,queued,
54601bde-d48c-44c3-9393-65a3d87021d1,mary-sprunger-froese,Mary Sprunger-Froese,queued,
9194d85e-4436-437c-ab1b-d1ab51fb69ef,mary-tekah,Mary Tekah,queued,
26e1037a-e6ea-4ea2-9e94-43ae42e804ca,mary-topovich,Mary Topovich,queued,
faa7554b-224b-4aae-aab1-8ae9f36522dc,mary-trotochaud,Mary Trotochaud,queued,
6ee8e0fc-bcae-4be0-bda3-18feb15c7192,mary-walker,Mary Walker,queued,
ee7cd549-9ca1-44c0-8a8a-89a2fe7f3553,mary-williams,Mary Williams,queued,
940061cf-14a2-4242-ac65-9288bf409bfd,mary-wilson,Mary Wilson,queued,
c904b586-0e8e-4c12-9686-87582e283c97,mary-winsor,Mary Winsor,prepared_batch258,Verified photo prepared; deployment not yet confirmed.
ed3fbec6-8fa2-477f-adc2-64f669240c2e,maria-elena-negron,María Elena Negrón,queued,
0c3636af-07c0-490f-a6db-6e06fddb064f,maria-de-lordes-santiago,María de Lordes Santiago,queued,
d98cb249-5804-47f8-84bf-a5b9cf132b79,maria-del-socorro-pardo-viuda-de-aguilar,María del Socorro Pardo Viuda de Aguilar,queued,
08f99b2e-7431-490f-bc44-f141c0fbc622,massimo-romagnoli,Massimo Romagnoli,queued,
1ed3a8b6-22da-4b3f-9624-4f6c24f971bc,mathew-podlipsky,Mathew Podlipsky,queued,
75dc1309-a285-4096-aa1f-705146ed51af,mathi-paguth,Mathi Paguth,queued,
59d9da14-d77f-4f34-bf4c-96ffca1e0a51,mathilda-carman,Mathilda Carman,research_pending,Initial encyclopedia image-index search completed; no verified portrait selected. Broader research remains.
efa19e08-ee70-4fd6-8266-dfda582954ef,matt-cushing,Matt Cushing,queued,
6d8a59e2-ec13-47f0-a3f6-c71492c58345,matt-duran,Matt Duran,queued,
6ebf57b1-758d-4b15-a020-d92c4dbcb69c,matthew-a-mcloughlin,Matthew A. McLoughlin,queued,
f52b0c47-1463-477e-8f3c-1838bb2ac9c8,matthew-crozier,Matthew Crozier,queued,
1364e0fb-3f26-41c5-9c8b-624034ae3b1e,matthew-de-wolfe,Matthew De Wolfe,queued,
51b6744a-d1ca-4860-822d-c76ab561c470,matthew-depalma,Matthew DePalma,queued,
f012388a-fe89-43e7-90cb-5f8501786003,matthew-e-madden,Matthew E. Madden,queued,
6791e999-9282-485b-a4e6-6350a2e924c5,matthew-ernest-macar,Matthew Ernest Macar,queued,
4b658124-de7d-42e0-b652-1487ee694c22,matthew-gillett,Matthew Gillett,queued,
a7d97eb9-7862-472a-8432-142d5f976736,matthew-kennedy,Matthew Kennedy,queued,
d9a97b45-47be-4736-b617-3ce83a231684,matthew-kozario,Matthew Kozario,queued,
3adc53b0-1cf1-42c8-892c-3526e9aeba48,matthew-lamont,Matthew Lamont,queued,
f439ec8f-2faf-4d17-b480-bb7ac87909a7,matthew-lee-comiskey,Matthew Lee Comiskey,queued,
2df9a00f-3c8f-4bbd-919f-bd45792076fe,matthew-rammelkamp,Matthew Rammelkamp,queued,
f977e3bc-5707-4ed7-9d01-e4c92581ea13,matthew-scott-white,Matthew Scott White,queued,
82c73a40-3011-434d-9b4d-d60217ed93f9,matthew-walker-jr,Matthew Walker Jr.,queued,
69be2a37-a84a-47ea-b1c9-6f20f0d9217b,matthew-whyte,Matthew Whyte,queued,
dcaade4f-ecbe-4351-8bff-893617668d7b,matthias-reilly,Matthias Reilly,queued,
772caa56-b248-491b-8c67-1a9214eb421e,matti-tenhunen,Matti Tenhunen,queued,
0bba18ed-3ad5-4087-a93a-1b3daede813a,maud-jamison,Maud Jamison,queued,
53ce4197-e5e8-48fe-9fef-62556e5003a7,maukt-wand,Maukt Wand,queued,
ff72cca9-c7ea-4a1e-a715-b4bd9945d219,maurice-becker,Maurice Becker,queued,
1ddf802c-8a1b-4fe3-b85a-449c0df21ad7,maurice-carroll,Maurice Carroll,queued,
a2a15692-914f-4aa3-b9c0-76ecdc8d965e,maurice-e-travis,Maurice E. Travis,queued,
ae069d90-df24-42f3-a3f4-eb9ee3a4a5d5,maurice-hess,Maurice Hess,queued,
bec656ab-4ab2-40ae-9cbe-2c74e5760a61,maurice-l-snitken,Maurice L. Snitken,queued,
f30a5129-c32d-452c-8df7-99f3792c7df7,maurice-malkin,Maurice Malkin,queued,
efd408fa-3ed7-4a3c-87b1-9273ac31893b,maurice-mccrackin,Maurice McCrackin,queued,
acf2ff4a-94e2-4049-9037-6cc4283c7df4,maurice-ogden,Maurice Ogden,queued,
bddf7b23-b42d-48b3-9b52-33f0bf9fa576,mauro-simpson,Mauro Simpson,queued,
dd047669-bf46-4fa0-8766-1157fc71e623,max-brazeliya,Max Brazeliya,queued,
454ceaf8-e918-4a0b-a74f-d1b363002dd9,max-cichon,Max Cichon,queued,
43ce1fed-6df8-471c-af34-03ade51aa8a3,max-danielevick,Max Danielevick,queued,
e81767c8-4b80-44d0-b905-88b8dea04d2c,max-dezettel,Max Dezettel,queued,
bba8d19a-906e-4d3f-939a-af7b953708b7,max-geldman,Max Geldman,queued,
ce5ad11d-3f54-4b00-b7d1-adace4ccbfea,max-gorman,Max Gorman,queued,
c8525553-4430-4f3b-8e1d-b37a7f2b4ec5,max-kagan,Max Kagan,queued,
948ef21d-46fb-4bcd-9c5c-25945b12c2a5,max-kantar,Max Kantar,research_pending,Initial encyclopedia image-index search completed; no verified portrait selected. Broader research remains.
fc9ca41f-81fb-4949-9be1-c96ab016bb93,max-machner,Max Machner,queued,
3d812c12-26f5-4500-a74d-fcfa458dc808,max-sandin,Max Sandin,queued,
914b21a0-a4cc-476f-99cf-c160eb57e5fb,max-shlafrock,Max Shlafrock,queued,
22ab3105-0d20-4f35-8c8f-d225ce4fc8c3,max-specktor,Max Specktor,queued,
6c5b6228-1378-4b5c-866e-179b278294ac,max-weiss,Max Weiss,queued,
b2c4490e-4903-45d4-9427-3209ba3ae9b0,maxim-fedorash,Maxim Fedorash,queued,
8b1b538e-b4b8-498f-9880-4d3d6a28d5eb,maxim-rosak,Maxim Rosak,queued,
fa4ca1c9-6015-4f79-bca8-69ce4223c44c,maxim-worobey,Maxim Worobey,queued,
8a71c38f-b02c-46f7-aefd-b6a06a049e4c,maximilian-j-max-obuszewski,"Maximilian J. ""Max"" Obuszewski",queued,
ff60df1c-a2cc-4d6d-a523-8aa59e21dfc9,maximo-penaherrera,Maximo Penaherrera,queued,
2ef4fec3-3ca9-41ef-b3fe-6c5c15c4f692,maxwell-kotick,Maxwell Kotick,queued,
266b062f-ef4b-4062-a79b-8f4627980520,may-miller,May Miller,queued,
941b8e4c-cf66-4b1d-a418-53f4cf326fd1,mayer-bernstein,Mayer Bernstein,queued,
726b94e8-f1cb-4f0d-97a8-15658d012700,mayer-l-nehring,Mayer L. Nehring,queued,
a791e42f-038a-4ae9-beea-d3f6a1c8aa62,mayer-libson-nehring,Mayer Libson Nehring,queued,
1eeffe47-d650-418f-a2e7-b40d154fa858,maysey-voleshynyuk,Maysey Voleshynyuk,queued,
f97ae998-a136-4d4f-8b00-da2d83952cbb,mazen-al-najjar,Mazen Al-Najjar,queued,
7e85235d-230f-43e6-961d-09ebdcfe241d,mckinley-forrest,McKinley Forrest,queued,
c4ccce77-730a-44f1-8548-f459deda1e06,mediha-medy-salkicevic,Mediha Medy Salkicevic,queued,
a11e9734-7c95-4896-b668-2330d514e883,megan-ramsey,Megan Ramsey,queued,
286d9e54-9362-42d5-bee3-762c8d25f588,melanie-nadine-noyes,Melanie Nadine Noyes,queued,
f9c791d4-5947-4b5a-b7e1-79b136a9cfa5,melvin-c-cale,Melvin C. Cale,queued,
743ad03c-86f7-4965-8def-42e866336104,melvin-e-hooley,Melvin E. Hooley,queued,
69f19ca6-9d7e-4699-9e29-17e27d62ca86,melvin-embry,Melvin Embry,queued,
3109d19d-e00f-4c8f-90eb-d3ffa572fc85,melvin-emlery,Melvin Emlery,queued,
b44499b5-400d-414f-abee-415971a77b1e,melvin-hupman,Melvin Hupman,queued,
fda25595-7db7-4b00-8bdf-35f9f8376d0f,menno-richer,Menno Richer,queued,
c580b7a3-9979-4c46-b14b-d5f92bdd3e79,meredith-dallas,Meredith Dallas,queued,
6f4c6691-8948-4c4c-b325-28963d0162f8,meredith-lowell,Meredith Lowell,queued,
9d42ed61-1cbe-43a7-b02b-986831498a22,meron-daskevitch,Meron Daskevitch,queued,
c43458ee-1370-4893-b4ec-bc66ee7bb147,merrill-rogers,Merrill Rogers,queued,
d8b23bdf-b62a-4a56-b4da-4e98fb7f9475,meyer-baylin,Meyer Baylin,queued,
e5fff326-2e7c-437f-9e52-fced78128735,meyer-friedkin,Meyer Friedkin,queued,
cb2bf413-abcc-49d6-9bd9-fd5559ad52ef,michael-bortin,Michael Bortin,queued,
4684a446-caca-4bb2-bd0b-277d9fbccbe9,michael-bransome,Michael Bransome,queued,
ba23880a-5030-432d-bd05-a3e79e24face,michael-clark,Michael Clark,queued,
d801b5c8-87fd-4797-850f-a8105b869b91,michael-cullen,Michael Cullen,queued,
885f59f6-280c-4ab8-8e17-268dcc4228ef,michael-d-poulin,Michael D. Poulin,queued,
b4fb0346-5a0e-4146-9da1-18bdf334c079,michael-daniels,Michael Daniels,queued,
daa26983-3fbe-47cf-87a4-6e6b2e8ab3c4,michael-david-omondi,Michael David Omondi,queued,
ba644afc-11c5-495f-9cbd-49d33e76d26f,michael-doyle,Michael Doyle,queued,
2c72ca9e-d409-4d43-971a-c0befd7347f6,michael-dunetz,Michael Dunetz,queued,
df9f5f77-700c-464c-8214-f4e52d137de6,michael-giocondo,Michael Giocondo,queued,
b7c1018b-15ad-422c-9d15-01811e1ac084,michael-glen-mathias,Michael Glen Mathias,queued,
b7d48c8b-817a-4242-818a-daf3683b85d1,michael-harris,Michael Harris,queued,
51f726a3-e8b5-4f8d-9b5a-2dbe1595f1b6,michael-hill-africa,Michael Hill Africa,queued,
1d17a980-ad80-4783-a8c5-a46344cc231c,michael-hofer,Michael Hofer,queued,
136749a6-18f2-4d8e-bfbb-85c60d2d4b0e,michael-j-audain,Michael J. Audain,queued,
3563b899-3f45-4236-80fd-aa02631f61aa,michael-j-avery,Michael J. Avery,queued,
6f56d459-4f85-45d9-b1dc-982533723a18,michael-j-mandel,Michael J. Mandel,queued,
044ad640-9395-4c10-9bdd-386da3219d0c,michael-j-reilly,Michael J. Reilly,queued,
a7918ca8-903b-4025-bd01-81e3b29967b9,michael-johnson-carbondale-3,Michael Johnson (Carbondale 3),queued,
a7928462-64e6-4750-8954-faae9ce0b6d3,michael-justesen,Michael Justesen,queued,
266b62e1-7126-4f51-8ab7-363311fa5ca9,michael-kucher,Michael Kucher,queued,
2f236115-0504-468c-be80-3c9ac5fec7ac,michael-kusbit,Michael Kusbit,queued,
1879a5be-c1f1-44e0-b0b4-8030d3672dd7,michael-lee-gayman,Michael Lee Gayman,queued,
bef8c2f7-27a3-48d0-ac20-b281196a36d7,michael-legoth,Michael Legoth,queued,
62017230-1308-4419-8ded-e4193f418189,michael-murphy,Michael Murphy,queued,
82db8012-be2c-4f80-8d0e-15654119454e,michael-nukk,Michael Nukk,queued,
c619d407-ca31-4a07-8388-b2f65fd62578,michael-palumbo,Michael Palumbo,queued,
9adc7411-c846-431f-a5b5-ef732fde4dec,michael-patschak,Michael Patschak,queued,
7cbf1c71-9d4a-4d46-a4ba-f512ceae354c,michael-prush,Michael Prush,queued,
1645d5b9-290a-4170-a3d2-765a0c793b80,michael-r-dougherty,Michael R. Dougherty,queued,
b15c610c-490d-4f41-8965-f7d600fa60ad,michael-ransc,Michael Ransc,queued,
475a7b82-f39c-422c-b5b2-c1918d664856,michael-rodriguez,Michael Rodriguez,queued,
8f94a011-90a1-4638-8cd6-13bcf4e7190b,michael-russo,Michael Russo,queued,
d1b58930-116e-40ec-b0b8-ec50e5c2d8fe,michael-sakasagsky,Michael Sakasagsky,queued,
7e9a7b62-abbf-41d4-bd7e-63f533594faa,michael-saksagansky,Michael Saksagansky,queued,
522107b8-dd7f-4d63-8660-dd35d22c12ee,michael-schmoyer,Michael Schmoyer,queued,
b349abca-d8b4-4dc6-aeb6-090882b618e5,michael-slaski,Michael Slaski,queued,
2f8968ad-e964-4c01-821d-5994d2b95e96,michael-sobol,Michael Sobol,queued,
1da6f086-740b-4bc4-be98-9f01db708bea,michael-sprong,Michael Sprong,queued,
05415950-ad98-4271-a114-10de2aceac65,michael-surgatanoff,Michael Surgatanoff,queued,
c2ab8648-c206-447c-b990-ed6059941768,michael-tenorio,Michael Tenorio,queued,
6a23b67e-6044-4ac5-865d-2ec36d91eb31,michael-therriault,Michael Therriault,queued,
2b9ee461-3312-46ae-b1d7-b93ae5761e36,michael-walli,Michael Walli,queued,
ba29bf9f-dc8b-4612-89d5-4f779586233e,michael-wilson-screenwriter,Michael Wilson (screenwriter),queued,
79573662-60fd-4dc5-b863-325445559678,michael-zinzun,Michael ZinZun,queued,
2a9c83ff-5de2-43c3-a170-124564a65218,michaele-pasquale,Michaele Pasquale,queued,
4d5b3d8c-3b04-4e6f-8b9d-215b330b8710,michel-holowach,Michel Holowach,queued,
1acd4bd1-1f6e-4449-bccc-54444308fe6f,michele-alfaro,Michele Alfaro,queued,
0c011f59-4896-420e-b715-463ad655e59a,mickael-gedlu,Mickael Gedlu,queued,
1a71529d-c386-488b-9573-bb76f355133a,mickey-j-dunn,Mickey J. Dunn,queued,
b4de71b5-55a0-4666-82f5-5ec9a96f4c70,mickey-white,Mickey White,queued,
af1dd425-941a-4015-9987-2a3902457d68,mieczyslaw-savitsky,Mieczyslaw Savitsky,queued,
03828423-2ca3-4f81-9399-883039842736,miers-fisher,Miers Fisher,queued,
07772765-1ae1-4b98-90fc-26af9544f2a7,miguel-ramos,Miguel Ramos,queued,
c6fd9a43-9db2-4369-ab90-cde3763c2ddd,miguel-angel-davila,Miguel Ángel Dávila,queued,
4cf3595f-2d83-438c-aab2-18dda02abf59,miguel-angel-vilches,Miguel Ángel Vilches,queued,
fa84de9f-e199-44a6-a437-1d5d9c6b09f8,mihail-jolnerovitz,Mihail Jolnerovitz,queued,
ea0d2590-c442-4e12-a350-0fce935d6af1,mikail-lavrinuk,Mikail Lavrinuk,queued,
63aad479-667f-4134-a8de-5db82788fd58,mikail-leshchuk,Mikail Leshchuk,queued,
bb2637bc-262e-4132-9df1-f3ab366e72ea,mikail-rosnak,Mikail Rosnak,queued,
c2d366e8-d027-427d-8ead-e4abe503190c,mikail-sheleg,Mikail Sheleg,queued,
75c02fef-93a7-4571-a7e6-bc2af30c688a,mikal-kudreyko,Mikal Kudreyko,queued,
3fb3b246-ff13-4a11-8865-39d149a2c25c,mike-charles,Mike Charles,queued,
76a6d976-0425-43f3-8045-43bb9e4675ee,mike-hennessy,Mike Hennessy,queued,
d1aa14bc-f9fb-4b53-8a2a-30d22b8a350f,mike-ivanovich-solovieve,Mike Ivanovich Solovieve,queued,
d7fc0b9b-46ec-4a61-8a19-5870e09d2cac,mike-karadich,Mike Karadich,queued,
1c951c35-ea5f-49f3-bbea-847d55d8cd06,mike-kulikoff,Mike Kulikoff,queued,
9bd1f1ca-fca4-4167-a3c8-89c5ea9c667c,mike-legeze,Mike Legeze,queued,
47798e27-7015-4055-a1bb-15e71b43da6b,mike-libeszky,Mike Libeszky,queued,
3287f0a7-6f21-4343-95f7-ee83b6b204e5,mike-lindway,Mike Lindway,queued,
ab7a2a55-7640-489f-933f-c1422bcd2977,mike-matty,Mike Matty,queued,
c2fad1aa-b8c6-4c7d-9104-801aa78abb56,mike-miskich,Mike Miskich,queued,
498f78c5-8996-480c-9aa9-89798760f9dc,mike-plesh,Mike Plesh,queued,
79e44f3b-f77c-49ec-b88c-2f0a665c100d,mike-podalak,Mike Podalak,queued,
b704580e-c094-43ad-bed9-44255c60b848,mike-rusniak,Mike Rusniak,queued,
943cc139-86be-40be-9fe6-ba766c51a841,mike-sachco,Mike Sachco,queued,
edcbf014-648f-4fd3-8db6-472a36a7c8f9,mike-seegan,Mike Seegan,queued,
a65eb676-5e9d-4732-b2f4-b10c93e65fb2,mike-shantzek,Mike Shantzek,queued,
d901ce4a-0cc1-408b-b36f-39698ce2ec21,mike-sklovski,Mike Sklovski,queued,
f121e1de-6888-4415-832e-c5de13413c38,mike-sturdevant,Mike Sturdevant,queued,
b8eaec0c-c77b-4d8d-861a-9ceb0a20d259,mike-tkach,Mike Tkach,queued,
c9e28ec7-d285-4788-ac7d-81c908c6daae,mike-tymoschavic,Mike Tymoschavic,queued,
657fec8a-9a43-4f68-94ec-52a88cff5e09,mike-vargo,Mike Vargo,queued,
72785108-6ce3-4c82-ac62-a595fd01d27d,mike-wisniewski,Mike Wisniewski,queued,
85d034cf-0c7c-4ecd-bd3a-560cd04ca79b,mikhail-abrosimov,Mikhail Abrosimov,queued,
325562ed-f860-4694-a54d-fd3684d2c7eb,mikhail-bilokumsky,Mikhail Bilokumsky,queued,
74aa6a8b-fd9b-4c08-a8ca-cb8172a8c197,mikhail-bushanowits,Mikhail Bushanowits,queued,
d8d0c76d-e101-4a4b-a90c-e69ac8916582,mikhail-degtyarev,Mikhail Degtyarev,queued,
2758f6a6-b148-4d10-a08f-18de5a606ece,mikhail-demyanovich-butskevich,Mikhail Demyanovich Butskevich,queued,
d3523350-a902-4974-a499-a0ab238b9e9b,mikhail-gernet,Mikhail Gernet,queued,
36490d45-27f3-4c03-ae14-47e466ef0dc9,mikhail-hirney,Mikhail Hirney,queued,
a9bc46d7-8d4a-4990-a554-aa7a1e8d548a,mikhail-hladish,Mikhail Hladish,queued,
e9b38fd2-be83-4a9c-a752-94ac0918609d,mikhail-orlov,Mikhail Orlov,queued,
2a9ad5d5-49dc-4144-8aeb-f25ac7438ec2,mikhail-shveykus,Mikhail Shveykus,queued,
b4734937-c305-494c-9937-a233c6c1be9c,mikhail-szerba,Mikhail Szerba,queued,
4510981f-03f6-479c-a412-fc654f067554,mikhail-vaseyko,Mikhail Vaseyko,queued,
37b8f110-4562-47f6-ac54-c37ec5e86a6b,mikhail-yakovlev,Mikhail Yakovlev,queued,
c09b0821-7c08-40bd-ac7e-8e7569185e52,mikhail-yanish,Mikhail Yanish,queued,
360e4b5d-80e2-41b5-a2e9-2e0b74d6ea86,mikhail-zatyn,Mikhail Zatyn,queued,
434afb88-471d-4b2b-9edd-06d354dfcbf9,mikhail-zdanowich,Mikhail Zdanowich,queued,
cf422926-c553-4463-ad14-3263697c9503,mikhal-yarosevich,Mikhal Yarosevich,queued,
c28b1b12-b158-42a3-a470-2fe92d68905e,milagros-hernandez,Milagros Hernández,queued,
a0fc0ff8-d24d-4023-9beb-03b1e4da8484,mildred-morris,Mildred Morris,queued,
e9d9428f-0f94-4251-ae05-9ded1970082f,milo-bentley,Milo Bentley,queued,
f53efb40-d16c-47c5-8ab2-302d984728b6,milo-billman,Milo Billman,queued,
b55237ba-2dc6-49d8-9bc7-9836853207ff,milo-long,Milo Long,queued,
783e227e-a724-41e1-aec0-a81a9ca4e1b4,milton-bliss-gardner,Milton Bliss Gardner,queued,
4c5417a0-8a5f-479f-99cb-6d3882e7702b,milton-eugene-lindsey,Milton Eugene Lindsey,queued,
477b0695-2b42-431f-ab4f-51459e3e2f07,milton-haworth,Milton Haworth,queued,
edab56cb-eb55-498d-8093-ef74a1649d90,milton-stone,Milton Stone,research_pending,Initial encyclopedia image-index search completed; no verified portrait selected. Broader research remains.
220d2223-62c3-46de-a485-50b3aba82b30,mimi-lavalley,Mimi Lavalley,queued,
a0879d69-7f72-4f87-8894-f469d178b633,min-tamesa,Min Tamesa,queued,
bc164813-90ab-4f27-8414-52cb382c66d1,minion-clifton,Minion Clifton,queued,
f931b285-7cda-4087-8374-c3fcf668706e,minnie-kalnin,Minnie Kalnin,queued,
2e58023d-1ed4-42ae-8291-d2077e69274b,miriam-spencer,Miriam Spencer,queued,
44dc9212-0557-450e-988f-82859de23ebe,miriam-stevenson,Miriam Stevenson,queued,
0cdf0bdc-8a8c-4329-a258-eb2f8a61d683,mirna-rodriguez,Mirna Rodríguez,queued,
f803c063-16f5-45ea-b153-5703f13bc884,mitchell-goodman,Mitchell Goodman,research_pending,Initial encyclopedia image-index search completed; no verified portrait selected. Broader research remains.
6313e05d-3c31-4ee4-bc8c-1c1451d52f00,mitsuye-endo,Mitsuye Endo,queued,
b9c42896-caaa-4c5d-b37f-cd543446455f,modesto-diaz,Modesto Díaz,queued,
8b79784c-53ba-45bf-a2d6-586695fbcd2e,modesto-hernandez,Modesto Hernández,queued,
1ecadcab-efc0-4343-a203-d437af3fd8de,mohamed-mustapha-ali-masfaka,Mohamed Mustapha Ali Masfaka,queued,
d43d5f14-362d-49eb-891f-b3d2ad984f0f,mohamed-shorbagi,Mohamed Shorbagi,queued,
98324633-4a4a-4d52-8091-7910f241405f,mohammad-mazhar,Mohammad Mazhar,queued,
d3b9884a-653a-4b34-b3fe-f8a007e6fc91,mohammad-yousef-hasna,Mohammad Yousef Hasna,queued,
09670887-73cd-46e0-9e45-08b307674ef0,mohammed-hoque,Mohammed Hoque,queued,
a9e8a089-d80d-448a-a823-301b7a199345,mohammed-mosharref-hossain,Mohammed Mosharref Hossain,queued,
0f2cbb01-3074-47a4-9dec-9907433363fd,mohammed-rafiq-butt,Mohammed Rafiq Butt,queued,
b6c48023-7106-4f56-a2fd-523704291063,moises-morales,Moises Morales,queued,
8bd3ab7d-2101-4c52-919e-6c1455c05443,molka-reich-bare,Molka Reich Bare,queued,
fc6c6ecc-42ad-4e86-907e-cea075a6e1b8,molly-dougherty,Molly Dougherty,queued,
002c7221-0262-42bd-8cd4-52196b982994,molly-rush,Molly Rush,queued,
ed63cfce-5e57-45bc-a887-4ad8a87bf0e3,monica-bicking,Monica Bicking,queued,
26a54b59-9399-4427-8c3c-e464c32b2085,monica-washington-padula,Monica Washington-Padula,queued,
2094540e-4124-4b9f-8c78-e4a7c67f0ee8,monk-teba,Monk Teba,queued,
0b21ebe4-1c96-4383-93e3-4d52bab2cdaf,monroe-wulff,Monroe Wulff,queued,
f081e09c-ad8f-474f-8eac-446e0fbde6ed,monserrate-sanchez,Monserrate Sanchez,queued,
42563b9d-d923-4b67-8269-4810d0291149,monserrate-sencher,Monserrate Sencher,queued,
ffca7615-488b-474a-a659-9e93c56efa3a,montez-terriel-lee-jr,Montez Terriel Lee Jr.,queued,
d5051811-3e7e-42da-841e-ce0e9c35d2a3,morris-becker,Morris Becker,queued,
689831b0-8be3-4148-b087-c5d37e1737e8,morris-bloch,Morris Bloch,queued,
503bc863-71fe-4ae6-b1ff-e196ae35508e,morris-dolinsky,Morris Dolinsky,queued,
77367811-1bbe-42f9-94ee-b86145b741da,morris-e-shubin,Morris E. Shubin,queued,
4be6b44b-0af2-4960-a26a-82a8d8d5027d,morris-falk,Morris Falk,queued,
c3414f76-09b2-45f5-b825-eb53ecda3b3d,morris-franklin,Morris Franklin,queued,
82e2ac6f-b776-4e17-bd1d-fa9591a9a877,morris-hansford,Morris Hansford,queued,
deee4b23-3dce-48f5-bb11-f4ae6f8adb75,morris-hecht,Morris Hecht,queued,
6d2ae090-b18b-4b42-96f1-a6f68ff72409,morris-j-plousker,Morris J. Plousker,queued,
3f6fd715-473b-45fa-8d5b-f6b2dfbe302b,morris-kamman,Morris Kamman,queued,
e138a9e8-2715-4968-aa2e-a544edcdc931,morris-langer,Morris Langer,queued,
b6e03b2f-4327-47a1-9101-28f16ad25de2,morris-levine,Morris Levine,queued,
0ceab406-5441-40f1-9ef4-75ffce0a15e2,morris-pass,Morris Pass,queued,
6e1b7918-cb9a-42a5-8e0d-2ba45146f07b,morris-robinsky,Morris Robinsky,queued,
c47ed572-41ca-4926-baa1-0751530b33ce,morris-rubin,Morris Rubin,queued,
5618bf23-8c01-48d6-aa93-0c324365c42a,morris-tinsky,Morris Tinsky,queued,
c19235b7-d608-4e6f-bac1-22d45aa1c510,morris-trasken,Morris Trasken,queued,
2091dbd5-0720-421b-a43b-0f43b92e1a52,morris-white,Morris White,queued,
325a047a-8ca0-4ad5-97c7-5133c4f5c06b,morris-zucker,Morris Zucker,queued,
35fb7a39-5418-4426-8823-572ecfaf4918,mortimer-c-lovett,Mortimer C. Lovett,queued,
e7c564a0-98e9-4fd1-b185-e5a0af4e0c09,moses-chrisitan-joseph,Moses Chrisitan Joseph,queued,
7a458dd2-92ae-452c-958e-c4d18d1ef2e6,moses-dunbar,Moses Dunbar,queued,
e06128a0-06c0-457a-9fe4-296caf7be545,moses-earle,Moses Earle,queued,
e4af5968-59ba-4213-a4c9-7cee91d92cc1,moses-evans,Moses Evans,queued,
ddda01aa-648a-4d3e-b6c5-1103c4fb5c0c,moses-resnikoff,Moses Resnikoff,queued,
b8710448-29ae-46a2-85ab-95f9cf8acddd,moses-sleeper,Moses Sleeper,queued,
dd4e9af4-2449-44f6-93db-ec46d3f9a4c7,mourad-topalian,Mourad Topalian,queued,
f85fa7ce-d4b6-4a2d-b346-d7a8b992c6d3,moyer-l-nebring,Moyer L. Nebring,queued,
f8f0e4a5-4109-4de1-82ed-466db6991116,mr-kim-bok-chul,Mr. Kim Bok-Chul,queued,
10f5ef15-39d4-43bf-9ee7-45a20d5f0d5b,mr-kim-dong-won,Mr. Kim Dong-Won,queued,
6ed8549f-9f69-44ae-b43f-069220d2850d,mr-kim-guk-nam,Mr. Kim Guk-Nam,queued,
026939eb-7c82-4a0a-962a-325f64833001,mr-park-suk-jin,Mr. Park Suk-Jin,queued,
fe362d91-b96d-4131-9dda-bc82faeb8175,mrs-minnie-geibel,Mrs Minnie Geibel,queued,
9b30320b-9a59-4f05-ba26-7875d589f928,mrs-c-t-robertson,Mrs. C. T. Robertson,queued,
fe782862-2867-49c8-81bb-90251215609a,mrs-c-weaver,Mrs. C. Weaver,queued,
7f89d65c-ab50-44fc-95f6-5583887ccb19,mrs-francis-green,Mrs. Francis Green,queued,
0c13f192-991c-4c72-a497-814ac1fd99d5,mrs-george-e-roewer,Mrs. George E. Roewer,queued,
5ce93b36-da1a-4d5a-ba27-5ee18cb809a4,mrs-george-hill,Mrs. George Hill,queued,
33a37662-13bb-4c64-91e6-39d87accef7e,mrs-henry-butterworth,Mrs. Henry Butterworth,queued,
28e5eacd-8fa9-4b23-88dc-5e3d9b580d75,mrs-j-irving-gross,Mrs. J. Irving Gross,queued,
6f605e57-f028-4393-9223-8ea43f550496,mrs-l-h-hornsby,Mrs. L. H. Hornsby,queued,
51ce6db0-e375-42dd-85e0-2474da3c24d3,mrs-t-w-forbes,Mrs. T. W. Forbes,queued,
cdf980d0-138c-413b-ac26-b33e666fa518,mrs-w-j-bartlett,Mrs. W. J. Bartlett,queued,
877dba16-6de6-4e3f-a727-8ddda7bc7ec7,mrs-william-chisholm,Mrs. William Chisholm,queued,
75c3d349-4e55-4dce-989e-5478df3c30bb,mrs-william-upton-watson,Mrs. William Upton Watson,queued,
9046aee2-bede-45bc-97f4-2acb7d84019a,mtayari-sundiata,Mtayari Sundiata,queued,
a0c356a0-2e24-4e71-b327-5d9cf5adc237,mubarak-hamed,Mubarak Hamed,queued,
928b5a49-28b9-460a-afcf-d093f55f9b3d,mugo-gatheru,Mugo Gatheru,queued,
d1de2fe1-07ad-4515-ac3f-afcfe20409a7,muhammad-hamid-khalil-salah,Muhammad Hamid Khalil Salah,queued,
3cfc0812-dbd6-4712-b884-f8d916f57106,muhammad-pahlawan,Muhammad Pahlawan,queued,
ea196544-f2ef-4331-8c71-b93860d0f680,mujahid-farid,Mujahid Farid,queued,
396ae597-55f2-4a6f-b9b8-22e9435d9261,murray-bookchin,Murray Bookchin,queued,
7e41edd2-874f-4f3f-86d7-dc37b52617b2,murray-melvin,Murray Melvin,queued,
9a0af6f5-b4e9-4948-b59b-66085084ff45,murry-melvin,Murry Melvin,queued,
ce662c61-ebe8-46a2-9ced-4c65aac1d4ff,murugesu-vinayagamoorthy,Murugesu Vinayagamoorthy,queued,
6275ad33-429d-42a6-90d9-6f2a7177b6e0,mustafah-omar-hawkins,Mustafah Omar Hawkins,queued,
d39c73a5-f40f-474f-9c19-8f5191a15aa9,myer-klig,Myer Klig,queued,
5c12ad0a-0729-4023-b634-d44e6ef158c2,myra-dunton,Myra Dunton,queued,
915e3020-1b37-4687-8a0f-d8dbfe9829fd,myron-sprague,Myron Sprague,queued,
c1496a1d-3076-47f9-80dc-c8e2199ef04f,n-f-gibson,N. F. Gibson,queued,
497a701b-9461-469c-a4b5-728c73579939,n-pumerantz,N. Pumerantz,queued,
4d5cc6e9-c947-4492-abe7-3742574f9fd8,n-s-randall,N. S. Randall,queued,
138c3abe-c2c2-47af-8fa1-958a3d3871e0,n-yamashita,N. Yamashita,queued,
21269b5f-0570-4f32-8e5f-cd8d1e632033,nachimuthu-socrates,Nachimuthu Socrates,queued,
d3197d1b-67c1-405b-ba97-90e6f0f0a8ed,nadarasa-yogarasa,Nadarasa Yogarasa,queued,
a6ae727b-e62e-40b6-ab80-effd87882e67,nadarasa-yograrasa,Nadarasa Yograrasa,queued,
ef32cb9a-4a48-4509-b306-f58985bc0c3e,nadia-bianki,Nadia Bianki,queued,
e551ddf0-a972-4dce-b785-1f7faeafd7cd,nancy-beaulieu,Nancy Beaulieu,queued,
918541fa-6c4b-41bc-b503-b4e3308859d1,nancy-conde-rubio,Nancy Conde Rubio,queued,
bf8b91aa-0ffa-4b51-86c5-24becbd3e779,nancy-gowen,Nancy Gowen,queued,
a9e69055-8fac-4902-ac19-f12fa222fd5b,nancy-gwin,Nancy Gwin,queued,
ab3dc594-977a-4a62-8b93-77d344f71761,nancy-h-smith,Nancy H. Smith,queued,
d451b149-2a9a-49cf-8213-e58be1f0486e,nancy-smith,Nancy Smith,queued,
b86302da-d0c9-47a0-bb4c-c4f611b436da,nancy-wertheimer,Nancy Wertheimer,queued,
a031a788-c635-4c9b-abe2-eae261a63a5d,naomi-barrett,Naomi Barrett,queued,
c5706096-c170-47e6-896e-0a15fb418547,naomi-burns,Naomi Burns,queued,
7bce202d-86f0-46f7-b660-1d4349e768d5,naomi-williams,Naomi Williams,queued,
1420a9f0-a2d3-41c8-8c4a-772703297ef5,narseal-batiste,Narseal Batiste,queued,
8d279245-54ad-4711-aaee-e98cbd39d0bc,nasser-ahmed,Nasser Ahmed,queued,
2f866602-ddbc-46a2-b9bf-a27f5e2eeaed,nassim-zerriffi,Nassim Zerriffi,queued,
e293bfd2-b23f-4bdb-b6aa-dddfaac4fbc4,nat-ganley,Nat Ganley,queued,
697d080e-dfa5-485e-b39d-cb36f107296a,nat-goodwin,Nat Goodwin,queued,
badbdae0-cb5d-464f-822a-4c43e243bd62,natale-krilete,Natale Krilete,queued,
60c88620-f00b-48f2-9f43-df27eae30ba4,natalia-robanhode-wyrd,Natalia Robanhode Wyrd,queued,
74fb4655-8b64-4b9d-bbf9-53db75a49dc0,natalio-villi,Natalio Villi,queued,
0f571ffb-7ecb-4e97-a38b-0a68203a5b58,nate-saunsoci,Nate Saunsoci,queued,
4335f1d7-005c-4a02-b689-cf7df47bea02,nathan-joseph-waller,Nathan Joseph Waller,queued,
654819df-02a8-48b5-92cc-549c845861e8,nathan-kaplan,Nathan Kaplan,queued,
84439990-3f55-4c1a-aaa1-47163559a0a0,nathan-l-welch,Nathan L. Welch,queued,
2b8c63c9-f97e-48a5-8401-a91716c2d45c,nathan-levine,Nathan Levine,queued,
3b64515b-e967-4045-b197-1ec484907a59,nathan-pope,Nathan Pope,queued,
930fec32-4b0b-4ab5-82bf-3acbfc952c2d,nathan-yagol,Nathan Yagol,queued,
d328ffbc-d8df-416b-b056-bed39e7991e9,nathanael-secor,Nathanael Secor,queued,
aa0aa5ab-b0de-4ec0-bef4-932d4135eac7,nathaniel-burse,Nathaniel Burse,queued,
7365119a-d831-4c98-a413-5de45e73ca06,nathaniel-martin,Nathaniel Martin,queued,
f8f71a55-4020-4107-9491-b00f066b33bd,naudimar-herrera,Naudimar Herrera,queued,
399c423b-38ff-4f4e-a1ef-a8a96c3f6d01,naum-acheff,Naum Acheff,queued,
26982b9b-2931-4ec2-b6dd-6ac1af786655,naum-stepanuk,Naum Stepanuk,queued,
83347046-fcc8-4bc5-8cc4-d7ee6b6b8aaa,nautica-turner,Nautica Turner,queued,
e286fcdd-d056-44d2-9f51-01e9e059844d,nazael-montalvo-rodriguez,Nazael Montalvo Rodríguez,queued,
adeaff0f-36f4-4992-b521-c49a00b4a73c,ned-cobb,Ned Cobb,queued,
1f748ae3-b182-423f-9ca0-e1517dbe5b9c,nehanda-abiodun,Nehanda Abiodun,queued,
d733bfa1-c867-45d5-9e59-6b378b204cb4,neil-byrne,Neil Byrne,queued,
13ccfb16-9fe1-4a6c-a254-12f87ea8d52b,neil-mclaughlin,Neil McLaughlin,queued,
af9aaf64-657e-4c8c-9146-43539ee9ca4f,neil-quentin-lucas,Neil Quentin Lucas,queued,
56459cfe-1516-4c3c-996c-13e039aa782a,neils-randquist,Neils Randquist,queued,
a281bda1-4922-45d6-9cd4-82f18c103a3d,nellie-main-barnes,Nellie Main Barnes,queued,
7d17d3c2-1c21-43bd-bceb-e3dea9d8c00f,nello-di-ciuccio,Nello di Ciuccio,queued,
0e9c2ca5-b33a-45ee-ace0-d73a34cca0d4,nels-kjar,Nels Kjar,queued,
49efff4e-f828-455d-9248-2b988b377356,nelson-pierce,Nelson Pierce,queued,
9e88fd71-f34d-42d6-b94f-2cfafd2653db,nelson-ramirez,Nelson Ramirez,queued,
019b683f-cadf-4ef6-8127-e58046f289b8,nelson-rodriguez,Nelson Rodriguez,queued,
a5b15a78-0d63-4559-88ad-8f4a568b96c0,nemet-alrawajfeh,Nemet Alrawajfeh,queued,
d4d72762-907e-4c7b-bcbf-e15e46d66103,nesrey-sood,Nesrey Sood,queued,
db43de80-fd4a-4d47-920f-040d80f19d2f,nestor-mikhailovich-sheleg,Nestor Mikhailovich Sheleg,queued,
df5ee887-c209-492c-94fa-5cca69778d11,nestor-nazario-trabal,Nestor Nazario Trabal,queued,
7e23c63f-14db-452a-91a4-fcf511adf7b1,nestor-zubko,Nestor Zubko,queued,
297e3052-a706-4197-8a2d-8e7d8a898ba2,nich-g-la-casselle,Nich. G. La Casselle,queued,
4baf8194-c88b-4da4-9801-f8c02514a310,nicholai-sevany,Nicholai Sevany,queued,
f67658e6-21dd-45cc-8c35-bed86495773d,nicholas-mlaveransky,Nicholas Mlaveransky,queued,
777a71aa-4005-4976-b895-5de91c5996b7,nicholas-olson,Nicholas Olson,queued,
80934933-5fd5-42bd-ab95-a0aeab5a1db5,nicholas-riddell,Nicholas Riddell,queued,
1769df27-efff-4635-ba65-156d9ff574ac,nicholas-ryan-entwistle,Nicholas Ryan Entwistle,queued,
f30f1c40-8c88-4ac6-a44f-e844a3391d3c,nicholas-s-zogg,Nicholas S. Zogg,queued,
0cd7fa96-fa8b-4f0f-9d3f-b103b2f7cbeb,nicholas-schillaci,Nicholas Schillaci,queued,
22dbd921-39d3-4253-a960-fec257d97629,nicholas-torbiak,Nicholas Torbiak,queued,
883b507c-ec1b-481f-8322-8d3a57d07302,nicholas-vazquez,Nicholas Vazquez,queued,
0d81972d-b7bd-4b8b-83d5-fdf4f22751d5,nick-barno,Nick Barno,queued,
8a15fd8d-fe65-41b9-8122-f575a7ad5101,nick-federov,Nick Federov,queued,
ad57e988-1b43-4d87-8b8d-0235e981f7e5,nick-prokopenko,Nick Prokopenko,queued,
0d128bae-bef7-4fe3-9ee6-0d70514ed862,nick-steelik,Nick Steelik,queued,
08b43c5d-4c63-4b9a-9466-99d4a6bb9a64,nick-sudnick,Nick Sudnick,queued,
9a58b7a3-2ba0-4329-af05-c9d425f4b167,nickolaus-ungar,Nickolaus Ungar,queued,
d82335de-279c-4b2b-a320-c682ac21099c,nicola-lacasale,Nicola LaCasale,queued,
3b548d07-21d2-4a15-9f2d-f390edad5e8d,nicolas-tapasco-romero,Nicolas Tapasco Romero,queued,
51f31c11-d259-45c0-accc-fec05df87286,nicole-aria-rose,Nicole Aria Rose,queued,
8b4de999-7157-484b-a117-cf67fc40df89,nicolo-locosale,Nicolo Locosale,queued,
0336e091-2db2-4157-969d-f578072a0226,nihad-rosic,Nihad Rosic,queued,
076c6ba6-1389-4d1f-b07e-02e84de79f8c,nik-telatitski,Nik Telatitski,queued,
7a71b91f-f89e-4128-9424-7052da1f0407,nikifor-zharko,Nikifor Zharko,queued,
07a2d28e-7bf8-43b6-ae40-5a3c62540b08,nikita-eskimashko,Nikita Eskimashko,queued,
92da6230-0be1-4b9c-8597-7ce6db97f757,nikita-safroniev,Nikita Safroniev,queued,
2c7713c5-0edc-4955-809a-20b1fde4158b,niklan-jones-lezama,Niklan Jones-Lezama,queued,
9c4e8449-2efd-4643-8815-a074e47fd4e0,nikofor-salabay,Nikofor Salabay,queued,
89157719-9074-4037-97bd-b39b79af38e3,nikolai-bolsun,Nikolai Bolsun,queued,
daeb1e13-c4cb-4dff-9272-02445bbaac5f,nikolai-elkevich,Nikolai Elkevich,queued,
56137dc0-d1a3-4c7b-a8fb-b549cd7db8d1,nikolai-grishko,Nikolai Grishko,queued,
c60e69f0-09c2-453b-81e5-d5cf64f6e6d5,nikolai-kizer,Nikolai Kizer,queued,
6ac4d82d-8989-4515-a29a-a5f30af8fe4f,nikolai-kuropato,Nikolai Kuropato,queued,
bdf300f1-b845-4ae6-b7c2-6ae6c469b7c9,nikolai-lisiuk,Nikolai Lisiuk,queued,
c3d1195e-2272-4fdd-9eca-fa6cdf5d4e4d,nikolai-mansevich,Nikolai Mansevich,queued,
d2a3fbe5-40ae-4e25-bc2b-1e9faa5e06a0,nikolai-melikov,Nikolai Melikov,queued,
d7b545ee-39f2-4b7d-81cc-436e1e9f46e4,nikolai-ochrimuk,Nikolai Ochrimuk,queued,
1cb4b7bf-a683-4c13-98fa-dceb7a3863b4,nikolai-ostreiko,Nikolai Ostreiko,queued,
e1173ec0-a1a1-4e33-93d4-d9aacffcdb81,nikolai-salov,Nikolai Salov,queued,
9a131a89-570b-4669-b7e7-c804c8c491ca,nikolai-saluk,Nikolai Saluk,queued,
c0c75e92-eaf4-418a-ae73-c0b0cf74a744,nikolai-slyvka,Nikolai Slyvka,queued,
ef622a5e-f764-40e0-80af-e1dd41bdd534,nikolai-stechishin,Nikolai Stechishin,queued,
a811c7ab-87af-4dbd-b58d-c3601f73c421,nikolai-vasilyev,Nikolai Vasilyev,queued,
49b4cad6-8974-45f6-af85-b1aed2430c64,nikolai-volosyuk,Nikolai Volosyuk,queued,
21cacbd2-e6e2-4491-955e-12088305271a,nile-cochran,Nile Cochran,queued,
98c92164-d6be-4611-9349-80b0d17f227f,nilsa-cobeo,Nilsa Cobeo,queued,
e2480727-b97d-4d8a-afa1-239ce6ddd3b1,njeri-quddus,Njeri Quddus,queued,
dbcb9a48-bbdf-4707-91be-8ff51b479bb4,noah-jos-blair,Noah Jos. Blair,queued,
11b9e392-9222-401b-8ad2-1aad8e4ac187,noah-leatherman,Noah Leatherman,queued,
a3873762-5704-4a3a-9765-4ebf71fe372e,noah-strohm,Noah Strohm,queued,
0905645f-a94a-4a51-86e3-844986e03ed8,noel,Noel,queued,
a4b80869-1edc-44ca-809b-d8a16c6b0b0e,noel-o-murchu,Noel Ó Murchú,queued,
1af64e7b-ad03-421e-a649-0acb2af57502,nora-conklin,Nora Conklin,queued,
98b14445-0e88-4903-b07e-10398fc20efd,norbert-galvan,Norbert Galvan,queued,
28493826-724b-4318-b38d-c5c8f326ea89,norberto-cintron-fiallo,Norberto Cintrón Fiallo,queued,
0ee35ff6-d33c-4eae-a8c2-92a1cb63e54b,norberto-gonzalez-claudio,Norberto González-Claudio,queued,
1c63df12-36e9-4e9d-8650-014a1f25e935,norm-lowry,Norm Lowry,queued,
b158afc1-6031-4aa5-b6af-52ca2ee8345b,norma-burgos,Norma Burgos,research_pending,Initial encyclopedia image-index search completed; no verified portrait selected. Broader research remains.
f4b69fa2-bb36-4b75-8c87-a226516a6512,norma-collins,Norma Collins,queued,
07d4c726-8d7d-43a4-83e4-448030f69b47,norma-gist,Norma Gist,queued,
b3c80e03-f9f6-4c2b-a0a3-fbd8f66e3de5,norma-martin,Norma Martin,queued,
322d1214-f91d-4cc6-ac26-f6c37c2e5395,norma-ortiz-gusman,Norma Ortiz Gusmán,queued,
8b4d4679-9e07-4ce3-a155-9f5e86899182,norma-wagner,Norma Wagner,queued,
a7aa6f70-9cff-42f9-a231-583a8a9483e7,norman-f-rhoads,Norman F. Rhoads,queued,
8fd97ae2-6e28-49e2-924b-b18941bffdf4,norman-mailer,Norman Mailer,prepared_batch259,Verified portrait prepared; deployment not yet confirmed.
a09666c4-a799-4ab8-9d89-6cfdfd7c99cf,norman-mini,Norman Mini,queued,
e9399cfe-2533-4394-9215-4d5fe681bcff,norman-ramirez-talavera,Norman Ramírez Talavera,queued,
7e937832-f334-43d5-9f2a-0b5ba69545ad,norman-roye,Norman Roye,queued,
a30131f1-b9ef-45c6-adfb-cda10f7dfad0,norman-silverman,Norman Silverman,queued,
959bf5aa-02be-4c7a-a687-e2d55413eb8b,norris-tucker,Norris Tucker,queued,
59d2a4ef-0986-4364-add4-1f5c0e38813e,norton-anthony-russell,Norton Anthony Russell,queued,
cd431736-c74d-4d61-b33e-68ee386e13ea,norval-d-welch,Norval D. Welch,queued,
99fab86c-bac7-4c6b-adad-85feb90fc7f0,noureddine-malki,Noureddine Malki,queued,
61cb56eb-98ed-4093-8f13-0fa874091c7e,nuval-kerget,Nuval Kerget,queued,
c96fe397-ef8a-4d36-b9e5-38f9216db940,nydia-esther-cuevas,Nydia Esther Cuevas,queued,
67c744b9-aea5-4b51-a942-1f0216c1926c,nydia-gonzalez-reyes,Nydia Gonzalez Reyes,queued,
51ab15bf-7429-4be4-9e02-d69153de193e,nylda-r-diaz,Nylda R. Diaz,queued,
92eb648d-b373-4260-acb1-c6dfff70cadc,nestor-de-jesus,Néstor de Jesús,queued,
e18508f4-5a73-493e-9534-d28113ce1d7a,o-a-kinsolving,O. A. Kinsolving,queued,
f987b7e0-06b4-48e5-86ff-b4903232f6bb,o-e-gordon,O. E. Gordon,queued,
c0f28351-38e4-4d2d-8158-571735891ebb,o-g-brown,O. G. Brown,queued,
5c385cea-b389-466f-baff-4aef1b7a4f09,obadiah-lee-simms,Obadiah Lee Simms,queued,
0817eb72-dd46-441e-a7cc-fcbd14806fca,obe-isenhouer,Obe Isenhouer,queued,
94846d0c-62e1-4a5e-889b-85b092212df9,obe-isenhover,Obe Isenhover,queued,
cb238b72-94e8-4c51-9d13-4514f07a4e36,october-martinique-lewis,October Martinique Lewis,queued,
19de6bf4-c775-46d0-a3a1-6351960c69d0,odel-huey,Odel Huey,queued,
530cd37f-87de-43d7-9107-7b3b97fd7ba7,odell-bennett,Odell Bennett,queued,
10bd5312-57dd-4f04-ba77-45cd439dbef9,odell-brown,Odell Brown,queued,
8d8f01ad-79d6-43a0-a16b-277fbc11d160,offogga-quddus,Offogga Quddus,queued,
a4a6b7f6-69f0-488d-9ea1-2ce5dad5a37a,oh-cheol-geun,Oh Cheol-Geun,queued,
64ad01b6-b6fa-4e50-a936-3bcd6583a080,ola-mae-davis,Ola Mae Davis,queued,
11be3b5f-a370-4234-a534-778583fd32a4,olaf-finnestad,Olaf Finnestad,queued,
d1df6fa4-f948-4c7f-85bf-294c47bbf5ee,olajuwon-davis,Olajuwon Davis,queued,
d8f02c17-f928-4d9c-b6f2-3bb821d2508d,olan-killen,Olan Killen,queued,
1c05f3dc-51ca-434e-9342-f7c3aac3a063,olava-skottedal,Olava Skottedal,queued,
da41577e-57c8-4576-a91f-e9628e605d74,ole-olson,Ole Olson,queued,
bb3a869f-773d-4f8c-8f33-7690ccae308d,olen-montgomery,Olen Montgomery,queued,
38c1fb3a-c03b-458e-9dcc-a55756d0b2ff,oleta-oconnor-yates,Oleta O'Connor Yates,queued,
479978c2-71ac-4332-9b33-fc74b150fcd2,olga-talamante,Olga Talamante,queued,
41aaea07-5833-4b0c-91be-ce08597657a4,olin-b-anderson,Olin B. Anderson,queued,
e2186b23-cf6d-47a7-9da9-76e61245e6b6,oliver-edu-solares-herrera,Oliver Edu Solares Herrera,queued,
41752a5b-a1e7-4fad-9861-3b9c2ff057fb,oliver-miller,Oliver Miller,queued,
412b967c-45b0-4e01-87d7-1eaf81b66d6e,oliverio-serrano,Oliverio Serrano,queued,
1401de93-fbab-41a6-a9d2-c754183f04de,ollie-dawson,Ollie Dawson,queued,
d4680d9c-9096-4808-810f-d22af9a09756,omar-abdi-mohamed,Omar Abdi Mohamed,queued,
40188a18-c3e8-40c4-8aaf-ae00437597ec,omar-j-eaton,Omar J. Eaton,queued,
730014b3-7fe9-45c0-8fb7-95c7e342d570,omar-jose-colon,Omar José Colón,queued,
703537d4-7d16-4f1b-9fab-c47f68bed133,omar-seku,Omar Seku,queued,
7b49aab8-fdb5-43db-9fae-f28fec4f3c93,omer-neuenschwander,Omer Neuenschwander,queued,
e026a7c2-9910-4f42-909d-7af8fc463212,omowale-clay,Omowale Clay,research_pending,Initial encyclopedia image-index search completed; no verified portrait selected. Broader research remains.
21fe06f4-97bb-4040-963e-5942e957fda9,onofry-halevich,Onofry Halevich,queued,
f6005a66-32ca-4545-92c5-9166e2822de7,onta-williams,Onta Williams,queued,
47676a1e-e2ca-4bea-a4b2-bc4958a524d4,onufray-makarenko,Onufray Makarenko,queued,
38884d66-72cd-4613-9310-f1388c8ef340,ora-j-hartzler,Ora J. Hartzler,queued,
e8ed3ad6-55a7-46a1-8563-70f21b7271ff,oral-james,Oral James,queued,
954b1823-e56e-445e-936f-b6ca7c2547ef,oreal-grossman,Oreal Grossman,queued,
2140d3e1-685b-4693-ac1b-fb7e1c574429,orin-doty,Orin Doty,queued,
e4adb6c9-14b4-4091-8dbb-ea8190238985,orindatus-simon-bolivar-wall,Orindatus Simon Bolivar Wall,queued,
8f405f80-9dfa-4156-a10d-328ef7c1d883,orlando-gonzalez-claudio,Orlando González Claudio,queued,
b6273e54-4844-48d0-a6c5-ea90a63b216a,orlando-javier-ramirez,Orlando Javier Ramirez,queued,
2773852e-8957-46f1-8b59-c689d67d6dd7,orlando-shalrocko-king,Orlando Shalrocko King,queued,
d24f2092-cc9e-4cdf-8252-ec4c006775be,orlando-soto-morales,Orlando Soto Morales,queued,
827f3ed2-c2d2-4e65-8c1a-0f7ca33a697e,ormistan-spencer,Ormistan Spencer,queued,
929112a4-b0bb-461e-b318-de624823d983,orphan-jones,Orphan Jones,queued,
c3a154e8-6594-4bcb-bf89-f2cc14189bd0,orteof-sahtabnog,Orteof Sahtabnog,queued,
b6847058-b1d7-45fb-8bca-caef969d3db0,ortiub-tsubrick,Ortiub Tsubrick,queued,
c275698e-2e3e-40db-80c5-8db6af38736b,orval-jordet,Orval Jordet,queued,
60ed422d-0aa9-4dee-b747-4d7b2d656165,orval-lewis,Orval Lewis,queued,
817ff2c0-1a44-4126-a424-c3d0d324805d,orville-anderson,Orville Anderson,queued,
df658314-7682-4f66-a90b-0cd57dac3c6b,orville-enfield,Orville Enfield,queued,
4896db5c-46e0-4ba4-b150-b214a2e9a041,oscar-bobby,Oscar Bobby,queued,
871405f3-e916-4d0c-87a6-b8e364e43137,oscar-charriez-lozada,Oscar Charriez Lozada,queued,
613c038c-7847-49f0-acc5-62b5a72a8869,oscar-e-brex,Oscar E. Brex,queued,
5e95e271-6e4b-4ab7-adf4-99dfd713f23e,oscar-gamba-johnson,Oscar Gamba Johnson,queued,
3d8abb11-1e0f-4f04-b37a-df8de2f5493e,oscar-hochstetler,Oscar Hochstetler,queued,
1155431c-780f-49b0-ba57-ceefa7491e90,oscar-jordan,Oscar Jordan,queued,
cb2200b2-5e0a-484b-804b-ff30c9d97cd9,oscar-mannisto,Oscar Mannisto,queued,
dea616e6-dc8e-4158-85e1-7f01ed038f9d,oscar-mileaf,Oscar Mileaf,queued,
12142e81-fe17-48e8-b807-9b824df68b10,oscar-schoenfeld,Oscar Schoenfeld,queued,
7d76ef53-ffbb-4e51-bf71-74bfb99cdd30,oscar-smilack,Oscar Smilack,queued,
bf5ec248-dc58-4072-b6e8-670b29c7a3ca,oscar-wheeler,Oscar Wheeler,queued,
cbee7ea4-ed12-422a-8033-f453b324817f,osip-kozorez,Osip Kozorez,queued,
dfdffdfd-1af9-48f6-ae59-00afe8999bdb,osip-orloff,Osip Orloff,queued,
a3e5ecd8-54a7-4a0b-9d31-bd025df11fdf,osip-polulechka,Osip Polulechka,queued,
21efde4b-757e-409f-a3dd-a8f0307ae578,osip-stepanov,Osip Stepanov,queued,
8d67c5ff-96af-44d5-836c-0a8b0d617a18,oswaldo-cruz,Oswaldo Cruz,queued,
3887997f-b5a1-480b-a5d2-b5397eef5b08,oswaldo-manuel-merced,Oswaldo Manuel Merced,queued,
5d839cea-0149-45f9-bd48-fde51ffb88a4,oswell-wright,Oswell Wright,queued,
c32186fb-93ca-468f-94b1-009bef014d73,othoniel-rosa,Othoniel Rosa,queued,
68014c60-2ec9-49fc-a770-640e8920f4eb,otis-hood,Otis Hood,queued,
c3c968dc-a3bf-460f-9a85-b353bf5b7a1b,otis-johnson,Otis Johnson,queued,
da34d0bd-4cc8-420f-a897-195c7d9cf66a,otis-l-hairston-jr,Otis L. Hairston Jr.,queued,
48393db7-7e6b-4e0d-a9b5-42dac29d44e1,otis-nation,Otis Nation,queued,
6c2d7880-93d7-41e5-81a3-1e3c5dccefe2,otto-b-reichelt,Otto B. Reichelt,queued,
a5dc5162-77d5-4c9f-be4b-e7641312408a,otto-berglind,Otto Berglind,queued,
fc4ab3ea-0c25-41de-8418-b9d5738bb0e5,otto-bruno-rechelt,Otto Bruno Rechelt,queued,
57542e7a-1caf-423e-bd03-b3b367ed6b35,otto-eisner,Otto Eisner,queued,
d5f60d27-c991-4b19-800a-f15bd13406d9,otto-frederick-schmidt,Otto Frederick Schmidt,queued,
55c5b7c6-d46a-4ae6-baee-c7bd8e82fabe,otto-inglehardt,Otto Inglehardt,queued,
c7889136-f7b6-4fcd-b639-5513cbe934bd,otto-lenhart,Otto Lenhart,queued,
bcb785d4-e35b-46c8-844a-32e8c0f7c927,otto-mills,Otto Mills,queued,
e1fe2754-cbbc-4738-8590-1f3a867dcda4,otto-nathan,Otto Nathan,queued,
d8fcfb1d-a532-43c7-9f8b-e9e707ee2072,otto-passow,Otto Passow,queued,
dd95d08e-d14d-418d-a3eb-57fb65f1c1fd,otto-popovich,Otto Popovich,queued,
f6abce48-581c-4abe-84ba-bbe208f4843c,otto-richter,Otto Richter,queued,
df9fec50-fdca-481f-9b97-373e25817db0,otto-wallschleger,Otto Wallschleger,queued,
73d56a42-65d4-4542-b37f-66ca9c48bfcb,otto-wangerin,Otto Wangerin,queued,
5f78ec2a-286f-476a-82f3-9b1d7b347b45,owen-j-miller,Owen J. Miller,queued,
68b2a44d-ae20-4019-a42f-68dd8b60fdf4,owen-jones-jr,Owen Jones Jr.,queued,
69ee5315-2be8-46a0-98a2-78cf75980a0e,ozie-powell,Ozie Powell,queued,
4bd91d4e-5a83-4494-a05b-c53cd2230c6d,ozie-washington,Ozie Washington,queued,
0da02668-0f2c-458b-988a-66ae1be831b9,ozone-bhaguan,Ozone Bhaguan,queued,
2aeff845-dae6-4bb6-a3dc-0106bafc2873,p-gutsshalk,P. Gutsshalk,queued,
a9631289-df08-41e1-8a3e-f94cfe332686,p-j-higgins,P. J. Higgins,queued,
a372aa27-e4b1-4503-b472-4312705ce41a,p-l-bernhard,P. L. Bernhard,queued,
df7160b4-0aa1-45dc-b9aa-de0422255242,p-shape,P. Shape,queued,
7698bb2d-4f1c-4113-af0f-2232986a6840,p-ware,P. Ware,queued,
b02daa53-367f-49a0-98b9-8a98e17dede1,pablo-yoruba-guzman,"Pablo ""Yoruba"" Guzmán",queued,
175d51a0-018b-4d25-b026-4ac1dfa4b82d,pablo-garcia,Pablo Garcia,queued,
a7aca059-f415-41ee-b8ce-e564b1e5f4da,pablo-rosado-ortiz,Pablo Rosado Ortiz,queued,
ce9cdb6c-c7de-4171-96c4-cec595fa5a8d,palmer-legare,Palmer Legare,queued,
5d0eed17-f6e7-4964-a0a3-b308671bbd6e,palys-l-chevrier,Palys L. Chevrier,queued,
57dc885d-87b1-481f-ad60-28d31ce9cf51,pam-solo,Pam Solo,queued,
7d61007e-ba7c-49a7-b5d6-93ac80495d65,pamela-mcbride,Pamela McBride,queued,
2221216a-bada-4a0a-aa47-c99b7a242a00,pancho-ramos-stierle,Pancho Ramos Stierle,queued,
7501ac99-47dc-4ff9-afe7-6f09d85f5383,pancracio-adiarte,Pancracio Adiarte,queued,
e21adfaa-9703-4c75-a4f0-0f86fbdc915a,pancracio-palting,Pancracio Palting,queued,
9132052f-635d-435d-897d-073798578e6b,paraliett-kutzman-petcoff,Paraliett Kutzman Petcoff,queued,
f867c7bc-4256-4b38-87b8-7d89f09a4eaa,parfem-tabenko,Parfem Tabenko,queued,
cb057eab-10fe-4929-860d-2fe68bd2875c,park-do-hyun,Park Do-Hyun,queued,
4300ecef-581e-45f6-acef-95ffd2df1a6a,park-yong-sung,Park Yong-Sung,queued,
4bbf7106-f4e8-4355-a63f-a3188a700588,paschal-morahan,Paschal Morahan,queued,
5f2e347a-6e2c-49ee-96ee-592c779374b2,pasquale-branca,Pasquale Branca,queued,
8399999d-2202-4e70-900f-2b9e21731228,pasquale-nardini,Pasquale Nardini,queued,
d68cb7dc-80f0-4634-88b7-3cae74886f4e,pat-casey,Pat Casey,queued,
db83c9b4-102f-4b9a-84e0-356c5dc8ecfd,pat-devine,Pat Devine,queued,
75fde0e3-5632-4e23-b377-3786f78dd0a9,pat-macwharter,Pat MacWharter,queued,
6a224bbf-51ea-4b65-82f0-c7caeee5fb32,pat-mcwhorter,Pat McWhorter,queued,
ecfdec4e-bacc-4bc5-ac88-40730ca890ee,pat-monahan,Pat Monahan,queued,
4a7d598c-bfc5-4aa6-8a2a-10196bca29b2,pat-sieber,Pat Sieber,queued,
1c1f6006-9001-45d4-bfb2-79ba732c6a27,pat-toohey,Pat Toohey,queued,
b9522e35-2825-45e3-9e74-73482b58c87a,patreese-johnson,Patreese Johnson,queued,
71e88d30-269d-430c-a0a9-242c3286262d,patricia-ann-shuttlesworth,Patricia Ann Shuttlesworth,queued,
782e6f0e-4de9-43c6-b76d-3a595898bca4,patricia-blau,Patricia Blau,queued,
1b3a0fd5-165c-4ea4-a82b-47ad6d19abc7,patricia-elaine-bryant,Patricia Elaine Bryant,queued,
27f833e4-5627-4c75-96ca-b3326a2b0c25,patricia-gros-levasseur,Patricia Gros Levasseur,queued,
98cd4d74-b3da-42ed-a746-15b77fb5c2ef,patricia-mccormick,Patricia McCormick,queued,
e78fc366-9b37-4da0-a817-177add96f77a,patricia-scruggs,Patricia Scruggs,queued,
754b255c-f61d-47e2-8cfb-3399cec5b197,patricia-silver,Patricia Silver,queued,
332473d1-64f5-483f-95f8-cf812d357a6e,patricia-swinton,Patricia Swinton,queued,
23a82f30-4d0a-48a7-8c72-8f5782f49a1f,patricia-weiland,Patricia Weiland,queued,
c8bf2555-fcc4-43bc-bb6e-631bda824110,patricio-guerra,Patricio Guerra,queued,
b61ae387-6189-4fca-90e1-91142f92ef9c,patrick-abraham,Patrick Abraham,queued,
fd6f7b39-68e9-4403-8636-695008d57b6f,patrick-croy,Patrick Croy,queued,
c4b6cf6a-b47c-4620-aee3-c69bc00fffad,patrick-dalton,Patrick Dalton,queued,
9708e2c6-8c4e-496e-864d-a2fcc3ac4bdd,patrick-francis-kevin,Patrick Francis Kevin,queued,
4f2a85cf-f788-48e7-8746-e37612c18ead,patrick-h-hearne,Patrick H. Hearne,queued,
0327a9de-54bd-4472-b323-ee1de4fc18e5,patrick-hester,Patrick Hester,queued,
4b98e72a-7f38-4eb3-9e3a-c29ceff0e242,patrick-lincoln,Patrick Lincoln,queued,
bc6a179e-81de-42b5-9f74-716583ed1039,patrick-mcdonald,Patrick McDonald,queued,
aee334e9-4282-46f8-bb31-cacdf955f6cc,patrick-michael-gerola,Patrick Michael Gerola,queued,
b2a91fac-54dc-4ba8-91f5-abdd03acaf33,patrick-nee,Patrick Nee,queued,
69b8652a-197e-4323-8735-74e30ff6044c,patrick-odea,Patrick O'Dea,queued,
29e04e8a-722e-4eee-aa24-bb85e5f70296,patrick-reid,Patrick Reid,queued,
e881a365-c31e-4adf-8404-98e7380fba95,patrick-tully,Patrick Tully,queued,
5234c35a-c44f-4bce-8711-11af8f8c9026,patsy-augustine,Patsy Augustine,queued,
b053a65d-26c5-48d2-92a0-6135334d229e,patsy-ciambrelli,Patsy Ciambrelli,queued,
e679e974-70b2-4e72-be13-b7d64fa484fb,paul-a-oehme,Paul A. Oehme,queued,
93dae9ee-7271-4154-ac75-10f815a33eee,paul-arthur-milling,Paul Arthur Milling,queued,
d4575843-11d2-4641-a449-5777a5cd6d90,paul-babish,Paul Babish,queued,
1b42c3ce-99e2-4966-bd0a-122f1e51d7b1,paul-bosko,Paul Bosko,queued,
2b94f953-659d-435f-a417-cdd4dde0af4d,paul-bowen,Paul Bowen,queued,
3a422a6d-5d47-4f62-a105-77397e2cf250,paul-brown,Paul Brown,queued,
3ff9aa9b-bc2c-4b5f-ad37-615dfc9b6b47,paul-butash,Paul Butash,queued,
6af60435-9352-439c-9805-f383f5767ad5,paul-c-villiard,Paul C. Villiard,queued,
bfb85db5-4e2e-4c7e-b6be-51e072651bf6,paul-cinat,Paul Cinat,queued,
40bba906-ce54-4835-aec8-e0683ab0222b,paul-couming,Paul Couming,queued,
40612252-c7f4-441c-a1e2-5d30468d9e93,paul-davis,Paul Davis,queued,
2f51e0c3-5c87-441e-8023-e690634f7265,paul-doty,Paul Doty,queued,
f2d7b6e4-4fa2-4ca1-9d5c-268502a70cba,paul-douglas-revak,Paul Douglas Revak,queued,
7f637d80-c190-47e8-beec-53626016164c,paul-dyachuk,Paul Dyachuk,queued,
3ef5cac2-f66a-4eaf-b237-57308d1ff384,paul-freeman,Paul Freeman,queued,
b9a69dac-ec20-4ef0-9fa8-3d274a352bc7,paul-gunter,Paul Gunter,research_pending,Initial encyclopedia image-index search completed; no verified portrait selected. Broader research remains.
501e517d-6949-4c8d-bde2-54f7246bfb78,paul-hall,Paul Hall,queued,
77b4706a-43f7-49a8-a764-59690576633c,paul-holovkin,Paul Holovkin,queued,
a0f20b43-b3d3-45ba-a3fd-437795fbe503,paul-jefferson-worth,Paul Jefferson Worth,queued,
4b72c008-4f1f-420d-8068-c0fb01ad197e,paul-joseph-mack,Paul Joseph Mack,queued,
108836b7-1c48-47de-98e7-a72927c342ac,paul-kalach,Paul Kalach,queued,
5bcb41ab-a629-45dd-8e9e-d7a286776f09,paul-kassay,Paul Kassay,queued,
c2dbf8a2-4cb0-45b9-a87c-79150f6cb4d3,paul-kettunen,Paul Kettunen,queued,
47140b92-0417-4348-a824-d77c9b6aecc4,paul-kleinsasser,Paul Kleinsasser,queued,
b9db4804-c779-422e-b72b-a1bd0c420dea,paul-kovac,Paul Kovac,queued,
357291c4-15c9-49c0-86f8-7861446901a4,paul-l-trout,Paul L. Trout,queued,
9001aa50-5ec3-4303-a284-a31b66f5458b,paul-l-whitely,Paul L. Whitely,queued,
4039ecbf-e13d-498c-a937-98503c757d73,paul-magno,Paul Magno,queued,
7e11eb3f-8de3-4ef4-be26-ddab602ef760,paul-maihak,Paul Maihak,queued,
a99f52e7-57f4-4483-98a9-877cd21a8490,paul-manko,Paul Manko,queued,
ecc23e5f-b387-4610-981b-fbb91840da4d,paul-munter,Paul Munter,queued,
6ef6dd0e-dd4a-432b-8122-3170b2e860ab,paul-nakadate,Paul Nakadate,queued,
52cc461e-389c-4667-b630-ecacbc759474,paul-nikolajchyk,Paul Nikolajchyk,queued,
7b4ed042-4ced-4b42-8184-5633f40857d8,paul-oznik,Paul Oznik,queued,
303c96bb-6a23-4d3c-9166-3be1346f6e40,paul-pfeffer,Paul Pfeffer,queued,
cb85580e-5187-4b39-9a12-e74f2087b973,paul-r-strout,Paul R. Strout,queued,
8c8af38a-d82b-4d28-a706-0ebf08d06378,paul-rack,Paul Rack,queued,
5041c9a6-f2e8-4727-971d-acbcdd2253b6,paul-rosenkrantz,Paul Rosenkrantz,queued,
11c97006-fa04-4f45-a28f-d483d47e29e1,paul-sandargos,Paul Sandargos,queued,
88168141-b1d1-4e8c-bd93-b39495ccc670,paul-vogel,Paul Vogel,queued,
d260b8b2-94c7-4a4f-99a8-e602a462779c,paul-wright,Paul Wright,research_pending,Initial encyclopedia image-index search completed; no verified portrait selected. Broader research remains.
6d3903e9-a11b-450c-9745-95312bf47100,paul-yaskar,Paul Yaskar,queued,
7229a339-fab5-4ca8-861c-1c530600f0b1,paul-yuditch,Paul Yuditch,queued,
d6e07742-f603-40b3-b7cf-e1a2b53ec595,paula-jakobi,Paula Jakobi,prepared_batch259,Verified portrait prepared; deployment not yet confirmed.
c53ff25e-eb6e-416e-9dbb-d72ffa5c3cb8,pauline-feuer,Pauline Feuer,queued,
f4e7c21b-fb2e-45c4-bac0-d8accd9dc569,pauline-portugalo,Pauline Portugalo,queued,
0f348734-868b-44c5-814f-3f2cdd638160,pavel-grib,Pavel Grib,queued,
2d3c2bbf-29eb-468e-b140-210e23b81c9f,pavel-konavalchuk,Pavel Konavalchuk,queued,
2f435e43-5d6d-41fb-be79-a13cd02b1c00,pavel-konon,Pavel Konon,queued,
2ee48eaa-184a-4bd0-a926-73e125ba0502,pavel-krachie,Pavel Krachie,queued,
05653dba-223e-4947-80de-3bda3ad17a9a,pavel-krupka,Pavel Krupka,queued,
c0ee53aa-06bf-42be-8978-e832ec71af56,pavel-manko,Pavel Manko,queued,
aa3db337-abc1-4e78-81e8-6fabd8c36af5,pavel-martinov,Pavel Martinov,queued,
7b1debcc-613e-4089-a065-ad4cc3a92f62,pavel-melnikov,Pavel Melnikov,queued,
58ab2362-5d15-45f7-be80-0e78954448cb,pavel-mozuris,Pavel Mozuris,queued,
8fb2b8dc-080e-4341-afcf-a892a4ed22e5,pavel-nestoruk,Pavel Nestoruk,queued,
9714221d-2d26-4202-bfc9-777ef3562028,pavel-pankov,Pavel Pankov,queued,
6159f1c4-69a2-4d1e-be4f-8b4f47151e10,pavel-yakimov,Pavel Yakimov,queued,
9d277469-e622-49de-86d5-5b068f050c63,payson-miller,Payson Miller,queued,
b815b17b-91fd-4ed7-b32a-23ae274900ed,pearl-bartlett,Pearl Bartlett,queued,
402edce9-4970-4803-9f20-50e6e976e503,pearl-edison,Pearl Edison,queued,
035fccb3-1531-4456-8081-47687c755375,pedro-alicea,Pedro Alicea,queued,
72ad12fb-c4b9-4886-811e-a5285724011f,pedro-antonio-rios,Pedro Antonio Rios,queued,
707809d0-7075-4808-81f6-686383308e33,pedro-archuleta,Pedro Archuleta,queued,
a6e972fc-571a-482a-8517-4d47e2b7fe7f,pedro-colon-almenas,Pedro Colón Almenas,queued,
c3b3e3f5-cbd1-4a8b-a9c4-e28e43b96438,pedro-erando,Pedro Erando,queued,
f352476a-bf80-4494-9902-63b0221209a6,pedro-gonzalez,Pedro González,queued,
35df06e0-200b-4bb8-bb2b-c3045009362a,pedro-hernandez,Pedro Hernández,queued,
2993c5dc-6345-489c-b8b5-e8c836fc9d01,pedro-ivan-parrilla,Pedro Iván Parrilla,queued,
29b75e04-fba4-47bf-a5f2-970c1c309510,pedro-jose-muniz-garcia,Pedro José Muñiz Garcia,queued,
984c97c6-32ae-47e0-86bb-56817aed0075,pedro-juan-mendez,Pedro Juan Méndez,queued,
aaa75540-0783-49d7-8328-9ab494876ac8,pedro-perales,Pedro Perales,queued,
17fa0050-e796-4ff3-9eee-858b27e578d8,pedro-zenon-encarnacion,Pedro Zenón Encarnacíon,queued,
73df4ee9-89d1-4c2f-b98e-a58e7b85bc9d,peg-millett,Peg Millett,queued,
4fd37e59-6a4f-42d8-afa4-2d2e944a551e,peggy-baird-johns,Peggy Baird Johns,queued,
1205a937-15f1-46e7-a754-567d8276745a,peggy-wellman,Peggy Wellman,queued,
2758e048-55db-47d5-980c-8d4b18025197,pelaga-popovska,Pelaga Popovska,queued,
f843cc4b-33f8-4e24-a383-477ac43a0f80,per-laursen,Per Laursen,research_pending,"Rejected lead: encyclopedia image depicts a darts player, not the conscientious objector."
52eac8d4-985a-467e-8ec6-489c732c3c71,percy-h-peters,Percy H. Peters,queued,
23340902-24e9-4807-8bbe-4667f9f0d9f1,percy-irvin,Percy Irvin,queued,
95bcd326-435f-4bbc-bf79-8e77edbc0293,perley-j-burns,Perley J. Burns,queued,
a9263341-950e-42b7-9034-5ab03b02df2b,perry-sturges,Perry Sturges,queued,
4c2f6157-16f8-477d-a142-72dad2b95c74,pete-carbonay,Pete Carbonay,queued,
3683c68b-a24e-40d0-a73e-f26cd20010b4,pete-ervik,Pete Ervik,queued,
d826e9da-e2ef-43f1-ac65-7c23cf9ba7ae,pete-jugrine,Pete Jugrine,queued,
81c1520c-cdb7-4202-962a-0156a616408c,pete-lesko,Pete Lesko,queued,
4b544ec0-1e40-4b70-80e6-ade77518c4a2,pete-mcevoy,Pete McEvoy,queued,
920729d8-ed47-4e9e-978b-fa42e9d33add,pete-radocowich,Pete Radocowich,queued,
ffb28e91-29d0-4ee9-8796-98f8a8e999c9,pete-turney,Pete Turney,queued,
03d01c4d-4dd2-4f5d-a578-8957954922d2,peter-anderson,Peter Anderson,queued,
6bfb5531-b6d7-48a7-b2b9-8fa97fa09a19,peter-bonko,Peter Bonko,queued,
0e40a77e-fa1d-4825-9d1a-59bd08dc1c5e,peter-dakin,Peter Dakin,queued,
db7678cd-bb52-4529-9d4a-dc249f119895,peter-darck,Peter Darck,queued,
5dca5a98-730c-4653-b218-c1204aba3d30,peter-dirks,Peter Dirks,queued,
39a35d6a-10f5-4748-aa67-9286b4c85b1b,peter-dolgay,Peter Dolgay,queued,
83b64f99-0ef4-4b4a-acab-8a9a3c0bb7ed,peter-dubovik,Peter Dubovik,queued,
54302ab7-f3a8-42da-a5d6-ebd9f9697785,peter-fordi,Peter Fordi,queued,
a410febd-1318-4cae-9a9f-f3e34d380d99,peter-gelderloos,Peter Gelderloos,queued,
abbf1977-e132-4d20-b404-b2a3505f8a9b,peter-green,Peter Green,queued,
c852a49f-fb04-40bc-99ce-ffb7b867a997,peter-grimm,Peter Grimm,queued,
bb1b9298-64fe-4bd9-b347-47140ec821bd,peter-harisiades,Peter Harisiades,research_pending,Initial encyclopedia image-index search completed; no verified portrait selected. Broader research remains.
eecd3a54-85b4-4de3-976b-1bd883cc1fbf,peter-harry-stoner,Peter Harry Stoner,queued,
6be30190-e219-4922-85f5-3eed18d888c9,peter-heppner,Peter Heppner,queued,
3ac4c90c-3883-4fdf-9c05-02b4ce49c76e,peter-herasevich,Peter Herasevich,queued,
79b97922-cdda-40c3-9738-8caf889fb9b5,peter-hiebert,Peter Hiebert,queued,
98246608-a9b5-46bb-bf83-8fedc5f639b9,peter-holzmacher,Peter Holzmacher,queued,
a257aab3-9f83-4b11-8bb9-1cc1f157116d,peter-hydamachuk,Peter Hydamachuk,queued,
e6d965e3-e6f2-43d6-850a-0eb470b90b76,peter-j-quiring,Peter J. Quiring,queued,
17ff7cf6-3138-41d5-b058-f13d481dfc02,peter-j-unruh,Peter J. Unruh,queued,
0cf54917-8ae3-4eda-a5cf-14d12608d79e,peter-james-yeager,Peter James Yeager,queued,
328192bf-9d73-41d9-9aac-42ad19fa6af2,peter-john-gabriel-mcmullen,Peter John Gabriel McMullen,queued,
47f46472-8367-4ce6-985a-924e533d0f78,peter-johnson,Peter Johnson,queued,
1e201e1d-d883-4151-8b04-89f9fac38fd1,peter-kraus,Peter Kraus,queued,
12420d77-cea4-46e5-8ddd-0092aeb57323,peter-krawchuk,Peter Krawchuk,queued,
be48e05a-8676-468f-bcf5-14e22cf6bf84,peter-linecky,Peter Linecky,queued,
c3b8512d-53e5-4fe7-b121-ea5f5d896dd7,peter-lisle,Peter Lisle,queued,
07c533dd-9b23-44af-a494-156ec1a86798,peter-lynch,Peter Lynch,queued,
75f5e1b9-9b1e-44e8-bb5f-64bc7bbcc05a,peter-m-waldner,Peter M. Waldner,queued,
9c673999-4613-4d9a-a8d2-df266800b530,peter-mahoney,Peter Mahoney,queued,
6e00d27e-27ac-415b-8d2d-82e0f2ec3d66,peter-masukas,Peter Masukas,queued,
b0c4f004-b9e4-4386-95f9-26a67336d73d,peter-mchugh,Peter McHugh,queued,
16804bec-be8f-4a5d-ae5a-717fea229de2,peter-melcishik,Peter Melcishik,queued,
0cde64c8-a359-4c73-ae8e-48e2cb762664,peter-moloishik,Peter Moloishik,queued,
2378e2c4-a9fe-4b87-9b4a-272534769540,peter-norwood-duberg,Peter Norwood Duberg,queued,
5c597f05-46aa-489f-9150-21a25498df15,peter-novokov,Peter Novokov,queued,
704ef6f5-249c-4d11-b1e1-a27650ffa987,peter-p-banaitis,Peter P. Banaitis,queued,
296a7dec-b723-4472-87cd-c7744b35d625,peter-p-dirksen,Peter P. Dirksen,queued,
b5515881-e818-4dff-b65c-2ab69114756b,peter-paich,Peter Paich,queued,
5d13c749-16be-470f-9dcf-cf5be91e0a32,peter-panagopoulos,Peter Panagopoulos,queued,
edd6e584-7eb0-440a-8c00-5aed4e6e0c37,peter-passes,Peter Passes,queued,
5ec4ae74-3611-4b7e-b804-5d4118ef2aad,peter-pavlas,Peter Pavlas,queued,
13aa1325-99d7-4c9f-9c3d-75397e66ee0f,peter-perruchon,Peter Perruchon,queued,
dfa7ea6b-5441-48b5-8e86-1b698efa0212,peter-randolph,Peter Randolph,queued,
0a09d6a0-93f0-4362-a075-46ec08f3b286,peter-rasmussen,Peter Rasmussen,queued,
17622565-88cf-49fa-b8e5-6b36628303e4,peter-schellbach,Peter Schellbach,queued,
31992f0d-0bef-4ed0-ad98-10e5191ffcdf,peter-schnell,Peter Schnell,queued,
ec69b44b-0d59-43cf-a97e-19573633cb9c,peter-siepka,Peter Siepka,queued,
31a41d0c-132b-4531-906e-d333ed671f86,peter-simmons,Peter Simmons,queued,
cc048e17-7002-4dda-ab45-2f65e85905e1,peter-siniavski,Peter Siniavski,queued,
110c4853-0dbd-46f0-801b-1cc4623740c9,peter-skrigan,Peter Skrigan,queued,
a1d3bc64-8a7e-4a38-8383-cd48d023dde2,peter-skudney,Peter Skudney,queued,
7af6751b-7db8-4a93-9020-44811110614d,peter-solocha,Peter Solocha,queued,
b0a0541d-3104-4672-a03d-1c922bcafd4a,peter-thompson,Peter Thompson,queued,
6db58a00-789d-433b-8897-e59d0bf0d75b,peter-urgel,Peter Urgel,queued,
02799555-aaee-49a8-8527-4efc43226932,peter-urkevich,Peter Urkevich,queued,
454c29b8-a42e-4322-8e2e-2cf2859b0f1e,peter-voloshin,Peter Voloshin,queued,
c78b6e66-7d46-4d03-902e-559932301aa9,peter-w-pankratz,Peter W. Pankratz,queued,
15da5a77-b03f-43b7-91bc-627c457b71f1,peter-warhol,Peter Warhol,queued,
bc8e845d-7487-49ef-bb27-89e44f680f00,peter-wimmer,Peter Wimmer,queued,
d4feb0a4-6733-46a5-8ebe-03c24e73b530,peter-wukusick,Peter Wukusick,queued,
44628d16-af20-4605-b232-5433d6aac9ab,petr-ivanovich-mironovich,Petr Ivanovich Mironovich,queued,
72ec68eb-b3ed-41c9-8232-521884cffd3c,petr-novik,Petr Novik,queued,
5e1afe29-aacd-45a1-8622-6e94c2dec554,petr-stepanovich-savko,Petr Stepanovich Savko,queued,
51eb8788-3036-43cf-aedb-21d0a6e730eb,petra-barreras-del-rio,Petra Barreras del Río,queued,
75857e99-f42f-451c-ae50-c73153b4eb32,petros-lezos,Petros Lezos,queued,
9423d24d-0242-4c5c-b04a-d0d403f69161,petros-moutsos,Petros Moutsos,queued,
7f6a9b0b-cf11-4987-ae05-3d6a39901d43,phan-nguyen,Phan Nguyen,queued,
4cbc0766-bad7-4a4d-b492-a3cc15308212,phil-bart,Phil Bart,queued,
8e37d7df-1566-44d1-918e-1d87751adcf0,phil-mclaughlin,Phil McLaughlin,queued,
6d2b5fc1-dc21-49f1-9f86-35bdf5f8186c,phil-schatz,Phil Schatz,queued,
b819c1ec-35d4-411d-a5e5-9233e3ed7b9c,phil-shinnick,Phil Shinnick,queued,
47da4521-cdc8-4f5d-b6d9-5f66027c8dc1,philip-allen,Philip Allen,queued,
8fa9f8bf-f071-4299-971e-ab59805a4d6e,philip-b-grossner,Philip B. Grossner,queued,
7154d18b-5d90-4e99-9ac6-aacb2f62eec2,philip-bart,Philip Bart,queued,
648d41a2-28d1-40b6-8d7f-c3dbeb5baa30,philip-caplovitz,Philip Caplovitz,queued,
e4ee3dbe-0329-4389-a8fb-6dd8f1183284,philip-chinn,Philip Chinn,queued,
660ebd4a-219e-4028-ad94-8d68669107ca,philip-connelly,Philip Connelly,research_pending,Initial encyclopedia image-index search completed; no verified portrait selected. Broader research remains.
e96c733e-23aa-4cc4-a5d9-ead2eba169e4,philip-feldman,Philip Feldman,queued,
6a047f57-d6c0-49e7-a6ff-6c1443927346,philip-giambattista,Philip Giambattista,queued,
6f91d7c4-e0ce-4158-9778-846416452e97,philip-golishko,Philip Golishko,queued,
200255a1-d541-4b4f-b1b1-636ca9dc174b,philip-grosser,Philip Grosser,queued,
efc3c0dd-b69c-4f77-b577-225d7dafb90c,philip-h-pound,Philip H. Pound,queued,
8bac997c-950a-48dd-8adc-9cc687a5a77e,philip-i-hanser,Philip I. Hanser,queued,
a22d22be-6a61-4146-8f72-4e22e96fa3d7,philip-i-hauser,Philip I. Hauser,queued,
20dc0a58-d47f-4f05-9154-95faf5befc30,philip-lester,Philip Lester,queued,
59705891-72eb-4785-b5ae-aa1c9083ab0c,philip-masonovich,Philip Masonovich,queued,
a9a1cf45-7fb9-484c-9b80-20dca34056a8,philip-pritchard,Philip Pritchard,queued,
a93cab2c-4771-403c-a89e-0485836c8cdd,philip-raymond,Philip Raymond,queued,
48446f3a-8631-4146-9594-557e8fab9e2d,philip-vigol,Philip Vigol,queued,
a9a80342-8ddd-431c-ab60-49ef798c3fcc,philip-wigle,Philip Wigle,queued,
c7301060-f91a-4acd-a496-806bba420d3f,phillip-allen-flagg,Phillip Allen Flagg,queued,
3f91ebf1-179e-4695-a4ea-f8cfe6bfc794,phillip-caplowitz,Phillip Caplowitz,queued,
bee45e45-7595-474a-89a3-c0eafefcb55a,phillip-desch,Phillip Desch,queued,
ddae1575-e76c-4cb7-8555-96ecb9c67ee9,phillip-mellman,Phillip Mellman,queued,
216767a3-f382-4f87-8bcd-d4b1c7af8c42,phineas-bond,Phineas Bond,queued,
1e0a22f4-f6f1-4add-8300-f2d74a184bac,phoebe-c-munnecke,Phoebe C. Munnecke,queued,
9fffd624-df05-4caf-92b6-e8241adc62e6,phoebe-persons-scott,Phoebe Persons Scott,queued,
2571abc6-ba66-41d0-b646-69063518da71,phoenix-feeley,Phoenix Feeley,queued,
6e9900c9-9e1d-448c-9bfe-6a16ad1fa5bf,pierce-c-wetter,Pierce C. Wetter,queued,
ff082d5a-e129-4fff-92da-255bdda43c6a,pierce-white,Pierce White,queued,
d53cded6-27ba-4cbb-bf00-8b1c5a8c27af,pierre-jans,Pierre Jans,queued,
40074036-0af4-4801-8e2b-10e93b733dfa,pietro-nigra,Pietro Nigra,queued,
cdcdada4-8af1-4c74-a58d-4a900858eaf6,piotr-mager,Piotr Mager,queued,
eb377271-9245-4d60-8c35-92055f4c3105,piratheepan-nadarajah,Piratheepan Nadarajah,queued,
d311c86b-19bb-4381-8b12-cc4d94f86c95,platon-prokuda,Platon Prokuda,queued,
08324ef9-9577-4fce-9a8b-67a82336cc1f,platon-surdonowitz,Platon Surdonowitz,queued,
e8f2a110-35c4-4719-8d06-216595392dde,pless-thomas,Pless Thomas,queued,
7b7bad3e-9a56-4dcb-8209-e3e9e2bb1af9,plinio-graciani,Plinio Graciani,queued,
cad202a3-ec58-4478-abd1-be2d6a451d22,pol-brennan,Pol Brennan,queued,
8414bcf1-2cc2-477d-abb2-2493e1e43e7b,pol-dhuyvetter,Pol D'Huyvetter,queued,
ec85a185-2770-4481-b4f6-1ede0c1595ea,polly-h-mann,Polly H. Mann,queued,
ea200a31-c4ba-4ad4-ba24-b6796e3e3140,polychronis-paschalidis,Polychronis Paschalidis,queued,
f13638e4-6892-4704-bc92-f206851d608d,ponce-torres,Ponce Torres,queued,
ef945f35-97ab-4e36-8c0a-3db393ebe1f3,popp-janssen,Popp Janssen,queued,
52119235-0612-47ce-ac4c-bd574396dd40,poppo-janssen,Poppo Janssen,queued,
9218121f-d197-4342-b2f4-957e1f67af29,porfiry-onishchenko,Porfiry Onishchenko,queued,
7b6186b7-1b1a-4800-8e4d-f9148cd1dc40,pratheepan-thavaraja,Pratheepan Thavaraja,queued,
ec293c69-28b0-4b39-a447-1e0df038795c,preston-huteson,Preston Huteson,queued,
65e0a65e-ebb6-4b54-a2be-7a8f74dd96ba,prisciliano-g-silva,Prisciliano G. Silva,queued,
4bbd0c4a-8cc2-4cd0-a724-d0e4c1bb8b0f,prokofen-savach,Prokofen Savach,queued,
8c801783-4f4b-44f1-899b-a883d417569c,prokopy-losiov,Prokopy Losiov,queued,
6eabf9d4-9faa-4303-abe5-9eed8efb68eb,praxedis-g-guerrero,Práxedis G. Guerrero,queued,
82b61acf-cd34-4de5-9b09-de125d8383a6,q-b-mccain,Q. B. McCain,queued,
7ebe7d00-e208-4ec0-9926-8876f81fe86a,q-hahn,Q. Hahn,queued,
5c2ceefd-d21a-4d9f-96ce-9f36eb9c3612,r-a-gibson,R. A. Gibson,queued,
6b9dc3b6-5a02-4fc7-b2e0-7f5522b961b0,r-f-lahnemann,R. F. Lahnemann,queued,
4dbe1f70-b7e8-49f7-b37d-abbfc3596f27,r-j-blame,R. J. Blame,queued,
96c65ea5-6529-420f-900b-6fb6604f3d65,r-j-bobba,R. J. Bobba,queued,
3c4e226a-2706-4d57-a240-71c93e827678,r-kuilmen,R. Kuilmen,queued,
950ea87e-76a8-40a0-a97a-be068c01a193,r-l-butler,R. L. Butler,queued,
451df0c7-32ee-4cbf-9470-6d46e9413ead,r-quackenbush,R. Quackenbush,queued,
0920582a-eed2-4e02-8173-11438fa2c383,r-r-hoffman,R. R. Hoffman,queued,
4262b0f5-c5f2-412c-a0f3-88c615711a39,r-v-lewis,R. V. Lewis,queued,
15ea5c7a-d432-4345-ba4e-38084e5317e6,r-v-taylor,R. V. Taylor,queued,
218bb632-4d55-45ee-be89-b88eb839f825,rg-givin,R.G. Givin,queued,
81bfa891-5f57-4472-939e-7226968de177,rachel-louise-hayward,Rachel Louise Hayward,queued,
5374456a-0d15-40ee-aa5e-a15bf1ef4154,rachel-montgomery,Rachel Montgomery,queued,
94b4c284-7038-478b-a920-e4471e7c7f45,rachel-wenham,Rachel Wenham,queued,
30222777-99fc-4865-aa4d-70e07969bed9,rade-radekovitch,Rade Radekovitch,queued,
d803333b-7d54-4fac-bd10-07108fb7a964,rae-kramer,Rae Kramer,queued,
3edfba6f-6003-4be4-93de-29fd2c30e190,raekwon-dac-blankenship,Raekwon Dac Blankenship,queued,
a642eba1-0ce6-470e-9130-985e7383cbac,rafael-cancel-miranda,Rafael Cancel Miranda,queued,
2cd20a22-10cf-480a-903e-9a454177cc7e,rafael-feliciano,Rafael Feliciano,queued,
e0f7d08a-a8b3-451d-903a-e8e767fb2209,rafael-gomez,Rafael Gomez,queued,
a824e2fe-a4db-4513-ada1-352ac166ce64,rafael-lopez,Rafael López,queued,
f5bc272c-1c87-42c6-9e6d-746f7bca9e78,rafael-ortiz-pacheco,Rafael Ortiz Pacheco,queued,
cabc1fcb-0860-45df-a591-b9bbf61dd482,rafael-perez-torruella,Rafael Pérez Torruella,queued,
48439f0a-d324-4367-9cb7-e34a08a18978,rafael-angel-rivera,Rafael Ángel Rivera,queued,
3c800543-69b1-40ff-9cf2-ce66e97a8e23,raisa-nemikin,Raisa Nemikin,queued,
03de0a44-cbfb-4913-9dc9-33ea33c9b56a,raissa-browder,Raissa Browder,queued,
b70d795e-7b1d-4c4c-a0c7-a0afd765d01d,ralph-cooper,Ralph Cooper,queued,
91fbf824-f8ee-484f-b0de-c4483b955d77,ralph-di-gia,Ralph Di Gia,queued,
dc154db5-369c-41af-8405-ecc045c32a6a,ralph-digia,Ralph DiGia,queued,
7fe7f3ec-9a8f-4330-86b4-a4faddd65962,ralph-edward-washington,Ralph Edward Washington,queued,
15350b60-7d82-40c2-be59-cb71d578e7a1,ralph-holmes,Ralph Holmes,queued,
7c248ec9-e899-4117-bbc5-b8774a687de1,ralph-plumb,Ralph Plumb,prepared_batch259,Verified portrait prepared; deployment not yet confirmed.
6a23f574-a64d-4b98-ab17-00a5f086a2ee,ralph-s-harald,Ralph S. Harald,queued,
853e24a8-aa70-4461-a95f-06e8e8be6b8a,ralph-stoltzmann,Ralph Stoltzmann,queued,
bd266cd8-4868-424f-9a26-d444a07d9c46,ralph-w-allen,Ralph W. Allen,queued,
3bd91e43-d8ed-4ed9-954d-f9575f1d6fc4,ramanan-mylvaganam,Ramanan Mylvaganam,queued,
015d7a9b-fbba-4dcd-87fd-9af5cc0c0067,ramon-chacon,Ramon Chacon,queued,
350bdd51-07b0-44d0-a70d-d455dddce1d6,ramon-mirabal,Ramon Mirabal,queued,
6e60b5b2-3690-4dcd-add4-b401b2273958,ramon-tancioco,Ramon Tancioco,queued,
24485dae-ed4f-4c08-a121-5c012903a749,ramon-alicea-flores,Ramón Alicea Flores,queued,
b6037e75-6953-4ab8-9ac4-0a419627d953,ramon-sanchez,Ramón Sánchez,queued,
f7cd78d3-12a1-4c60-83e2-c8efb44ebc58,ramon-torres-delgado,Ramón Torres Delgado,queued,
f00c84ca-6796-4d22-8429-ccc7610858dc,randall-duncan-stezer,Randall Duncan Stezer,queued,
adfdef58-4622-45f1-8e2a-c6604f03502a,randolph-gaston-payne,Randolph Gaston Payne,queued,
8d314204-859c-44bf-af38-a5abe5fa56ed,randolph-jennings,Randolph Jennings,queued,
2f4cc9a9-aaaf-4a24-a3ea-581df48fee88,randolph-kilfoil,Randolph Kilfoil,queued,
802a5ab4-0a70-4afa-9fab-8fc70c9508a2,randy-rowland,Randy Rowland,queued,
c8ce7755-5cca-4396-b431-45594a102ed0,raphael-kwesi-joseph,Raphael Kwesi Joseph,queued,
e1ca2c1d-21a8-4b9d-844f-949a36d97e32,raphael-shaw,Raphael Shaw,queued,
ed062329-fd42-468d-8ed5-016ab1f6a4ba,rasha-alawieh,Rasha Alawieh,research_pending,Initial encyclopedia image-index search completed; no verified portrait selected. Broader research remains.
b2655d45-e3db-43d3-847e-464c32b476f6,rasmus-jacobson-solen,Rasmus Jacobson Solen,queued,
85a60d09-8a4f-4fc8-afdf-7437141678ab,raul-guzman,Raul Guzman,queued,
5dd0d8c9-7c6f-4833-a6bc-78e006e08730,ray-baker,Ray Baker,queued,
2b7af6e4-824d-4d04-a7ab-6fe3b10ad28f,ray-boudreaux,Ray Boudreaux,queued,
2c1225cf-6684-40f7-87a8-ecb4e2142e55,ray-carlson,Ray Carlson,queued,
30f11d75-f7c8-4703-ae2e-553e7cc3cb38,ray-corder,Ray Corder,queued,
c71f44ac-35d5-4989-b13e-65118c90d94e,ray-lee-patterson,Ray Lee Patterson,queued,
850a0d99-9696-4042-819a-d1f26c39048c,ray-m-miller,Ray M. Miller,queued,
eb4b2177-b91c-42cc-9eaf-4a6661036523,ray-metzler,Ray Metzler,queued,
13504c11-9b39-41e7-a2f2-4dc550045630,ray-peltz,Ray Peltz,queued,
5adc1262-452b-4182-9d74-0d84aa31c8ec,ray-s-fanning,Ray S. Fanning,queued,
5cb7f452-b2e0-4e67-9ab9-94231bf97f4b,ray-trafton,Ray Trafton,queued,
16d4a006-c3c8-44e6-a676-11ac5f473073,raymond-a-northrup,Raymond A. Northrup,queued,
33dd5820-62eb-4a40-ac1d-64e3e13c8af6,raymond-b-randolph-jr,Raymond B. Randolph Jr.,queued,
8c306c5b-4524-4268-a083-aadf32adf65e,raymond-dennis,Raymond Dennis,queued,
cea993cc-b51c-46a6-8b20-01060cfb2e6f,raymond-johnson,Raymond Johnson,queued,
e0ed91d3-27cd-4e34-af8c-d2f9f3178b5a,raymond-mcsurley,Raymond McSurley,queued,
309eb37b-4ac2-4e36-858b-b5a73b32c90e,raymond-michael-surya,Raymond Michael Surya,queued,
b1402a5e-6a78-4ec4-a7d5-58a847003ae3,raymond-peoples,Raymond Peoples,queued,
215be193-c7f6-4547-afbc-9c549d6bb0ad,raymond-prieur,Raymond Prieur,queued,
5590d313-6624-44ea-988d-a37ed657e037,raymond-sumter,Raymond Sumter,queued,
e4f508ca-43f7-40d9-9f74-f1132d3f1021,raymundo-cano,Raymundo Cano,queued,
8ce743fc-53d6-474f-a14a-59360b50550e,raynaldo-rivera,Raynaldo Rivera,queued,
b23a05bd-5f73-4017-8605-334cba4cbe84,raziel-azuara,Raziel Azuara,queued,
be3dec25-df51-47ee-a376-e25d544ce2e2,raul-diaz,Raúl Diaz,queued,
5e766652-84d1-4179-9fde-7e61aee7f8c1,reba-gomborov,Reba Gomborov,queued,
05d648fd-6ac5-4c3d-9980-77d0530a04cd,rebecca-grecht,Rebecca Grecht,queued,
2df72e98-51a0-4ef5-b07e-cbb342be24e8,rebecca-kanner,Rebecca Kanner,queued,
e310a37d-895e-4704-8d32-317300d87716,rebecca-m-garrison,Rebecca M. Garrison,queued,
33ccc540-3c96-48be-bc6a-2a07b6bc1e76,rebecca-maisenberg,Rebecca Maisenberg,research_pending,Initial encyclopedia image-index search completed; no verified portrait selected. Broader research remains.
d4b77867-a959-4d39-9e03-345830ffa81d,rebecca-winsor-evans,Rebecca Winsor Evans,queued,
cd4e4a75-1c5c-4e36-bcea-2fedec1dd581,red-hawk,Red Hawk,queued,
7cdad867-59d5-450b-80f9-0adf4937d450,refugio-martinez,Refugio Martinez,queued,
d9b65a8f-6c04-4243-915b-e9e5c7f7374f,regalado-miro,Regalado Miró,queued,
7e63998a-d69b-4f87-b9c7-eb1a41fd9d15,regelio-garcia,Regelio García,queued,
f8d3a51a-5a74-400c-8704-78d24ff91d96,reginald-leftwich,Reginald Leftwich,queued,
86b6efb1-77c4-4b04-b5e8-421cd658940a,reginald-thomas,Reginald Thomas,queued,
5586e392-43f6-41dd-a506-4deba9bca96f,reinaldo-ramos,Reinaldo Ramos,queued,
27a7e79e-98d8-4eec-9aeb-87c91fc4bb33,reingold-sass,Reingold Sass,queued,
d53bfdcf-4794-44fb-84d1-2c31a9f345a9,reinhard-rusli,Reinhard Rusli,queued,
17ac5511-1877-4bfa-af65-bfc0ca960c32,reinholdt-frank-lah,Reinholdt Frank Lah,queued,
9e924320-8827-4751-9080-bfcaaa493711,ren-metzler,Ren Metzler,queued,
8b1cfa81-d95e-4afe-8f78-edf6aedb107d,rena-mooney,Rena Mooney,queued,
643194fe-6485-4b18-a61f-1d331b71b152,rene-christopher-bracamonte,Rene Christopher Bracamonte,queued,
40d11a25-12ab-4916-ba94-0acc4c503612,renea-goddard,Renea Goddard,queued,
796c6ac8-7302-4bf8-a508-ff196f237aac,reuben-crandall,Reuben Crandall,queued,
be20df80-2930-4c38-9be2-3e2de9930b02,reuben-j-eash,Reuben J. Eash,queued,
f1f5800b-0f05-4671-bbc4-1626bd3069ae,reuben-ship,Reuben Ship,queued,
fea925f5-24d7-45b7-8b88-94c87bb9e01a,reuben-taylor,Reuben Taylor,queued,
e8c39da3-4b88-45b1-8117-ae154d782274,reuel-amdur,Reuel Amdur,queued,
5fae9900-a366-4b4b-b82e-1435631c8e22,rev-david-gerdes,Rev. David Gerdes,queued,
fab8de07-e957-4b5d-a009-f26140593a30,rev-jeong-yeon-gil,Rev. Jeong Yeon-Gil,queued,
69e3570b-a105-4488-9ca9-121f91eb31bc,rev-walter-a-werth,Rev. Walter A. Werth,queued,
c3be100c-892e-480d-929a-af56e38f901d,rexford-powell,Rexford Powell,queued,
9c11740c-222c-46ed-973c-b55fbcc0a4d8,reynaldo-acevedo,Reynaldo Acevedo,queued,
4478d023-d8d8-44dd-a21f-baebbe700e58,reynaldo-salivas-gonzalez,Reynaldo Salivas Gonzalez,queued,
5e7f6f1c-bd19-42e4-8b8d-8e8ce311b070,reynand-ortiz-feliciano,Reynand Ortiz Feliciano,queued,
7446a5aa-a990-454d-8ab2-3f3ecdb56a43,reza-sarhangpour-kambiz,Reza Sarhangpour Kambiz,queued,
d110d5b1-d887-467d-8e07-9a2a116bd717,rhoda-kellogg,Rhoda Kellogg,queued,
fa65e8a2-ba3d-4c9c-8845-6a4ea0240b38,ricardo-chavez-ortiz,Ricardo Chavez-Ortiz,queued,
4e9346f1-0890-403e-bfc3-04bd3d2b3459,ricardo-densmore,Ricardo Densmore,queued,
fb0682c4-102f-427e-8f1b-ec305769fa9c,ricardo-espada-rosado,Ricardo Espada Rosado,queued,
e842107e-3c6a-414d-b264-cfa0bccf13ab,ricardo-jimenez,Ricardo Jimenez,queued,
ba2cd4b2-818a-4b68-b36a-1faa1de68537,ricardo-romero,Ricardo Romero,queued,
c2aaf59b-f231-48ef-a0d2-ccc245a9d2ac,ricardo-santos-ortiz,Ricardo Santos Ortiz,queued,
550cb53a-7602-4fe3-bc28-115d5de7896c,richard-a-carlson,Richard A. Carlson,queued,
97b5f700-3c1b-4b26-b896-c4192fdbac9e,richard-bendig,Richard Bendig,queued,
8760627c-5b82-4bd4-839f-ae7c3a6d1cb4,richard-brazier,Richard Brazier,queued,
dc9d8564-bd7e-4d21-8fbd-48079b931f7c,richard-brown,Richard Brown,queued,
e17255c2-83f0-4831-8544-88baf6efaeea,richard-bunch,Richard Bunch,queued,
657a4328-4170-49ea-ac92-0f0cc30c7a58,richard-crowder,Richard Crowder,queued,
d9f9f45b-d446-47d1-a4f0-93cea81985b2,richard-delaney,Richard Delaney,queued,
f0a7c4c1-8db7-489f-855e-6eda499a284a,richard-drake,Richard Drake,queued,
3ce49490-3a2c-438d-b34b-1a014086f735,richard-duncan,Richard Duncan,queued,
868fef22-0c93-4e5c-ba62-63cb245d43c1,richard-edwards,Richard Edwards,queued,
50a693a7-d799-4b34-bc31-0b3c32987b11,richard-eells,Richard Eells,queued,
12b7651b-73b7-4a08-8483-917e49c58ec9,richard-frank-parker,Richard Frank Parker,queued,
d2ba1fee-55a2-4c34-a888-b6b0350d2019,richard-gentile,Richard Gentile,queued,
61e4a9b8-c29c-4064-9aa4-965937e5e59e,richard-harris,Richard Harris,queued,
756ec48e-7581-4e4d-9003-995aea0356c9,richard-john-kinane,Richard John Kinane,queued,
46f48c7b-43f3-4d74-85cc-88e82d7b2e32,richard-johnstone,Richard Johnstone,queued,
ec7bea28-c169-4c8e-816b-2554e4402bbb,richard-joseph-klimek,Richard Joseph Klimek,queued,
de317570-3ed9-4fe5-a542-2616a1bfa494,richard-leroy-gleason,Richard LeRoy Gleason,queued,
a057fc60-640b-4b64-9ad4-c2c0993bf272,richard-m-ring,Richard M. Ring,queued,
31853249-d328-4d76-8061-395766a6b571,richard-marshall,Richard Marshall,queued,
3af7d709-0105-4596-8f9d-7485775c1bfa,richard-miller,Richard Miller,queued,
28ae16e3-cd75-4b0f-877a-2f9127de4e9f,richard-moses,Richard Moses,queued,
db8c001b-11d2-41d3-8a42-ec807e8e070f,richard-oneal,Richard O'Neal,queued,
dece761e-7150-4b59-8ec2-0fc357062852,richard-racklin,Richard Racklin,queued,
5533b199-7527-4d62-8cfc-2bf9561a6ece,richard-schell,Richard Schell,queued,
a3b59adc-24ec-40ca-bc2a-238a9d477b8f,richard-streb,Richard Streb,queued,
0f1bafcc-6c1a-4ccc-8a31-78256d47d9c0,richard-thompson-el,Richard Thompson-El,queued,
68e5486a-9c67-4667-ba04-ef28dbf705a3,richard-timothy-hernandez,Richard Timothy Hernandez,queued,
4b544847-23bc-4968-9724-feaf12a3b4ae,richard-wichlei,Richard Wichlei,queued,
57cccf83-de90-439b-9e2d-23ac6dc6b95b,richard-wichlein,Richard Wichlein,queued,
6f21e84e-f2c2-4600-b727-91ca8e555648,richard-winsor,Richard Winsor,queued,
902afe84-2f5e-44c9-9c11-dfe97daf813c,richard-zink,Richard Zink,queued,
c62dfc57-b70c-42fc-ab04-5c0322336813,richards,Richards,queued,
30ebc387-870f-45eb-8d99-2803665773cf,rick-ball,Rick Ball,queued,
9ea3b8e0-6ae7-4027-bc07-82106ba66a2f,rick-sieber,Rick Sieber,queued,
b3f09d33-ba55-4711-a476-077c23149251,rickey-johnson,Rickey Johnson,research_pending,Initial encyclopedia image-index search completed; no verified portrait selected. Broader research remains.
893bdbae-ad84-49d7-9f48-077313b166c1,rickke-green,Rickke Green,queued,
541f22ea-b9e7-4cb7-8436-054e2e6a9383,ricky-dodd,Ricky Dodd,queued,
3ffce578-5b65-434d-8bc3-1d1f692c6a97,ricky-mcgivery,Ricky McGivery,queued,
da242bb6-078d-45f9-a370-372a85c1e661,ripley-gibson,Ripley Gibson,queued,
dba0bb95-f7a2-405a-b040-37657683dca2,risley-w-young,Risley W. Young,queued,
6eec335f-5426-49b3-990c-00bcba59a73d,rita-d-brown,Rita D. Brown,queued,
1a65744f-23c6-4af9-8513-563cb97ad8ef,rita-hohenshell,Rita Hohenshell,queued,
468ddba7-c59e-4613-9f9a-4c5692847fbd,rita-silk-nauni,Rita Silk Nauni,queued,
213b5db9-54a2-4ed3-86fa-98939fe6bc6c,robert-a-campbell,Robert A. Campbell,queued,
587d8d53-88f1-41b5-a08d-2750e5913ad8,robert-a-falatine,Robert A. Falatine,queued,
8cd6ca0a-2a6f-4ace-a2c7-b8a1c050ee7e,robert-alford,Robert Alford,queued,
926c989a-34ea-4b83-9d93-d452b10f6390,robert-allen,Robert Allen,queued,
e5ed695e-20a4-478e-b389-ebe9ce3436f9,robert-andersen,Robert Andersen,queued,
7cc397ba-d088-4a82-a606-1b3d912d4f8a,robert-anderson,Robert Anderson,queued,
4c51c63c-869b-4c30-8674-6ac0bfd5753f,robert-brooks,Robert Brooks,queued,
2242ffa0-aafe-4225-98a1-c21d4324e5cb,robert-burke,Robert Burke,queued,
07702416-86c0-4157-a38a-80ff7b30e3f7,robert-call,Robert Call,queued,
c65800dd-89a3-476b-96e2-f05a376a11e5,robert-champion-ekins,Robert Champion Ekins,queued,
f6c9eb08-6c80-46ce-87ed-4fcf3e0810c5,robert-chantal,Robert Chantal,queued,
5b328937-7ae3-4341-906a-4a5039f03ede,robert-chevalier,Robert Chevalier,queued,
fde7f832-6e22-4ca7-9aed-593f471eb875,robert-connellan,Robert Connellan,queued,
16cefae1-1658-4908-8080-12f455fc54db,robert-czernik,Robert Czernik,queued,
b7c5eea8-5cbc-439f-897a-29126879a182,robert-d-walsh,Robert D. Walsh,queued,
09f7cfa5-6106-477a-9ee4-fa2cf86a28cf,robert-douglas,Robert Douglas,queued,
8eefb5e9-5694-4f01-be61-f2b32b2793c5,robert-e-fox,Robert E. Fox,queued,
0994efab-de7c-4fba-a7e0-9f6f713cb8f0,robert-earl-may-jr,"Robert Earl May, Jr.",queued,
4cc905fc-8e1e-42bc-8de7-4c636077d2c6,robert-edwin-king,Robert Edwin King,queued,
ea3ed13b-d728-4c8d-a8c9-2681b90e5d68,robert-elstin,Robert Elstin,queued,
88f2f843-e178-48dc-80e0-b67f460d7279,robert-f-norbe,Robert F. Norbe,queued,
ea24a4d7-03cb-4d36-8023-b4135ca11409,robert-fee,Robert Fee,queued,
72556a4c-c2e1-4f7f-9003-f30d1f1d11d4,robert-feehan,Robert Feehan,queued,
f4e262ac-8ad2-4cd8-9b69-ec5a9390e2db,robert-ferraro,Robert Ferraro,queued,
04463bce-be4a-4c4b-98e0-d83c039517dc,robert-gillmore,Robert Gillmore,queued,
9ae884a8-bdbf-44b1-ab3e-5c793bce38e6,robert-goldstein,Robert Goldstein,queued,
8be40bb9-1836-4fe6-90e8-6752e9b78adc,robert-golistein,Robert Golistein,queued,
1efece09-a040-4bd2-90e5-9a4504c5ae2c,robert-good,Robert Good,queued,
dd1a80c9-e2ee-4dea-8068-b44486168149,robert-harden,Robert Harden,queued,
df74b7e4-2fc4-42d3-95ea-3e9a0de4ca71,robert-heard,Robert Heard,queued,
5dad4760-a354-4477-81db-a906527578b8,robert-high-eagle,Robert High Eagle,queued,
b6ad4f44-2f88-4259-81d5-56bbd5d91baa,robert-houchens,Robert Houchens,queued,
23489db7-a585-41a0-aaa6-3e7365bd118d,robert-j-dietrich,Robert J. Dietrich,queued,
a80d671d-b3e1-45b7-8a99-05983e7c0016,robert-j-martin,Robert J. Martin,queued,
59aaa704-8327-463b-b5b4-a03694b69a66,robert-j-morrow,Robert J. Morrow,queued,
c4958d8f-e571-4ceb-b26c-f54b9070fa54,robert-kendrick,Robert Kendrick,queued,
81002e9c-b8b9-438c-bfd8-9ccdff296815,robert-l-cummings,Robert L. Cummings,queued,
25af2bdf-c088-4054-9ba2-e97a9d8ca600,robert-lealess,Robert Lealess,research_pending,Initial encyclopedia image-index search completed; no verified portrait selected. Broader research remains.
654ae50d-cf6c-4d05-8009-f9e40b51c002,robert-lehrer,Robert Lehrer,queued,
4ee4bd7d-c47a-4927-baf4-033dcbe92f5f,robert-majors,Robert Majors,queued,
4a550d7d-d96e-4b05-87a0-01e08a51a93f,robert-manewitz,Robert Manewitz,queued,
fdd9e7dc-2d3a-4569-9fab-37fa5e8bcb4d,robert-martin,Robert Martin,queued,
cf788eeb-51e8-4ff1-8939-8e04335de6fe,robert-meisenbach,Robert Meisenbach,queued,
040c3170-6ee4-47f5-ad93-4005779d033d,robert-michener,Robert Michener,queued,
12f2781d-5217-4f71-a761-099a9b34ffc3,robert-middaugh,Robert Middaugh,queued,
5db12221-b2c0-48c6-9843-7a7046243f0d,robert-p-stover,Robert P. Stover,queued,
2c5a2277-4478-4917-9c58-5ccfc5461c43,robert-philson,Robert Philson,queued,
a7250b40-080f-4c2a-8953-13993918a1d8,robert-poe,Robert Poe,queued,
e97ae208-3200-4d37-8662-fc6a8068eb20,robert-porter,Robert Porter,queued,
fcd1bb5d-d42c-414b-ae3c-0080f62ca50d,robert-rabin-siegal,Robert Rabin Siegal,queued,
7b51dcb5-359c-4ec2-9e77-aac2529762f8,robert-reynolds-cushing-jr,Robert Reynolds Cushing Jr.,queued,
5be248f0-58a3-4d4a-b28e-982f54e26bf3,robert-rice,Robert Rice,queued,
e3eeb086-c03e-4318-a2d2-25db16e85e17,robert-scoggin,Robert Scoggin,queued,
74b52e99-89f5-4951-962c-85578a52f53e,robert-scott,Robert Scott,queued,
97c3bf5d-880f-4252-b1cf-c44905940c4c,robert-seymour,Robert Seymour,queued,
41a62a1f-06fd-422f-8426-2cbdec852254,robert-shelton,Robert Shelton,queued,
8b3d9bd5-3166-4ae3-be4f-1b5b65b407ef,robert-simmons,Robert Simmons,queued,
4647c962-f17e-497c-a500-5e08e66cbdff,robert-skinner,Robert Skinner,queued,
eee84c7f-9828-4550-a6ba-f35ce5949b0a,robert-smith,Robert Smith,queued,
309d6438-e3e3-45e3-b93c-138f690f5699,robert-t-begin,Robert T. Begin,queued,
519f908c-70d1-4323-a30a-5fb33f579b79,robert-taylor,Robert Taylor,queued,
321f3361-dc7a-4c8a-b22e-a640e3340ba7,robert-telles,Robert Telles,queued,
415d5227-c592-4eb2-a2df-17b96d90b509,robert-w-franke,Robert W. Franke,queued,
5cb1fa8e-f2b2-4c1c-91c3-15c66eb691fb,robert-w-minton,Robert W. Minton,queued,
62b48d61-1527-4f3c-85fc-7b8d64f8e0a3,robert-w-rasin,Robert W. Rasin,queued,
1b76bfe3-1cf4-4cfe-8cb8-62455c7e0cfd,robert-washington,Robert Washington,queued,
ad1a6f19-e189-4ea4-be23-567d1f9428cf,robert-webber,Robert Webber,queued,
4fe3f4da-39df-4b0b-bdf5-9d05e4d48092,robert-weir,Robert Weir,queued,
2ffb6643-1b6c-4ba0-ac51-362633923e83,robert-wesby,Robert Wesby,queued,
08942c1b-b353-43d5-9c79-48bf4b81a122,robert-williamson,Robert Williamson,queued,
186476b4-565f-41a8-8d27-a0aed8abda0d,robert-wilson,Robert Wilson,queued,
5bd81847-2f82-4f9e-9079-c4807e270113,robert-wolf,Robert Wolf,queued,
ce0becee-0676-486e-abd3-f05548e512ea,robert-woods,Robert Woods,queued,
51a0478b-a86e-4ded-b172-ea731005396c,roberto-caldero,Roberto Caldero,queued,
65248aea-1046-4aa7-bf1b-c225fc5a513a,roberto-caraltini,Roberto Caraltini,queued,
7860290c-4fb3-4915-8c02-4ffb193ea4ea,roberto-elia,Roberto Elia,queued,
0b4d622a-2b06-417f-a9f1-01e351aef716,roberto-ivan-aponte,Roberto Iván Aponte,queued,
0dbe4562-920e-4ab3-9dc3-295173c22d5d,roberto-jose-maldonado,Roberto Jose Maldonado,queued,
82037466-3607-40df-92eb-ec2df21ca4d6,roberto-jose-maldonado-rivera,Roberto José Maldonado Rivera,queued,
319c945b-696d-4aeb-a645-2c94eb24f15e,roberto-ramirez,Roberto Ramirez,queued,
6d993c9f-1c93-4cf4-b6cf-48b578b225ef,roberto-salvante,Roberto Salvante,queued,
ce19ef8e-19f2-485a-9000-b6f0d815c76e,roberto-velazquez,Roberto Velázquez,queued,
a64a7c14-92f2-4b32-9703-e94c5a42db60,robin-lloyd,Robin Lloyd,queued,
ac74ab82-9295-49ab-891e-93bf1b3a824c,robin-long,Robin Long,queued,
5c7c74ea-3105-422a-8573-fc6e843df7f8,roby-l-barnes,Roby L. Barnes,queued,
80021976-2c5b-447d-92be-fa0da9264860,roby-lee-barnes,Roby Lee Barnes,queued,
7fe37241-74e2-4e15-b6b2-c566cd8d14b0,rocco-dalessandro,Rocco D'Alessandro,queued,
6923c6f0-a6c0-43d6-bdca-d533bc17ca94,rocco-volpe,Rocco Volpe,queued,
e5882ef1-44e5-4f09-9b08-b3bbb6958208,roderick-kirby,Roderick Kirby,queued,
89f7ef20-7ec9-40f5-ae3b-a838c125d5e8,roderick-seidenberg,Roderick Seidenberg,queued,
b7467ab2-ee75-4128-a5d1-948835299498,rodney-johnson,Rodney Johnson,queued,
95578df9-52f2-4d4c-a3f4-71239aa8ca76,rodolfo-lozoya,Rodolfo Lozoya,queued,
164066ee-a4bd-4916-9b3d-910a0a607172,rodolfo-sanchez,Rodolfo Sanchez,queued,
4ebe8569-9f6e-47a4-bf34-d239bf0fedd6,rodrigo-baez,Rodrigo Báez,queued,
bc2cc0ec-3696-4616-baf2-ef413d73c567,roger-champen,Roger Champen,queued,
aa03841b-c86b-4564-a5b1-55596fbcda07,roger-ludwig,Roger Ludwig,research_pending,Initial encyclopedia image-index search completed; no verified portrait selected. Broader research remains.
b9fa8766-5acb-47cd-a76c-c232f7acffc9,roger-wareham,Roger Wareham,research_pending,Initial encyclopedia image-index search completed; no verified portrait selected. Broader research remains.
7f2ef887-f6b9-4648-b9ff-080bd34e317f,roland-s-samuelson,Roland S. Samuelson,queued,
f1e8fcbb-84a1-46d9-9da8-b71ae898c5a4,rolla-l-wenger,Rolla L. Wenger,queued,
ddcfd490-91fa-4791-b418-0a9788c30603,roman-andryuk,Roman Andryuk,queued,
f476b2fb-cd68-4333-950d-024bd01fde89,roman-kulich,Roman Kulich,queued,
70d78fb9-7161-43a2-b907-8e765981a94d,roman-mosichuk,Roman Mosichuk,queued,
63572b1e-0693-4d87-90bc-f577ed07119d,roman-pisito,Roman Pisito,queued,
41d8b442-f1ae-4a3b-80c1-c6da3d695217,roman-storm,Roman Storm,research_pending,Initial encyclopedia image-index search completed; no verified portrait selected. Broader research remains.
17911205-898f-4081-a73c-1caee8b9fd08,rommie-loudd,Rommie Loudd,queued,
f2c7b5ad-f898-4394-9611-d15af9a5c024,ron-carter,Ron Carter,queued,
ff38e6d9-5bfe-4ae6-8394-68f3ece2340b,ronald-ailsworth,Ronald Ailsworth,queued,
f422bdb7-d55b-4a4a-8509-a674413a36cd,ronald-bridgeforth,Ronald Bridgeforth,queued,
7dc9eb56-6b23-4e85-820f-e8204e55094d,ronald-carter,Ronald Carter,queued,
cbf440d8-4e4c-4518-a1e0-834266a772a3,ronald-derisi,Ronald DeRisi,queued,
6573e7df-a011-4424-b878-26c79222535c,ronald-felder,Ronald Felder,queued,
536f970a-49a2-4314-b3a4-2faa95cddfcb,ronald-humphrey,Ronald Humphrey,queued,
594088c8-f06f-49cf-8c08-60db2c38e4d9,ronald-jordan,Ronald Jordan,queued,
9cba66d2-339a-486a-b40c-e2cc743e6bff,ronald-lyons,Ronald Lyons,queued,
452d74c5-f550-483a-8d9e-21ce92503e65,ronald-payne,Ronald Payne,queued,
8a9b38b3-d634-4105-8752-d5c51f03e62e,ronald-satchel,Ronald Satchel,queued,
cf9fd1a4-95fb-4834-97be-babd13fb5247,ronald-t-green,Ronald T. Green,queued,
74076c45-b9e3-4c67-8c71-9a66b14450b5,ronda-m-hendricks,Ronda M. Hendricks,queued,
cbf23cd0-b262-453b-8ee7-82a47d72df05,roosevelt-ward,Roosevelt Ward,queued,
667366f6-01cf-4c9c-8f87-5b171a5021a8,roque-orobio-lobon,Roque Orobio Lobon,queued,
b1f9007b-caf9-4ee2-a4df-c46c415c2d95,rory-hithe,Rory Hithe,queued,
743d6fc0-6d3c-4ed5-96a9-f7133134b576,rosa-elena-sepulveda,Rosa Elena Sepúlveda,queued,
f0a7ebc3-8ff4-4b45-8bfa-47b7e4ece293,rosa-oradovsky,Rosa Oradovsky,queued,
bc71f83d-2690-4fa2-a6e9-9bd77f734db1,rosalinda-soto-toledo,Rosalinda Soto Toledo,queued,
18c00c1e-7854-4029-bbcc-38c4e4afcb9c,roscoe-claney,Roscoe Claney,queued,
1b92fdd6-1da8-4bb3-ae74-3a3180d4bce4,roscoe-dameron,Roscoe Dameron,queued,
aec098f7-8d05-4218-86fd-afdb64385074,roscoe-m-schrock,Roscoe M. Schrock,queued,
b31f6b1d-ee41-4c55-90dd-0d4e7d67b671,rose-fishstein,Rose Fishstein,queued,
3767ad94-0c88-4896-8296-6d0793b2c9cd,rose-gratz-fishstein,Rose Gratz Fishstein,queued,
1886d394-9719-47f1-b0f1-c8b2729abbaf,rose-jackson,Rose Jackson,queued,
c446f946-630c-499d-95cb-6ce379aa864c,rose-marie-smith,Rose Marie Smith,queued,
898bb07b-35ca-4299-99fa-78daa10584ce,rose-nelson-lightcap,Rose Nelson Lightcap,queued,
617a8cca-8850-4294-baf8-d6d3ea72218f,rose-resnikoff,Rose Resnikoff,queued,
6208cca6-3295-4754-bb94-3cec4f4a8d6b,roseanna-robinson,Roseanna Robinson,queued,
0242f925-2a99-4b99-a139-09e2382af9b3,rosemary-reilly,Rosemary Reilly,queued,
d0658297-9bd1-4ca3-bb6a-9f24ab6e6580,rosenbaum,Rosenbaum,queued,
8e6f385f-0368-48a3-b073-b6d3ff0cd3dc,rosie-james,Rosie James,queued,
770159aa-101f-416c-b4ca-a7b8a2eb2b92,rosley-w-young,Rosley W. Young,queued,
bb31bb7c-9abd-4e45-a91b-def5ccad2390,ross-anderson,Ross Anderson,queued,
2083e24e-79e7-449b-9b91-14e821241794,ross-h-gillman,Ross H. Gillman,queued,
47677211-1550-45ea-982a-17cfe38fb78c,ross-r-gillman,Ross R. Gillman,queued,
61d76b22-0076-4903-9b9e-2792d7700e74,ross-winans,Ross Winans,queued,
d8626a40-98ec-4260-b125-05e104493966,rowan-m-olsen,Rowan M. Olsen,queued,
3e4870e7-5b00-4ee6-b134-dcda25b192e6,rowan-mcmanigal,Rowan McManigal,queued,
aecebddd-ae15-469a-b980-04077e533b10,roy-a-brown,Roy A. Brown,queued,
80a12a63-1c7a-4adc-bc4b-ff4e5a8e9cb3,roy-barnwell,Roy Barnwell,queued,
94920adf-708d-4a1a-bc81-ad42e925ecd3,roy-becker,Roy Becker,queued,
de49ca34-a969-4b13-9ff3-09c88591d411,roy-crane,Roy Crane,queued,
46fc112d-7d75-4269-acd2-61d1d0d7781b,roy-dempsey,Roy Dempsey,queued,
e3244f8f-ce62-418a-90de-c80546989f9c,roy-e-peters,Roy E. Peters,queued,
e065b968-d74d-4c21-b32a-dd650f38b910,roy-f-ebert,Roy F. Ebert,queued,
60c5f4b0-6a9f-489d-858f-9b7789e4747a,roy-horlacher,Roy Horlacher,queued,
c500b4b0-23ff-4e69-a018-3e3ed2b96a1b,roy-house,Roy House,queued,
69096d66-e418-4687-93c6-e771e65ea5a4,roy-lee-patterson,Roy Lee Patterson,queued,
4d95a33f-1f64-4e17-833e-10733028928a,roy-lisker,Roy Lisker,queued,
81c79258-ff5a-44ad-82c2-af00ded54c66,roy-mahoney,Roy Mahoney,queued,
ccf1b54f-ca4c-477b-8330-de70a4d1d243,roy-p-connor,Roy P. Connor,queued,
1df3b790-0dc2-40d4-9140-68fcc47c7164,roy-pulley,Roy Pulley,queued,
51c7128a-bbe2-4e88-807e-903ae1f78098,roy-recker,Roy Recker,queued,
0e3a943b-a4f2-4a97-b24e-b688db0ef9cb,roy-tyler,Roy Tyler,queued,
491bc7b2-dfdb-47de-be4c-0daf49bafd73,roy-vigil,Roy Vigil,queued,
7f3979d5-57c6-4897-9259-8fe80d555dd4,roy-wright,Roy Wright,queued,
f375a60a-f93f-4410-83cf-d0b1b30b3ca0,ruben-berrios,Ruben Berrios,queued,
567c3fe5-eb91-41ed-b51d-e4a420e4cbd8,rubin-malin,Rubin Malin,queued,
b23ad402-775e-4f3c-ab8a-a4f7fd373629,rubin-sandstrom,Rubin Sandstrom,queued,
d21c7efb-337c-4d38-b532-d17fff980f62,ruby-e-koenig,Ruby E. Koenig,queued,
aa98f63c-5e9f-47b8-9cbb-636331b1e489,ruby-fredericka-shuttlesworth,Ruby Fredericka Shuttlesworth,queued,
7b8347e1-f1a2-48a2-9165-3d1e85dbac02,ruben-lucena,Rubén Lucena,queued,
5d2da50c-470c-426c-a1e0-a292be29ddea,ruben-lugo,Rubén Lugo,queued,
bf79ac63-49ea-4d50-aee3-94a928122fc4,ruben-ortiz,Rubén Ortiz,queued,
bba69c47-8ad5-4bcc-98bc-91f470fdf1a5,ruchelle-ogden,Ruchelle Ogden,queued,
94f63543-5f53-4ca5-ad02-eb216e25f9d8,rudolf-grossmann,Rudolf Grossmann,queued,
facc5b6f-a566-4835-8209-983431b78034,rudolph-peterson,Rudolph Peterson,queued,
ba742af5-3592-497e-8c6c-959cbfa619e4,rudy-alvarez,Rudy Alvarez,queued,
5154c500-7dc9-44e5-8724-c58a58d79a03,ruell-stanfield,Ruell Stanfield,queued,
dd3980dc-8e46-48c5-bef1-7c528332036c,rupert-eris,Rupert Eris,queued,
354d2f9a-57d6-4b43-99f8-0aa71679c29a,russell-a-lantz,Russell A. Lantz,queued,
15c56437-99d0-4439-aa2f-f5bd62809b8b,russell-de-young,Russell De Young,queued,
70c7ac2c-391a-44a5-9dae-4c54c082b0c7,russell-ford,Russell Ford,queued,
0f46e509-0d7f-4f2c-b1ff-862f65569017,russell-knight,Russell Knight,queued,
21d46a64-4c27-4773-8f12-1a93b8570134,russell-little,Russell Little,queued,
e1168095-73ce-4683-b620-9fcce48f1733,russell-r-wood,Russell R. Wood,queued,
09acd518-83e7-4738-9a88-3a3af7c88923,russell-redner,Russell Redner,queued,
8efcee8b-ec99-4afd-9474-ba26d04556ec,ruth-bishop,Ruth Bishop,queued,
32952395-2464-45db-9ece-8f81a10db23d,ruth-carter,Ruth Carter,queued,
dde04f65-1519-4f2c-91bd-69f07e426788,ruth-cort,Ruth Cort,queued,
a696df41-1b54-40b0-987c-8e2fbbe5277e,ruth-crocker,Ruth Crocker,queued,
3a198733-32e0-4bbb-89c0-420ef776a0b1,ruth-mckay,Ruth McKay,queued,
09d2260d-c336-4b20-8f89-0e771e6da343,ruth-scott,Ruth Scott,queued,
f9d9a4b1-cfcc-45a4-b6de-0f3172cbb8fc,ruth-small,Ruth Small,queued,
65510910-c9c3-4947-8164-bacbaaf867ff,ruth-williams,Ruth Williams,queued,
3adc0512-b4fd-4a6a-b79b-3e55af496e33,rutha-blackburn,Rutha Blackburn,queued,
53348853-9137-4654-b18a-a8399c97b2e4,ruthven-h-lacey,Ruthven H. Lacey,queued,
50f86b6c-3ddf-4514-8a98-ebde867fd8d2,ryan-daniel-lewis,Ryan Daniel Lewis,queued,
93299d0e-074d-47a7-b918-678e9b65f673,ryan-david-lucero,Ryan David Lucero,queued,
f74ca2a9-c308-49a2-8e2a-4988a66710bc,ryan-durfee,Ryan Durfee,queued,
8575de91-eebb-444b-81cb-cfffe664cea4,s-b-hicok,S. B. Hicok,queued,
019b9c45-1c9e-454e-a061-df26caec4473,s-drewfuss,S. Drewfuss,queued,
a8cdd0a1-847c-45ef-927b-c6089c0bf84e,s-g-chestyakov,S. G. Chestyakov,queued,
60e2dd58-0813-4036-ad29-edfc56328a20,s-hamilton,S. Hamilton,queued,
0056b700-15a0-4f36-b2b7-265f0e01bb09,s-herschberger,S. Herschberger,queued,
b61b677f-8441-41b3-88f7-4ac2da5468ef,s-j-jackson,S. J. Jackson,queued,
694d1982-adb7-43da-bbb7-9b0f5edca162,s-j-powell,S. J. Powell,queued,
2af767bd-ff9f-499a-a7fb-16acaf0ea6c7,s-k-davis,S. K. Davis,queued,
6e604841-48ab-43cf-afbe-b531b448df25,s-l-alexander,S. L. Alexander,queued,
e2e92219-ea5e-4937-956c-8ba97f52745f,s-r-carlson,S. R. Carlson,queued,
1d2c5e1b-c44e-4333-ae51-8e8857303a2b,s-sakiyama,S. Sakiyama,queued,
8f36c86e-9572-43cd-84a1-b483361af54b,sj-marner,S.J. Marner,queued,
17c6b750-fa71-4a13-a92a-f8c9b9c63425,sababu-na-uhuru,Sababu Na Uhuru,queued,
1d9a33df-17bd-432b-b05d-c578385fbf4c,sabri-benkahla,Sabri Benkahla,queued,
9b130d4b-5cc2-499d-9048-0e2b1b38bd38,sachio-ko-yin,Sachio Ko-Yin,queued,
38b5cd76-566e-486b-bf15-9c43ef7f10b6,sahilal-sabaratnam,Sahilal Sabaratnam,queued,
44563969-3920-42d3-a8f4-06fa2fbb3378,sal-candelaria,Sal Candelaria,queued,
c389ec71-b1a3-4be1-ad66-c411923b11cc,salas,Salas,queued,
7c61b8f3-3337-4b67-b8b8-67ee694546eb,salvador-gonzalez,Salvador González,queued,
9ae4e4b2-1615-4341-b680-bf83cf8f6ea3,salvatore-adalchi,Salvatore Adalchi,queued,
b4a0dc18-df3a-4ad7-ba83-68db77042110,salvatore-sergi,Salvatore Sergi,queued,
1466aeaf-09d8-415f-8cd6-060f3d95a08f,salvatore-vaccaro,Salvatore Vaccaro,queued,
e407a918-5245-4a0b-8813-cdd4ac898ed5,sam-barber,Sam Barber,queued,
8a1e4f36-a981-44c1-bf2e-00e987dfa773,sam-barman,Sam Barman,queued,
424cb4f3-5d05-47fa-b170-1dafab1dc803,sam-bell,Sam Bell,queued,
775c2cbe-404e-423a-823d-daf0acc8e4da,sam-benato,Sam Benato,queued,
84a74ed5-88b6-409b-b390-5ad42158375c,sam-betti,Sam Betti,queued,
5711ec3e-1395-492a-a4a0-af73668293b4,sam-bonita,Sam Bonita,queued,
bb66e5dd-e729-4851-a911-b5f413b0791c,sam-brown,Sam Brown,queued,
c247ad6f-7c25-429a-b293-2c62cb960d79,sam-cluster,Sam Cluster,queued,
c6889323-2aa3-4db6-821f-6259a4af8f1e,sam-colbus,Sam Colbus,queued,
9e243e43-5c93-43cb-97cb-4335784db741,sam-coleman,Sam Coleman,queued,
44fc7bce-d528-4e71-9f8f-dfe1d957359d,sam-cutler,Sam Cutler,queued,
aeae21b5-b028-40dc-8df1-6cdb03cd7e06,sam-day,Sam Day,research_pending,Initial encyclopedia image-index search completed; no verified portrait selected. Broader research remains.
cc0e29ff-80b7-44a9-8db6-eb396202649c,sam-forbes,Sam Forbes,queued,
6fc1da5e-a8e3-4f44-a098-37faaf19da7d,sam-gardner,Sam Gardner,queued,
f7608c01-a85d-448b-a588-9e7134c7e415,sam-gonshak,Sam Gonshak,queued,
95297aed-7be4-4e5a-b286-3c0bf50840b9,sam-herman,Sam Herman,queued,
d8239678-2cfd-404e-bedd-bd00e0078a70,sam-hirsch,Sam Hirsch,queued,
a5492ad9-3202-40bc-85c0-272dc2156964,sam-hochstetler,Sam Hochstetler,queued,
cb58a718-ec36-4f43-a55f-9fe8bfe55b31,sam-horino,Sam Horino,queued,
295a54ab-c868-47d5-8fbc-df706302c2d9,sam-jacobs,Sam Jacobs,queued,
950c6344-027b-4ce0-883d-98ed05f87128,sam-jesky,Sam Jesky,queued,
d3e3916a-0a39-4ded-b1b0-939967b2fc16,sam-jessup,Sam Jessup,queued,
0e060eed-adca-4421-9835-e4433bd2247f,sam-jordan,Sam Jordan,queued,
c1765094-a319-4c02-94f5-18cb3956504f,sam-kurland,Sam Kurland,queued,
00efb434-8126-437e-8aa2-1ea3fa812842,sam-markowich,Sam Markowich,queued,
ec496048-4d56-4105-84d1-d869c8f93db9,sam-meskov,Sam Meskov,queued,
a477177c-505b-426d-94af-25c14c4cbdaf,sam-moss,Sam Moss,queued,
61d5ea03-212d-4a75-8c78-e3b63116740d,sam-nessin,Sam Nessin,research_pending,Initial encyclopedia image-index search completed; no verified portrait selected. Broader research remains.
29335b38-64dc-4f5a-85b4-55e74b95f263,sam-povff,Sam Povff,queued,
e0a097cd-52a8-4704-8ab3-1361d08868cb,sam-reed,Sam Reed,queued,
fe70f44c-54aa-4040-93f7-5974f1e56eaf,sam-rogers,Sam Rogers,queued,
e0a374e0-f587-499e-8deb-21b50288f312,sam-sadler,Sam Sadler,queued,
56f815f8-f633-49c0-be7b-7b18627dc416,sam-t-crane,Sam T. Crane,queued,
a0460c78-1d74-4d73-9f98-b9d8859db25a,sam-trehonuk,Sam Trehonuk,queued,
0288bbc1-c070-418f-bcbe-632f645355c6,sam-weinstein,Sam Weinstein,queued,
e2ee955b-5480-4f73-b5bf-b7c49d4a56b1,sam-wilson,Sam Wilson,queued,
fde5bba8-7895-4790-b73e-fd21ef4ef072,samantha-frances-brooks,Samantha Frances Brooks,queued,
5ca1782a-b493-46f8-bd0b-805f3004a0db,sameeh-taha-hammoudeh,Sameeh Taha Hammoudeh,queued,
4fb1c510-9d01-43ab-81a0-4f26344a679c,samuel-arbitman,Samuel Arbitman,queued,
a08720bd-24e5-4a59-a97a-9352678fc59c,samuel-austin-worcester,Samuel Austin Worcester,research_pending,Candidate located but Commons flags missing source documentation; stronger archival provenance needed.
dc366fbe-e139-497b-b391-944714778ef9,samuel-bondarenko,Samuel Bondarenko,queued,
0e2fb3e4-ffe5-4653-b294-68ff867b02ff,samuel-bridges,Samuel Bridges,queued,
28f71183-5ad4-4a27-9dd7-09e06d1bf68b,samuel-d-levine,Samuel D. Levine,queued,
045e58c7-46a9-49a0-bff2-464b3fa29311,samuel-foster,Samuel Foster,queued,
7fdeaf2f-48a7-4e79-829b-8d8921ea9ffb,samuel-goz,Samuel Goz,queued,
c049e455-28a8-4021-9f01-b64508bfd424,samuel-h-dixon,Samuel H. Dixon,queued,
6ddf8c13-5c98-41de-bbf0-9bb2d5e2b4b6,samuel-h-pairo,Samuel H. Pairo,queued,
0d4c810a-1f1a-4d16-9ed4-26600825afa8,samuel-kadatsky,Samuel Kadatsky,queued,
507af15b-74a1-48a1-ab60-6352444a6e44,samuel-kanovich,Samuel Kanovich,queued,
714a2b28-d418-4479-8ed4-b02407cb946c,samuel-kleinsasser,Samuel Kleinsasser,queued,
04e69606-12bc-468b-97d4-b181b293bbdf,samuel-lefto,Samuel Lefto,queued,
f8a442ad-1f7f-4684-94bf-2f8e37a23021,samuel-lippman,Samuel Lippman,queued,
6bf67f04-47d2-447f-b1fa-7742341411d4,samuel-loring-morison,Samuel Loring Morison,queued,
f9b494e5-52bf-4494-bb1b-0a3b54048b78,samuel-m-hershberger,Samuel M. Hershberger,queued,
e1e39fd8-e3e4-41a3-b42b-0a447b033a64,samuel-m-sanders,Samuel M. Sanders,queued,
963dd173-4fbb-4981-bb90-98698bf49bb8,samuel-mackway,Samuel Mackway,queued,
a0695f8f-f989-4912-9293-7ffcef54987e,samuel-mays,Samuel Mays,queued,
14794335-dac8-4074-a72e-034f49fec19d,samuel-mencher,Samuel Mencher,queued,
9b247842-fff3-4642-b986-50192cf5b263,samuel-miller,Samuel Miller,queued,
98381a94-356d-4dc6-8d1a-8d664ca8ec79,samuel-nikition,Samuel Nikition,queued,
56968f40-11e2-4a79-a765-957e39ef48ca,samuel-nye,Samuel Nye,queued,
aa7ea2ad-40a0-4bd6-acd0-48587a561299,samuel-orlov,Samuel Orlov,queued,
b93db04e-fa51-40cf-b2ee-b4756ab278eb,samuel-pleasants,Samuel Pleasants,queued,
c7e181c5-c194-4535-a4bf-73d23ba2b499,samuel-r-caldwell,Samuel R. Caldwell,queued,
6b34d87e-7832-4686-a29e-0d5132796531,samuel-rowland-fisher,Samuel Rowland Fisher,queued,
b9eb8187-4f78-4fe9-995e-fd1f26220afe,samuel-soto-bosques,Samuel Soto Bosques,queued,
70592f14-1469-4369-bb0e-f15d5a8030da,samuel-sterenstein,Samuel Sterenstein,queued,
acac96ac-3161-478f-a9fd-0c1bfd07afd1,samuel-sanchez,Samuel Sánchez,queued,
d4311e81-aee1-49e9-9e71-85d505c82c50,samuel-tilles,Samuel Tilles,queued,
b5e1dd7b-75e4-41d7-848c-74c2cc7f25f5,samuel-velasquez,Samuel Velasquez,queued,
c301f404-26d9-4101-8c89-24ac17e074f6,sander-katz,Sander Katz,queued,
06f97f64-ba1d-4876-8fee-5bbb72743e20,sander-maki,Sander Maki,queued,
dbe0614d-faec-4079-acc4-cc025ee77036,sandra-loranger,Sandra Loranger,queued,
c04ebb7b-0449-4873-94d8-9017c9e8d992,sandra-roland,Sandra Roland,queued,
0b4a306f-1987-4041-a7b8-48eae7770d9e,sang-ryun-park,Sang Ryun Park,queued,
b3e961fa-30bb-47c3-965b-1b513fb31a86,sang-ryup-park,Sang Ryup Park,queued,
74ed8265-76fe-41ca-8e99-77a9959c47fb,santiago-gonzalez,Santiago González,queued,
082a55a6-ea32-4576-95d9-9a99d73505b1,santiago-oleary,Santiago O'Leary,queued,
3740c43d-e038-4eb0-9a28-5505fea51c7f,santos-ruben-hernandez-garcia,Santos Rubén Hernández García,queued,
2e9fc373-b93e-4120-bf71-fb08ec03fc7a,sara-beining,Sara Beining,queued,
9d29dc2a-1a6f-4b4b-b5c8-46e605cf900c,sara-jane-olson,Sara Jane Olson,queued,
463acc3f-cc2e-4da7-b715-f7276391fe39,sarah-bad-heart-bull,Sarah Bad Heart Bull,queued,
cd37d9ea-9bda-40f9-9f2d-b0d51cecd701,sarah-bleeker,Sarah Bleeker,research_pending,Initial encyclopedia image-index search completed; no verified portrait selected. Broader research remains.
5d416b57-df1c-4fff-90db-c0ad586766b9,sarah-c-harper,Sarah C. Harper,queued,
8e939640-f14d-4f8c-813b-d342a23df08f,sarah-cutler,Sarah Cutler,queued,
fd5396cd-0021-4b8e-804f-946c7065a1de,sarah-tosi,Sarah Tosi,queued,
1155cba9-8310-4492-a8c5-cda0460e2bda,sathajhan-sarachandran,Sathajhan Sarachandran,queued,
b9a990eb-3afe-42b0-8ab4-31b84ccb5783,sauder-m-nygaard,Sauder M. Nygaard,queued,
75e49a93-7089-48d9-8ca6-e5e7b8c018b4,saul-grossman,Saul Grossman,queued,
ffa610a5-1e69-4a5e-a023-0c25a70447be,savely-roshkov,Savely Roshkov,research_pending,Initial encyclopedia image-index search completed; no verified portrait selected. Broader research remains.
eaf91165-1bf0-45af-9282-beab9afb05a7,scott-dempsky,Scott Dempsky,queued,
30685d47-2221-44a4-a1d8-69e9effea9fa,scott-galindez,Scott Galindez,queued,
78faec7a-1e4d-4e9a-9c74-03adf7ed9885,scott-mathern-jacobson,Scott Mathern-Jacobson,queued,
8db9d695-f5bf-4685-8e9b-c7179290c1a0,scott-paul,Scott Paul,queued,
513c7b15-277e-4c01-aad8-88fd4871b44e,scott-scelye,Scott Scelye,queued,
f56133f0-46af-4ae5-b442-a6559c83f29e,scott-schaeffer-duffy,Scott Schaeffer-Duffy,queued,
3d63d4ac-b18b-478c-92b8-3efa8f768800,scott-seclye,Scott Seclye,queued,
f0d63253-b9d3-4495-be9b-82487baf9c71,seamus-moley,Seamus Moley,queued,
d4d54dbb-ac51-40ef-974b-9eb5226af7bb,sean-albert-gautschy,Sean Albert Gautschy,queued,
5d945704-4043-4c4f-959f-ddc977ef7881,sean-donohue,Sean Donohue,queued,
41375636-c187-4131-9145-887637738b61,sean-dunn,Sean Dunn,queued,
c09ba02c-1bfb-45f3-af80-3b2ef19dff68,sebastian-senakiewicz,Sebastian Senakiewicz,queued,
a94bc988-553c-4ffb-8e15-70e17e760c94,sedina-unkic-hodzic,Sedina Unkic Hodzic,queued,
4a7cc4a1-5b91-4409-b49a-3963eee37733,seldon-e-jackson,Seldon E. Jackson,queued,
99efaacd-2190-4615-afa4-37735f5d5f9e,semaj-brown,Semaj Brown,queued,
e9546785-41e0-4423-88c5-968f24d88513,semyon-barovsky,Semyon Barovsky,queued,
a974296d-62f9-4057-9059-bb0ce9c60f0f,seodor-grigoreko,Seodor Grigoreko,queued,
576a43fc-72f3-45b7-8319-09ef8e4b6b4e,serafin-mendez,Serafin Méndez,queued,
3e4cb4db-55d6-455c-9653-dc6eca93aa26,serapio-sosa,Serapio Sosa,queued,
555ecab4-b178-49c8-a58e-b348d693e796,serena-hertel,Serena Hertel,queued,
97f74cf9-19c7-4288-a210-822603145610,sergei-savchuk,Sergei Savchuk,queued,
42e6e2d9-3c94-4377-a524-792032a277cd,sergey-bobkov,Sergey Bobkov,queued,
63d9e054-a09f-42d5-8559-23cfdaf253b6,sergey-drigov,Sergey Drigov,queued,
0b3bf9ed-3ba0-4592-9c99-87fe7a3e3aa2,sergey-porchunoff,Sergey Porchunoff,queued,
c61eaaf2-6bcd-457b-a040-f9e9bc6ae0ab,servando-f-agis,Servando F. Agis,research_pending,Initial encyclopedia image-index search completed; no verified portrait selected. Broader research remains.
1895e03b-3855-4bd0-8f1e-9461471857ec,seth-laughlin,Seth Laughlin,queued,
c4a814ce-b688-41d8-a3c7-d6a2facedf1d,sevastyan-bogdanovich,Sevastyan Bogdanovich,queued,
1405354c-bcf5-40df-aa3b-afc33a91b02a,seymour-peck,Seymour Peck,queued,
f5f74e49-677d-4361-aac5-2906ae603dcc,seymour-waldman,Seymour Waldman,research_pending,Initial encyclopedia image-index search completed; no verified portrait selected. Broader research remains.
ec046cea-4b0c-42df-96d4-a24e6c493a3f,shabazz-a-watson,Shabazz A. Watson,queued,
228ac30e-deb5-41ba-923f-cffe078c3428,shador-tommie-cortez-jackson,Shador Tommie Cortez Jackson,queued,
78d4df29-ff0f-4b27-9a8c-851936bb0b33,shadrach-minkins,Shadrach Minkins,queued,
846183ea-e3ef-4f8d-8e1a-4757087b8b1d,shaheem-jabbar,Shaheem Jabbar,queued,
79ae8887-224d-4f47-b11f-681e70400ba6,shamyrin-djhodi-johnson,Shamyrin Djhodi Johnson,queued,
740901bb-f639-44e5-8a08-ec6599f2855c,shango-bahati-kakawana,Shango Bahati Kakawana,queued,
3761c111-8dae-4765-a71c-2d0245d3360b,shant-singh-ahuja,Shant Singh Ahuja,queued,
76978831-ca03-4084-8616-24a368e5c48e,shawn-collins,Shawn Collins,queued,
ec71cb06-f7d2-4c81-83a0-675870205423,sheila-parks,Sheila Parks,queued,
e39a6b68-bed1-422d-adf8-ff7c4139ce0c,shelby-crane,Shelby Crane,queued,
bc860c11-aea0-486e-a60a-ff200ecfad77,shelby-ligons,Shelby Ligons,queued,
0d36c6c0-a3a8-46cb-9ee3-48d4abb55056,shelley-douglass,Shelley Douglass,research_pending,Initial encyclopedia image-index search completed; no verified portrait selected. Broader research remains.
e6e0d1a1-29bd-4283-8fad-e2f809e4ea92,shelly-batiste,Shelly Batiste,queued,
ab609ca0-acb5-4418-8618-39dee34f53df,sherman-labovitz,Sherman Labovitz,queued,
5cb09ee6-5f58-41a6-a99e-67de6b5647fd,sherman-snyder,Sherman Snyder,queued,
645d8f23-de85-44a2-bee0-468114eafc7a,shirley-herlth,Shirley Herlth,queued,
e38308ab-3407-4b83-ae06-1d2f211dbe14,shirley-kremen,Shirley Kremen,queued,
cde2fe5d-d34a-4ed8-a08c-dd48c4dc542f,shorty-stevenson,Shorty Stevenson,queued,
e7940ddb-1230-4b1e-9451-ebcac98c2059,shuaib-abdur-raheem,Shuaib Abdur Raheem,queued,
520bc6ca-f80c-4021-a387-6399970c48ff,shyam-prasad-khanna,Shyam Prasad Khanna,queued,
d838c522-1e00-4959-aa2d-99ece8146ea1,sid-doty,Sid Doty,queued,
b750e14a-3a66-4bc6-aa8d-3ec3c9e1693a,sid-mills,Sid Mills,queued,
1ad1c6eb-f326-4ae0-861f-56c17d2ad730,sid-welsh,Sid Welsh,queued,
b330c11d-7c64-4cdb-91f9-0f0eae5a67f7,sidney-lipshires,Sidney Lipshires,queued,
fdda325d-75d5-4ab4-9831-d22a7bbd8ec8,sidney-metcalfe,Sidney Metcalfe,queued,
ce9e3374-e4ca-4c67-a33e-88c1cfe39df2,sidney-resnek,Sidney Resnek,queued,
cbd54bf8-7e80-46e4-b857-d4fd2aa3deaf,sidney-stein,Sidney Stein,queued,
e91dd1ce-2b4c-4bda-b604-b3f894c453e5,sidney-turoff,Sidney Turoff,queued,
4d26f687-6d20-4f76-b73d-c95ceae739b8,sidney-wallace-mader,Sidney Wallace Mader,queued,
4b428c3e-4130-45c2-bc59-e480f12008ff,sidney-weinbaum,Sidney Weinbaum,queued,
683921ca-76e6-46fe-a4bf-38e6c0a8a52f,sidor-drankovich,Sidor Drankovich,queued,
dcaefde7-bb5d-4522-80f1-7925d63fd64f,sierra-lewis,Sierra Lewis,queued,
0fc044e4-56cc-4c41-aa5d-c72c56cf742c,silas-saylor,Silas Saylor,queued,
c36107d5-62b2-4b2e-b7c9-7f466428dd35,silas-serge,Silas Serge,queued,
044902f4-2620-4641-b020-043bbdbb836d,silas-tompkins,Silas Tompkins,queued,
5efedddc-7b63-4a77-a262-9d71d10c9081,silas-trim-bissell,Silas Trim Bissell,queued,
85ac9cec-038e-467e-a293-7fa8526efb4f,simeon-bushnell,Simeon Bushnell,queued,
2f449bd6-0a63-4bec-b7cd-7af38ad4ce0b,simeon-lebed,Simeon Lebed,queued,
c315d941-c0a3-460a-9c4a-fcaa21835dbe,simon-bagatchuk,Simon Bagatchuk,queued,
f1470892-7c53-4caf-aee2-8bae419396d9,simon-c-legain,Simon C. Legain,queued,
38c02f81-aad7-4572-a989-88a7334ce5f4,simon-engle,Simon Engle,queued,
021ae48a-bb98-4064-ac1a-ad5510be53bd,simon-habonimana,Simon Habonimana,queued,
9621d199-9bf0-4f05-a26a-fb88cfc1805a,simon-hendrickson,Simon Hendrickson,queued,
64f93754-154d-438f-9034-fa5eea33b518,simon-m-hershberger,Simon M. Hershberger,queued,
53d20595-74ce-49b5-a546-0c0857d1296c,simon-p-unruh,Simon P. Unruh,queued,
5bd83b4d-ecdf-4262-972e-7d71182395bd,simon-poresky,Simon Poresky,queued,
fa39719c-8713-4de1-aa44-fff62ec00b62,simon-silverman,Simon Silverman,queued,
4e077202-6ef9-4f8d-8b08-a510a3b07aee,simon-starovotenko,Simon Starovotenko,queued,
0a4e2685-2ab0-4f32-89f2-acd92de63204,simon-swanson,Simon Swanson,queued,
6b64b89c-586e-4f3a-8fab-0d68a0580caf,siobhan-browne,Siobhan Browne,queued,
f5807158-8239-4866-8bc7-fdf23a3e17ae,sioux-casper,Sioux Casper,queued,
ecfde4af-9b52-47b6-a145-540ff13b7835,sister-diane-pinchot,Sister Diane Pinchot,queued,
e9da052a-758f-4083-8517-8e7da4f4e1d8,sister-kathleen-mccabe,Sister Kathleen McCabe,queued,
6fdd0aaf-cb8a-4375-982e-f69a518e744c,sister-mary-dennis-lentsch,Sister Mary Dennis Lentsch,queued,
39cdb4b4-49cc-4f3b-86bb-6967bb3bf6ea,slaughter-bradford,Slaughter Bradford,queued,
50b692c0-c138-471a-97a9-b46c3d890aea,slolux,Slolux,queued,
1d02cb48-4ccf-48c3-8809-55a7b9005d13,smiley-chatok,Smiley Chatok,queued,
e607b0fd-620c-46dc-83ba-10954d2f8c8e,sol-harper,Sol Harper,queued,
563842ae-60ae-4366-8526-8dd98d65fc09,sol-hertz,Sol Hertz,queued,
3889c0f0-a5ed-4049-ac10-0e172ac3ab34,sol-wollin,Sol Wollin,queued,
894fa6ef-397e-40d7-a560-e174c83ad4c5,soliman-s-biheiri,Soliman S. Biheiri,queued,
2ee5a8b5-3721-410b-b085-f781967c8468,solomon-brown,Solomon Brown,queued,
10feca93-a77b-416b-9635-b390f014587c,solomon-porter,Solomon Porter,queued,
33b4bd49-a8fa-456f-b7ad-d76a8a831690,sonali-gupta,Sonali Gupta,queued,
4df72ec7-898e-46dc-aa96-6e43e84b2de2,sondra-clark,Sondra Clark,queued,
683716b6-9963-4665-86d9-c926040e8887,sonia-baltruin,Sonia Baltruin,queued,
86a9aa4f-2889-4bc6-85ab-978d8877aa05,sonia-mason,Sonia Mason,queued,
dc1a3ddf-7a5f-46ad-909a-23e68d4be492,sonja-andreas,Sonja Andreas,queued,
c218320d-85d4-4111-b587-667f3174eab6,sophia-aria,Sophia Aria,queued,
8db097f1-812c-4a8a-94d5-331354c27ee5,sorcenty-tolkevetz,Sorcenty Tolkevetz,queued,
9415c08c-1ebb-4121-a400-0907ae7f7b12,spartacio-alo,Spartacio Alo,queued,
c16ac77d-e054-4897-bdbc-10ed42cbf3c1,spas-todorov,Spas Todorov,queued,
040698f0-0c69-4ab6-94fb-0148161686e8,sr-caryl-hartjes,Sr. Caryl Hartjes,queued,
7ac25683-e00a-49dc-9447-a5d4f08ce53b,sr-kathy-long,Sr. Kathy Long,queued,
d1fb1b78-d427-4449-88cb-f3ae526527f4,sr-marge-eilerman-osf,Sr. Marge Eilerman OSF,queued,
eb29dfc8-00bb-483d-9f42-3bea5b8ae8a1,sr-moira-kenny,Sr. Moira Kenny,queued,
453bf424-8e8a-45cf-a2db-54ad1445bc4e,st-william-thomas,St. William Thomas,queued,
9c7df91c-2f0c-4160-972c-ebf9f9aa766d,stacey-merkt,Stacey Merkt,queued,
e16f6f69-56a6-4788-a0f4-6fb2265f6ddf,stafford-sylis-rev-winn,Stafford Sylis (Rev.) Winn,queued,
ddc76db6-b679-4772-9e66-a564e3823b7e,stanislas-meyerhoff,Stanislas Meyerhoff,queued,
a6dd206d-9718-4bd2-9118-48349c3bc2a3,stanislav-chizhevsky,Stanislav Chizhevsky,queued,
010f98b8-8896-474b-9185-7ab32e52c52d,stanislav-servatka,Stanislav Servatka,queued,
aa026763-3f3e-4aa9-a3a5-e23d8b779220,stanislovas-kubinskis,Stanislovas Kubinskis,queued,
5b3d45f9-6766-402a-942c-94050642edfb,stanley-anderson,Stanley Anderson,queued,
af4cec43-a60f-40a0-a8d8-43249b8d05d1,stanley-cohen,Stanley Cohen,queued,
70956be1-beb1-4342-aa78-79a6a15eacbe,stanley-dale-sydow,Stanley Dale Sydow,queued,
1260c967-2a5a-46ae-8419-6f2baa2ca5b3,stanley-haranin,Stanley Haranin,queued,
a2750946-b342-4bde-b8e5-973f3ab67fe3,stanley-holder,Stanley Holder,queued,
a30fc8bb-15fd-4c16-a35b-646f3066efb0,stanley-j-clark,Stanley J. Clark,queued,
38c9b13b-efcc-4d58-902f-2da16c222724,stanley-lindenberg,Stanley Lindenberg,queued,
393f5cd7-7405-4b7d-a1b4-c9b1ad6401ee,stanley-magruder,Stanley Magruder,queued,
1c5fe538-c58f-406e-966a-40f253abce57,stanley-michelson,Stanley Michelson,queued,
20861ac9-63ea-4cd6-b06f-f2bedebc2bcd,stanley-murphy,Stanley Murphy,queued,
13f5055d-c71d-44c8-8c8c-46f16d83aec5,stanley-nowak,Stanley Nowak,research_pending,Initial encyclopedia image-index search completed; no verified portrait selected. Broader research remains.
d7a7c76e-82b1-4f4f-b1b9-4be7aebcf3fe,stanley-orloff,Stanley Orloff,queued,
e7d825a2-2d57-459a-b927-0df821b155e2,stanley-paurez,Stanley Paurez,queued,
f77668a4-e857-42c5-8026-04e3c4ebbd54,stanley-rabitz,Stanley Rabitz,queued,
e55e42b9-406c-4fe0-a89d-340aea2c95c2,stanley-s-brandberg,Stanley S. Brandberg,queued,
be2e0fcd-709b-43c5-ad3b-0e76ff08ef23,stanley-ull,Stanley Ull,queued,
d79ee3ce-48f5-487b-9576-720808d4f059,stanley-vazenas,Stanley Vazenas,queued,
8db9d71b-80c5-401e-974f-2fd232c86394,stanton-story,Stanton Story,queued,
b353d2c1-e8cc-4537-adf7-ba4b03435bf8,stefan-cojerean,Stefan Cojerean,queued,
b51497d9-97ce-4406-a69a-9f87efdc25b9,stefan-tranets,Stefan Tranets,queued,
9b57755d-887e-430d-8745-880ee8dbc8ab,stefan-vasiluk,Stefan Vasiluk,queued,
afad6631-7319-4f5e-8c00-1a7c7c29c651,stefan-zezula,Stefan Zezula,queued,
9d461ccb-2925-473f-85aa-79951b0d7336,stefen-brezovic,Stefen Brezovic,queued,
d13cfced-3d21-4e53-84e9-6db2a2301d10,stella-brown,Stella Brown,queued,
a229c9bc-65f3-43db-b422-3c4258714901,stella-petrosky,Stella Petrosky,queued,
a960a25f-6615-41da-829c-a96fdd8baba4,stella-rasefsky,Stella Rasefsky,queued,
1bd4ad07-0602-4d1a-ab02-9a4b8da8ec29,stepan-chinevich,Stepan Chinevich,queued,
6544fe51-94fb-4124-9fc9-b3e7ac485a52,stepan-kaminsky,Stepan Kaminsky,queued,
467738b4-6c9b-40b1-be01-0e739b61e3ba,stepan-prokopovich,Stepan Prokopovich,queued,
cad2790b-1d68-4624-94ea-188096eca5e1,stepan-schwetz,Stepan Schwetz,queued,
e235da66-7839-4fb3-bb75-4fbf2578a866,stepan-shatuka,Stepan Shatuka,queued,
e6340c85-43de-4557-b0d7-40f8caba2084,stepan-tretyakov,Stepan Tretyakov,queued,
7023b36d-a20d-4c35-8a8b-5ad2d85d334c,stepan-zedik,Stepan Zedik,queued,
1e5c3c95-c3e4-49eb-be33-68b1dad92d3d,stephan-graham,Stephan Graham,queued,
1cc8c7ae-c685-4d82-abf5-52a6c5c76847,stephen-binder,Stephen Binder,queued,
9d4a4520-b2fd-4c50-bb03-2540b46703b0,stephen-chuck,Stephen Chuck,queued,
4aef8072-ccba-4665-bca7-97d96cbd19a2,stephen-douglas-clements,Stephen Douglas Clements,queued,
bb229e51-4458-4138-b5da-2b813a873438,stephen-funk,Stephen Funk,queued,
dd47d81e-2c14-4120-9fb0-fbe37b33a1e7,stephen-graham,Stephen Graham,queued,
f471b7bf-7598-4e36-90ba-45672f0561fd,stephen-harkey,Stephen Harkey,queued,
37e004fc-b4df-4e69-a4a6-cef9f9ad5c72,stephen-j-joice,Stephen J. Joice,queued,
eb19d42a-dda0-4590-8924-f54a91de0677,stephen-kerr,Stephen Kerr,queued,
aa269cdc-1e36-43dc-b13e-d9d323026ff5,stephen-kim,Stephen Kim,queued,
1f61e710-7267-4431-8d82-53eb230a3b2c,stephen-l-smith,Stephen L. Smith,queued,
a194a153-5ef5-4b59-a90a-599ed4778f8d,stephen-puleo,Stephen Puleo,queued,
aa47446d-debf-4ae9-ae86-7feaeec01a43,stephen-rechkoff,Stephen Rechkoff,queued,
2b048fa0-b1ac-4153-8a06-e717697612ab,stephen-rowland,Stephen Rowland,queued,
1d015938-5530-49bd-8197-4412a104131c,stephen-schweitzer,Stephen Schweitzer,queued,
c5b8332c-c9e1-4190-b444-d8b697254388,stephen-shuren,Stephen Shuren,queued,
b040fb4b-5125-4a3b-8c85-703d6a179070,stephen-stanley,Stephen Stanley,queued,
8a8f6e44-4c92-4d48-b422-3eff72c6482d,stephen-zinich,Stephen Zinich,queued,
0ab568fd-46c0-45e6-a79b-91adb3838dd4,steponas-indriunas,Steponas Indriunas,queued,
3808320a-2aa6-49c0-9f2e-759133878269,sterling-hobbs-fatir,Sterling Hobbs Fatir,queued,
28032cc4-b6fc-4c37-8770-74a5cd1561eb,steve-argue,Steve Argue,queued,
9fb1a43e-7af4-4133-8ae3-5126c3f7f1c1,steve-baggarly,Steve Baggarly,queued,
0856a071-e3f4-46d4-98b8-f28d038fcfb6,steve-bratich,Steve Bratich,queued,
064219e1-ad5d-44f7-93dd-af9925f97d28,steve-domagalsky,Steve Domagalsky,queued,
60f09522-6f37-4070-a32b-9e25002effc9,steve-green,Steve Green,queued,
83e863ef-76b8-4121-a865-412e15ab0066,steve-hindi,Steve Hindi,queued,
fc198985-3dc7-4c70-b7c1-3244cb663e0c,steve-jacobs,Steve Jacobs,queued,
a0011232-e51b-498d-8c46-93829a317559,steve-kurepa,Steve Kurepa,queued,
e8c80045-9aa3-4084-ad8f-05aba7f16a33,steve-long,Steve Long,queued,
2d0fab11-2dd1-4294-aec1-95e0c63ffea8,steve-meanovich,Steve Meanovich,queued,
6c55b072-112e-4f34-8ade-8b81fadfb415,steve-mendola,Steve Mendola,queued,
9ad03216-0a0f-48c4-9755-cd340fac63da,steve-perlich,Steve Perlich,queued,
10551983-97f7-41b4-a7fa-7c445566429a,steve-pivarsky,Steve Pivarsky,queued,
eb309aeb-90c1-4d53-8d56-ae1392203ea7,steve-tandaric,Steve Tandaric,queued,
0dd2b3b3-2341-48d0-9472-f5140717a027,steve-vargo,Steve Vargo,queued,
b92357f5-5a6e-44b8-b046-4432df038648,steven-burke,Steven Burke,queued,
0d795dec-7798-4697-a8d0-ea6aa45504bf,steven-guerra,Steven Guerra,queued,
f793d5d7-3e46-4c2f-854e-9b23c5443e26,steven-james-murphy,Steven James Murphy,queued,
85abc66e-dba0-4452-a5db-cff78617accf,steven-lopez,Steven Lopez,queued,
7bca36e5-4e7c-4ffd-b03f-c8217a969ca1,steven-m-fitch,Steven M. Fitch,queued,
cc19becb-d663-441d-b381-3c5e4e7af961,steven-soliah,Steven Soliah,queued,
980fc16d-1a8f-41c9-8dcd-b23129a0903f,sucszar-michaelvich,Sucszar Michaelvich,queued,
81e123db-432c-4824-89b6-1a6f28795be5,sukie-rice,Sukie Rice,queued,
c5528b68-b619-43b3-8637-7aa2c72b5484,summer-nelson,Summer Nelson,queued,
5914185f-3842-46c4-bbb5-bddd7c3b52e6,sundiata-jawanza,Sundiata Jawanza,queued,
ab44cfa6-c84c-4dda-976d-81143d081210,surry-eaton,Surry Eaton,queued,
e1dc8eaf-aaca-4142-8ec6-f30366b31465,susan-daniels,Susan Daniels,queued,
a9db41e5-e8e8-4fee-bdf8-17130ae4eeb6,susan-frankel,Susan Frankel,queued,
ee57056c-af8d-46a8-a12d-3aaea7822c2c,susan-marie-parker,Susan Marie Parker,queued,
4e80d78a-b994-4929-a57e-8e79384d2e28,susan-rodriguez,Susan Rodriguez,queued,
9a4dc804-4ddb-47b2-b9cc-7fad10ce7be2,susan-van-der-hijden,Susan van der Hijden,queued,
65ae9450-37a6-4353-be15-6d6164cd0d8b,suzanne-goldberg-savio,Suzanne Goldberg Savio,queued,
b6c10c17-d7f1-462a-be91-56f615e052de,suzanne-muscara,Suzanne Muscara,research_pending,Initial encyclopedia image-index search completed; no verified portrait selected. Broader research remains.
674afdf3-7d8d-4f10-b0a4-30c671b382cf,suzanne-savoie,Suzanne Savoie,queued,
dc9cac6f-865d-4b5c-8130-0bf0cd07ef4b,suzanne-schmidt,Suzanne Schmidt,queued,
8a744212-ed96-4899-868c-2c47eb4256ac,suzanne-williams,Suzanne Williams,queued,
5a041924-924d-417f-b092-80b137f98223,suzette-bridges,Suzette Bridges,queued,
960c3326-cc5f-46aa-835e-67b3be24f973,sydney-clifford,Sydney Clifford,queued,
1978fc33-fe69-4791-9d2b-7a21f3e5d6a4,sydney-mader,Sydney Mader,queued,
c18e5a1f-a84d-4618-857c-d410612bade2,sykes-fox,Sykes Fox,queued,
76d92904-d64e-4852-b00f-506d9d1ed6d5,sylvia-boyes,Sylvia Boyes,queued,
b2454f3d-314a-4a4e-8a25-1fbec7eaff77,sylvia-diane-wilson,Sylvia Diane Wilson,queued,
3e2976ce-c754-4757-8f81-090d7ba523fe,sylvia-powell,Sylvia Powell,queued,
7c44eee1-c0e2-4c41-b704-d4e2ea1dda2a,t-a-harris,T. A. Harris,queued,
92955016-8e75-4378-bb61-5a3077d33c16,t-a-montgomery,T. A. Montgomery,queued,
4fc22cef-cecc-446f-8789-7e95276ee253,t-dixon,T. Dixon,queued,
1f1c901c-a326-4596-bcf5-c144062fd109,t-e-hawkins,T. E. Hawkins,queued,
2551431a-5216-422b-a9d7-ae0381ce83b1,t-f-schultz,T. F. Schultz,queued,
e0830560-9892-43e6-818f-25559dd4814a,t-jefferson-shreve,T. Jefferson Shreve,queued,
c03e0e29-7fb3-4eab-9abd-3f86296a0ad3,t-l-fisher,T. L. Fisher,queued,
d4876b81-3229-42da-8220-1899b143b1c6,t-luesse,T. Luesse,queued,
52247d70-c265-473e-a8cf-64345eb8ab75,t-o-kleiberg,T. O. Kleiberg,queued,
cd7cab1f-7aee-48a4-9f3a-63e4e66f712f,t-r-kinget,T. R. Kinget,queued,
8416f3bd-9c8f-4c0e-9e3b-9ebb652b4c46,taft-holmes,Taft Holmes,queued,
60aac85d-199e-496e-8b7c-88b888765dbd,tahan-k-jones,Tahan K. Jones,queued,
faa2fec7-1458-4641-8029-9495763a3aad,taimane-jame-teo,Taimane Jame Teo,queued,
3d10832b-d6ba-4415-aea4-f3d1e8c9d243,tamu-sana,Tamu Sana,queued,
0ef8090e-6993-49d9-a4e9-0df55ec77e0c,tandre-buchanan,Tandre Buchanan,queued,
f2a86b4d-06d9-4fbb-a17d-b2f0bc02284a,tania-hernandez-carrion,Tania Hernández Carrión,queued,
f9156b45-1af8-4fee-8db3-c3ed95f1b78b,tao-li,Tao Li,queued,
b7ad9748-46b8-4686-8782-dfa12eaf4f51,taras-bojarchuk,Taras Bojarchuk,queued,
3774edd3-203f-41dc-8401-eb9ca31fb1d7,tareq-mousa-al-ghazi,Tareq Mousa Al Ghazi,queued,
c6e76291-9cd6-49aa-8ec9-b8bb0c0dfd18,tarik-ali,Tarik Ali,queued,
4fd60135-d58b-4fc3-b5dc-c119b6d971c4,tarik-nkrumah,Tarik Nkrumah,queued,
fd48c8be-be02-4802-a88b-3108b54bdce7,tariq-james-haskins,Tariq James Haskins,queued,
9bf1a379-c047-4247-b9f2-ebaf609f52bc,tearra-naasia-guthrie,Tearra NaAsia Guthrie,queued,
a47fa204-11ad-44b7-a121-bade2a7748bb,ted-baer,Ted Baer,queued,
97a332bc-b5ae-470a-bbee-d948ff18aa84,ted-clark,Ted Clark,queued,
2c831607-1cc5-497d-b0b1-56c44dac35a1,ted-fraser,Ted Fraser,queued,
fa9a0ce5-5728-44b4-9540-6013d65f0b31,ted-graham,Ted Graham,queued,
b31ca7f1-3c1c-472d-8f75-4678ed1fcb98,teddy-arunsky,Teddy Arunsky,queued,
978c1128-20e4-4829-a96e-19ac9c5e1eaf,teddy-jackoski,Teddy Jackoski,queued,
25bd95ee-5f7a-4613-98c7-1a4750a1941e,tenola-gamble,Tenola Gamble,queued,
16b5b451-167b-4063-8379-cfa2f727ab14,teodor-krishtop,Teodor Krishtop,queued,
e614abd3-f8f1-46d9-af62-6ece285ba637,teresa-pizarro,Teresa Pizarro,queued,
47a3949e-6f3a-425b-89cf-6fb3c9e9ad3f,teri-rainelli,Teri Rainelli,queued,
6165d215-c958-470d-b400-6dcc00e4dd6e,terrance-lee-hester,Terrance Lee Hester,queued,
67730ca9-5dd2-4dc4-af7a-8c40b4f08bb2,terrence-clyne,Terrence Clyne,queued,
a505cc2a-d1b2-45ac-8b62-93c28e9908cf,terrence-mcguckin,Terrence McGuckin,queued,
428ce312-3020-40c3-9e83-1e83935b17ce,terry-buckalew,Terry Buckalew,queued,
e5628ef4-0325-4cdd-85d7-7c9afa552c69,terry-cotton,Terry Cotton,queued,
fe5e0a66-0c0a-44b9-89b8-6012fc17af85,terry-lemond-dorsey,Terry Lemond Dorsey,queued,
53023fd3-64d7-45d4-a825-f270b6cb95ca,terry-phillips,Terry Phillips,queued,
ab9e3c97-d0c9-490a-8520-30ca74bca99d,tess-ewing,Tess Ewing,queued,
13f92f59-2f45-44b2-a4e2-621f60f8e917,tewahnee-sahme,Tewahnee Sahme,queued,
675aa2e3-774f-450f-af27-25e5daf9caf0,theo-fedotoff,Theo Fedotoff,queued,
a5583627-987b-488a-b062-df4171be311b,theodora-pollok,Theodora Pollok,queued,
49d38462-9d9f-44f0-86c8-6cec8ca68317,theodore-adriaan-matthee-obrien,Theodore Adriaan Matthee-O'Brien,queued,
02ec1fbf-bd70-42a8-b2d4-7b0e8902f1d1,theodore-bailey,Theodore Bailey,queued,
bb2b7b21-a8e6-4ffa-ad41-c553e5188b93,theodore-buessel,Theodore Buessel,queued,
4b36b731-8f5a-411f-b2a7-b594e290dbfb,theodore-e-falatovitch,Theodore E. Falatovitch,queued,
c835d577-9711-4c5a-a2bc-f4f7ed3d5734,theodore-eggeling,Theodore Eggeling,queued,
80aa1eb0-7ff6-4c7b-8f39-537079b705e4,theodore-gibson,Theodore Gibson,queued,
7f36820a-45c3-4507-aab9-45b43f111510,theodore-hiller,Theodore Hiller,queued,
4c330ac1-cb7f-4934-8041-fe0add3d4f59,theodore-huebener,Theodore Huebener,queued,
0969053c-fe69-4232-a547-41898655c811,theodore-huebner,Theodore Huebner,queued,
3500f7af-e972-4709-9744-4d36a59461aa,theodore-jordan,Theodore Jordan,queued,
77cd2f67-7421-4a19-a3c3-9210666ac88a,theodore-lauer,Theodore Lauer,queued,
9cca3d2f-309a-415c-a950-989ee1c8cfff,theodore-narusheff,Theodore Narusheff,queued,
44d4fec5-53a1-4d16-b162-56382ae1ec22,theodore-olson,Theodore Olson,queued,
e0c9b2cf-f6ec-4c8c-a230-b61e3a202e98,theresa-cusimano,Theresa Cusimano,queued,
8f2e4311-06cd-4ec8-88c0-97a3533ac7a9,theresa-presillac,Theresa Presillac,queued,
04a736e4-ed16-45b9-83aa-54b2ce1eaf73,therese-coupez,Therese Coupez,queued,
55d35e32-3f51-400a-994c-6bff1a97bad4,thirunavukkarasu-varatharasa,Thirunavukkarasu Varatharasa,queued,
442a884c-5a3e-4e8e-8fdd-4e748f349a0e,thiruthanikan-thanigasalam,Thiruthanikan Thanigasalam,queued,
0a75a1ea-e377-4e7f-be79-23dd0b9ddafa,thomas-a-jenkins,Thomas A. Jenkins,queued,
1dae1b4e-7b93-4234-950e-ecf6ba62fd97,thomas-adams,Thomas Adams,queued,
5a2e639a-124e-4989-9a65-f34c0a8f6799,thomas-affleck,Thomas Affleck,queued,
6788f7f8-a868-4f9a-b005-200ace9a88a9,thomas-alexander-starks,Thomas Alexander Starks,queued,
ef7e199b-d698-4667-99c3-1997a63a81bd,thomas-berry,Thomas Berry,queued,
db02735b-94a9-47e7-9203-eca878f412ab,thomas-blair,Thomas Blair,queued,
d0553842-7856-477d-9f2a-2267564de961,thomas-bottolene,Thomas Bottolene,queued,
ccc38c7b-cbc0-4667-8fa7-b4ddbd95885f,thomas-brown,Thomas Brown,queued,
fcb25244-e95b-4908-9de6-304fc6437774,thomas-bunker,Thomas Bunker,queued,
35b66b5b-9a59-433e-a7ed-3c22b5787a7a,thomas-burney,Thomas Burney,queued,
adaf27d0-2d89-4fc0-a3f4-7cfdbe9760f6,thomas-cannon,Thomas Cannon,queued,
b7685f70-8b72-49a7-98ae-59dbefba9018,thomas-carey,Thomas Carey,queued,
2f30dce2-8460-4fcb-80a4-b456bd1ee430,thomas-chism,Thomas Chism,queued,
d505ba90-938e-4ea2-b910-15ae4d2f06a0,thomas-coleman-hawkins,Thomas Coleman Hawkins,queued,
6ff9cb4f-9dd6-4b0c-a58c-2c8822e203ec,thomas-connors,Thomas Connors,queued,
912a05eb-d3e3-45c7-9efd-bb1f568af74d,thomas-coombe,Thomas Coombe,research_pending,Initial encyclopedia image-index search completed; no verified portrait selected. Broader research remains.
367e2229-fac1-499e-bf35-65bf91065edb,thomas-cornell,Thomas Cornell,queued,
0aab16c9-aaa3-4685-9bac-c9c77a5e618c,thomas-costanzo,Thomas Costanzo,queued,
8f3fc15f-8ca0-46dc-a665-6b387cdee034,thomas-dennis,Thomas Dennis,queued,
77d226d3-4757-411f-97b0-3b4444ff77c9,thomas-dutton,Thomas Dutton,queued,
616622d5-a4df-48d3-b022-9081ae16695d,thomas-f-reed,Thomas F. Reed,queued,
6ed7e57c-72de-4c4f-b027-a795a03b041d,thomas-fisher,Thomas Fisher,queued,
e3ae9997-cfcf-48eb-b1d6-9fd5c2e47ee8,thomas-freeman,Thomas Freeman,queued,
03346a93-8acb-4cdf-b2e7-debd71b56195,thomas-gann,Thomas Gann,queued,
d63f8791-6369-486b-b9cc-b4b174c808e2,thomas-gilpin,Thomas Gilpin,queued,
111dd310-5bee-4bc6-82c0-d5655baf1fcb,thomas-graves,Thomas Graves,queued,
0ec75174-ac16-426c-88a1-38a68254ca8a,thomas-gray,Thomas Gray,queued,
111d52a3-800f-4369-bb48-c167c0f2f64d,thomas-hammerschmidt,Thomas Hammerschmidt,queued,
2a3e09d4-3d1d-41c1-8c66-035f45736dee,thomas-harty,Thomas Harty,queued,
b6fad312-bfa3-400b-950a-f2aceb8a7b6a,thomas-hirschi,Thomas Hirschi,queued,
e44e704f-558d-469a-a60b-4787f8649643,thomas-holmes,Thomas Holmes,queued,
dee2bf8d-7d25-401f-9626-66e1e6fcd241,thomas-hooker,Thomas Hooker,queued,
04d8c7bb-9811-42b4-9ccb-d71bdc082528,thomas-j-taylor,Thomas J. Taylor,queued,
9b314a88-0ecd-423b-871a-487d90cdc45f,thomas-keegan,Thomas Keegan,queued,
0f948ce9-a686-472c-a56e-a9d452219ca0,thomas-keenan-love-park-2007,Thomas Keenan (LOVE Park 2007),queued,
3fb888e0-7007-4b6d-b280-f8a52c2022d2,thomas-laffey,Thomas Laffey,queued,
0113f410-207f-40e3-99be-c569e3541ea6,thomas-lapsley,Thomas Lapsley,queued,
d12a379c-3fb6-4d19-b5c1-5bc11177a936,thomas-lyons,Thomas Lyons,queued,
f8b36ce3-351f-41f7-bb3b-60b83fd51ddd,thomas-martinez,Thomas Martinez,queued,
d7beb7ce-85b8-4be5-a214-594f5659e509,thomas-mattox,Thomas Mattox,queued,
9911845b-a02c-4c85-a735-dec71c0d2673,thomas-mccomb,Thomas McComb,queued,
4f92cb74-dd45-45c3-a9ed-a32d4ecfc1b2,thomas-mcdermott,Thomas McDermott,queued,
a4bc5bfb-43c0-4189-bc6e-1b12cf90966b,thomas-mcgann,Thomas McGann,queued,
34f97700-8feb-4748-b4cf-ee6e75307b1a,thomas-miller,Thomas Miller,queued,
1ca4e51c-a238-4d72-8538-ad24ad35a440,thomas-moll-rocek,Thomas Moll-Rocek,queued,
cbfef648-d1a7-4d2f-95dc-cbc9ac0c19a6,thomas-morgan,Thomas Morgan,queued,
6ebe07aa-789a-4836-99ed-4684e75b0686,thomas-nabried,Thomas Nabried,queued,
59317af5-1aa8-48a6-ab0f-d3fb46fe8d41,thomas-omara,Thomas O'Mara,queued,
9e97ac69-f0a5-4ac0-8c41-f60f3668d4b7,thomas-p-beach,Thomas P. Beach,queued,
741e4243-cde7-4b20-bd4b-3e06a28670cf,thomas-p-fisher,Thomas P. Fisher,queued,
75c0d891-5de0-4174-978a-8abdd5ac9c2b,thomas-p-moran,Thomas P. Moran,queued,
762074f2-5e94-4224-89bb-fb44fa6b2936,thomas-patterson,Thomas Patterson,queued,
d0aa5cfe-efa7-48fc-9694-22ac2dc1bb5d,thomas-pike,Thomas Pike,queued,
5bcc692c-b497-47bb-9700-731ed5cc478b,thomas-quinn,Thomas Quinn,queued,
a618a425-431c-47fe-b99a-de055ac7faf1,thomas-r-sullivan,Thomas R. Sullivan,queued,
805fa8ca-a2d1-40da-819d-363ae7d0e05c,thomas-raley,Thomas Raley,queued,
c959853a-6432-4516-ad03-fd8b62ded1ab,thomas-rimmer,Thomas Rimmer,queued,
583edfcf-2ab6-4e41-b6fe-db8bc0f9a8aa,thomas-savage,Thomas Savage,queued,
0d0d25d5-a0a7-4e75-85e5-5ce91d32fe72,thomas-sedgwick,Thomas Sedgwick,queued,
ce80119a-f44d-4233-b38d-0b4418a94088,thomas-sharp,Thomas Sharp,queued,
749c514d-78d1-44bc-8373-c75b2265a87a,thomas-todd-edwards,Thomas Todd Edwards,queued,
e5de2714-2a71-4030-bfae-857ce21c2e02,thomas-trost,Thomas Trost,queued,
acd43fa5-894a-4428-9445-52a73afc6c66,thomas-w-edwards,Thomas W. Edwards,queued,
046731ee-d1e4-419d-9e9f-7674bd04bf4e,thomas-wansley,Thomas Wansley,queued,
0e0a4998-237a-4807-ba33-8fc29d21764b,thomas-warner,Thomas Warner,queued,
586e69f3-aa80-4afc-972a-2066c3306d36,thomas-welnicki,Thomas Welnicki,queued,
7a2eb1c5-5a68-4346-9101-46f4451a902d,thomas-wharton,Thomas Wharton,queued,
005821dd-ee05-4248-bd00-917abd22f4c4,thomas-wilder-moseley,Thomas Wilder Moseley,queued,
c61ce72e-a60c-4d07-a928-ebeb647ee421,thomas-yarkineas,Thomas Yarkineas,queued,
8902b69a-c40b-4401-abc0-0eadbdf57a0e,thornton-blackburn,Thornton Blackburn,queued,
1121a709-2bac-49cf-9c5b-724714a04f5d,thorvald-nielsen,Thorvald Nielsen,queued,
2e52cd20-b964-4c61-a29d-143787b5c4b1,tiffani-shea-gish,Tiffani Shea Gish,queued,
6704245a-d974-4abd-8972-5c83d9525dca,tikon-krasnov,Tikon Krasnov,queued,
9107d6c2-40a7-4825-ab52-1f134592a5c5,tillman-h-soldner,Tillman H. Soldner,queued,
b00e531e-df48-44da-9af9-4d8d3331cace,tilly-gerish,Tilly Gerish,queued,
71f54664-add9-4897-b18e-60447800331b,tilman-dr-soldner,Tilman (Dr.) Soldner,queued,
e06db01c-8491-49fb-af11-ba6b90692ed1,tim-lietzke,Tim Lietzke,queued,
2998f332-4f6a-4877-8848-27f150db175d,tim-quinn,Tim Quinn,queued,
7cb7f8e5-ba2f-4277-a906-0c0c93e8ce6b,timofey-furs,Timofey Furs,queued,
9cdbbbf5-8589-4fb3-b1de-f828521de0fb,timofey-saychenko,Timofey Saychenko,queued,
b7f33419-d763-437b-a3d9-5c2ceac1a6de,timothy-adams,Timothy Adams,queued,
e39b6a5b-b98c-4f0f-b711-6ba5522a8f91,timothy-hummel,Timothy Hummel,queued,
36a6821e-b6b8-4639-ac35-a14e3a5199cf,timothy-james-goodner,Timothy James Goodner,queued,
69f2ffed-c61c-4fdc-a083-af72c536314b,timothy-ryan-kennedy,Timothy Ryan Kennedy,queued,
c0a443b0-bb5c-419c-917e-9cfee15139a4,tobe-simons,Tobe Simons,queued,
794c994f-9427-441d-8ae6-bb0c7471acdf,toby-olditch,Toby Olditch,queued,
76da70e3-8158-43e4-926f-ad6966255ade,todd-kaplan,Todd Kaplan,queued,
2423c409-3e89-4c67-b431-43b065fa2edb,todd-thompson,Todd Thompson,queued,
1efdbd9a-c112-4509-b719-371f1d378a34,todor-antonoff,Todor Antonoff,queued,
75ea7976-242d-436a-8a3b-e13b4eb0c067,tom-benich,Tom Benich,queued,
9b974c1f-820f-4657-9184-a1cd570771db,tom-boich,Tom Boich,queued,
15db5f22-5640-4648-8b63-c75127c377f4,tom-borich,Tom Borich,queued,
8d9c4b66-6d8d-47f7-88c2-efbec15af25f,tom-canipe,Tom Canipe,queued,
2106930a-b5e7-4525-a693-67ff2f479af2,tom-connors,Tom Connors,queued,
1397d3e2-96fd-4885-91a3-2347a8490580,tom-crawford,Tom Crawford,queued,
b5726669-e90e-4482-ba05-f8190c87c822,tom-csekey,Tom Csekey,research_pending,Initial encyclopedia image-index search completed; no verified portrait selected. Broader research remains.
55bab393-a00d-4b2f-b501-e40c1c166528,tom-dostou,Tom Dostou,queued,
5d3394e2-bef2-4267-ab9f-9219f23fcd97,tom-hastings,Tom Hastings,queued,
9fbbe4ed-6798-4f2b-9022-ffa23098dfc2,tom-johnson,Tom Johnson,queued,
8b71d016-9fcd-47d5-84a9-be6ec0b926c2,tom-mahedy,Tom Mahedy,queued,
8509bf61-8173-4b56-b47c-23375a759886,tom-melville,Tom Melville,queued,
37b049f3-94dd-4598-9512-cf4b863077f2,tom-morgan,Tom Morgan,queued,
bf5f5e27-bb3c-4df7-9e1d-8eced5e44006,tom-myerscough,Tom Myerscough,queued,
c92def5c-4291-477d-8b98-1a1177acf271,tom-nash,Tom Nash,queued,
2b56a8f0-7e09-43a9-9936-782ddba8ac06,tom-quinn,Tom Quinn,queued,
ef7dc833-39a1-455b-9d43-89795fac0b96,tom-ross,Tom Ross,queued,
b9f10497-9b65-494e-9651-69a0342d61d0,tom-stevens,Tom Stevens,queued,
1a8a338f-e44e-42ea-af17-4713de55c5b0,tom-sung,Tom Sung,queued,
bea9c5b6-cb26-4bb4-a37a-a5220ef5fc44,tomas-prosk,Tomas Prosk,queued,
08455b98-75bd-48f3-a62b-fce24175d2db,tomas-zayats,Tomas Zayats,queued,
70ca052e-8531-4cf9-91c5-808b8e9bb090,tommy-atwood,Tommy Atwood,queued,
44d48ef8-56d1-4bcb-a5ba-8f7fd8d4601b,tommy-dotson,Tommy Dotson,queued,
5558c073-77f8-42ee-bf90-2d809878e63f,tommy-lee-hines,Tommy Lee Hines,queued,
c27109fb-a491-4fe7-bc19-d2d53b2ea046,tommy-sheridan,Tommy Sheridan,queued,
d141569f-6ca9-48fe-9ab1-f97f6fe352b3,tommy-williams,Tommy Williams,queued,
2807c167-c435-4985-a984-b885a24d2f5e,tomas-lopez-de-victoria,Tomás López de Victoria,queued,
62271f62-68ca-4c5e-a72d-c533d1030a23,tomas-morales,Tomás Morales,queued,
05b9b6c5-844d-4a5a-9d0b-a8363333457a,tomas-sarabia-labrada,Tomás Sarabia Labrada,research_pending,Initial encyclopedia image-index search completed; no verified portrait selected. Broader research remains.
89dba646-9835-4752-b3f0-ecca69bc975a,tomas-vargas,Tomás Vargas,queued,
58ea5d51-9a0c-4290-8597-d5dc7cf6233d,tomas-de-espinosa,Tomás de Espinosa,queued,
0f5eb1fd-ae5b-4164-aa56-1e0439136dcd,tondrique-j-fitzgerald,Tondrique J. Fitzgerald,queued,
bd7555e4-f063-4f74-b3f3-fc10f02bdf3c,toni-flynn,Toni Flynn,queued,
b9418a6e-9499-44a8-be32-9cbfa4748f24,tony-alexander-hamilton,Tony Alexander Hamilton,queued,
ea6610c5-2876-4fb2-bdb5-178fd6a5fd3a,tony-andrews,Tony Andrews,queued,
6187d154-4be8-45e1-bddf-87d9eb255d88,tony-de-bernardini,Tony De Bernardini,queued,
df076042-437f-473e-9fd5-3261619edf3f,tony-j-adams,Tony J. Adams,queued,
14feb188-3a8e-48cd-96e2-bb3f1aa40f10,tony-krizon,Tony Krizon,queued,
176e129c-7807-4374-b263-8928a444351e,tony-kurson,Tony Kurson,queued,
69c59265-d052-4264-bddb-98aa71891b34,tony-martinez,Tony Martinez,queued,
37415e91-ca50-4edc-84b7-7236284491e7,tony-minerich,Tony Minerich,queued,
a0867531-c7a0-47e1-a7aa-c6eee7628ab4,tony-petnoshki,Tony Petnoshki,queued,
c2419cb8-5257-43e2-8f88-20a0aa00ba01,tony-pochno,Tony Pochno,queued,
b730fbd4-a306-467a-a35a-bff94046b385,tony-pruschuk,Tony Pruschuk,queued,
15bac6f9-117c-4ea3-9596-c2aafae627db,tony-stafford,Tony Stafford,queued,
21de08d0-1165-4d6f-a4f9-298016ed776a,tony-stolke,Tony Stolke,queued,
95675b21-3323-403a-bcc1-5ee19b9914b3,tooker-gomberg,Tooker Gomberg,queued,
74bff604-d33b-4c2e-8129-2aae168c73be,torazo-sato,Torazo Sato,queued,
2799a6c5-ef8d-4e9f-b1ad-a403bed0ccdc,travis-glendon-martin-iii,Travis Glendon Martin III,queued,
d15b22ad-0b91-4655-863c-4bca7602ae89,travis-morales,Travis Morales,queued,
1a0b1ad2-0049-4a08-ac5d-bd9b7a65d76e,trevor-miller,Trevor Miller,queued,
aaa868c5-264b-4732-8ac4-a5965562f977,trinidad-garcia,Trinidad García,queued,
f62dcf07-6875-42d1-86f6-718f131d60cc,trofin-momotuk,Trofin Momotuk,queued,
06dd9f41-211e-4eec-a1d5-28196db86bff,trofin-nicolaieff,Trofin Nicolaieff,queued,
4c498a72-9f97-4b76-8f51-f9282888f59f,trofin-shipuk,Trofin Shipuk,queued,
8dc01c6c-96f3-45fe-8d9b-426e05cab4bd,troy-desson,Troy Desson,queued,
8011ad5d-cd80-421a-89f8-6a7bcb26b11a,troy-willard,Troy Willard,queued,
52beb554-fbbd-47a9-841f-f4456f94914e,tugardo-montanari,Tugardo Montanari,queued,
0fd7dac6-2c8c-4761-a2a5-742c1004a793,turi-vaccaro,Turi Vaccaro,queued,
7d954b09-148a-4a11-b3db-ca04a2cbb0f7,turibbio-santarelli,Turibbio Santarelli,queued,
ac9edeb9-428f-4ffc-8839-05de38342a81,twymon-ford-myers,Twymon Ford Myers,queued,
0c6f255a-9ba8-46a7-906b-b2452a69cb99,tyler-john-norman,Tyler John Norman,queued,
a742fd87-5b20-44f3-a6e0-33914a078d03,tyre-means,Tyre Means,queued,
75d3418d-5b59-4a0b-995f-8eabebfbc9ce,tyree-walker,Tyree Walker,queued,
457ad025-4129-4238-8a9f-745e39cab718,tyshaun-t-smith,Tyshaun T. Smith,queued,
f15c2bbf-05c9-472f-a1c7-19088ab55128,tyshawn-ford,Tyshawn Ford,queued,
b0074d31-ec62-4528-a60f-3d0494214c69,ubaldo-m-soto,Ubaldo M. Soto,queued,
e9eb6a38-65f5-42d4-94e6-2969a1bd5960,ugo-balzano,Ugo Balzano,queued,
713b2463-60d4-40c9-a8b9-6df9e16d0468,ulibarri,Ulibarri,queued,
24fe3426-c919-486d-a196-d843eaa739d7,ulla-roder,Ulla Roder,queued,
bd129381-f64d-41a7-935e-886f8ce2d8a2,ulysses-derosa,Ulysses DeRosa,queued,
8b4718e3-5e69-43db-a6ae-3adccc319642,umberto-colarossi,Umberto Colarossi,queued,
9e95bf0b-e21e-4902-96d9-0b60ccc20dc8,unto-immonen,Unto Immonen,queued,
9da2352c-b2c1-44b0-8cea-c985c6ce3e9f,ura-v-aschliman,Ura V. Aschliman,queued,
fc802066-82d4-4aaa-9e3d-bbccd684e7d1,ury-j-odell,Ury J. Odell,queued,
3a69e0fc-15d5-4b91-836c-c67ececdd904,ustin-manko,Ustin Manko,queued,
def1cb17-99b6-46fe-a0c3-13884674502c,v-gaudenzi,V. Gaudenzi,queued,
80d27295-75fe-43b1-be9f-308fe38803fb,v-v-obare,V. V. O'Bare,queued,
8828f397-1132-4a4e-9fe3-04771aa155ce,v-v-ohare,V. V. O'Hare,queued,
2a42d6e6-38d6-4737-9544-de3995267aee,vakula-markovets,Vakula Markovets,queued,
6c4a8375-158f-4e29-b1ed-dcade68fd00b,valerie-bridges,Valerie Bridges,queued,
5c9085ea-6e71-482a-8ef1-f1acb4a1050d,vallentine-mink,Vallentine Mink,queued,
8da60ed8-7c35-4f11-9911-e068617e0c7c,van-b-wimble,Van B. Wimble,queued,
aa316c77-4453-47ae-8f80-7d426b86526e,van-l-mayes,Van L. Mayes,queued,
0f5aaf92-ba71-484c-9804-07e4e3e5095d,van-skedine,Van Skedine,queued,
6539eced-8980-4ca4-b5bd-a9ab6b4b0262,vanbuford-womble,VanBuford Womble,queued,
df9f71c8-4d5c-44df-aeac-69e901451069,vane-dart,Vane Dart,queued,
0e06e88e-7092-429e-ba4b-161ce7e8df44,vasil-gornovsky,Vasil Gornovsky,queued,
788ca411-a16f-44a8-b74b-8ad223510d6d,vasil-kozlov,Vasil Kozlov,queued,
08bf6885-cb70-4422-ad31-4b58963b7d1a,vasiliy-daynega,Vasiliy Daynega,queued,
ed55682f-e9d8-46ec-ac25-4c4c3d41bc50,vasiliy-ivanovich-tarasyuk,Vasiliy Ivanovich Tarasyuk,queued,
9e3f1443-c0dc-47a3-8809-7da594211462,vasiliy-vaschuk,Vasiliy Vaschuk,queued,
d9fba5d8-ef11-4be0-8e38-a1a0adb90e8a,vasily-andreyev,Vasily Andreyev,queued,
295df2e3-842d-479c-ac99-63a9bf7117cb,vasily-bondarenko,Vasily Bondarenko,queued,
e588817e-5f09-4943-a01b-f3c0b03a0f20,vasily-korotkov,Vasily Korotkov,queued,
bdc8880f-fa24-40fd-8b76-2cda84327ccf,vasily-kozlovch,Vasily Kozlovch,queued,
10534b89-2efb-45ae-b9bf-e459c497e5e9,vasily-lukashuk,Vasily Lukashuk,queued,
e9c22437-25ef-4e3a-b2e6-a3de3379510f,vasily-malevsky,Vasily Malevsky,queued,
2cbb4ec0-c217-4455-a073-10d6b052be9f,vasily-mitin-konyakin,Vasily Mitin Konyakin,queued,
3259c055-d284-46d4-8716-b75a5015da15,vasily-murza,Vasily Murza,queued,
58df37c0-57ce-40b5-9c37-7be5bac64977,vasily-roberts,Vasily Roberts,queued,
0b74ce9d-3229-4c48-9767-fd02aa0ffdc6,vasily-sedov,Vasily Sedov,queued,
d1f1fd4b-4fa1-4455-9135-d5f34ecfabec,vasily-vasilyevich,Vasily Vasilyevich,queued,
882a9581-175e-4068-94bd-ce84b699b010,vazil-haluszak,Vazil Haluszak,queued,
6415ea4e-70e8-4845-9386-ae27bc167acb,venancio-velez,Venancio Vélez,queued,
4d648d4f-9bc5-49ef-b17a-bded68e06d39,veniamin-afanasevich,Veniamin Afanasevich,queued,
fc4f5f7e-3c49-4501-b539-1cad4aa374e4,verlina-brewer,Verlina Brewer,queued,
4a5bb1d6-feda-4bd7-8225-82e25ceb30ca,verne-lester-kessler,Verne Lester Kessler,queued,
5d640c23-c63e-4589-a80b-3e3ff76d3923,verne-smith,Verne Smith,queued,
6af98069-d768-45c2-88b9-0b107a6bc01c,verner-siro,Verner Siro,queued,
06258e2b-8cd9-47bf-88fb-f752d8b5d976,vernis-kitterman,Vernis Kitterman,queued,
30794ee8-5436-4515-b346-1ededec6cdc5,vernon-bellecourt,Vernon Bellecourt,queued,
8a1f6071-7b26-43c2-80d7-c086bc767a61,vernon-benton,Vernon Benton,queued,
c7582fb9-3fdd-489e-b4d2-2dc5cdfe2a49,vernon-bown,Vernon Bown,queued,
ec609302-3488-4947-ae88-f31943bb67ae,vernon-joseph-rossman,Vernon Joseph Rossman,queued,
d27ed15d-4f9b-47bc-a33f-7b1a0d664195,vernon-siro,Vernon Siro,queued,
8444b0fb-4bfb-49d4-99ce-b6e6fa0c94ea,vicci-hamlin,Vicci Hamlin,queued,
916d7840-b3e0-44d6-b7c5-15845f8c84a4,victor-a-sanchez-santa,Victor A. Sanchez-Santa,queued,
f050d8b8-f4bb-4e43-b518-0896b65990ad,victor-aronson,Victor Aronson,queued,
a95783cb-afaf-4823-8b0a-1ea20a59862f,victor-campos,Victor Campos,queued,
6c1229dc-4d14-46f7-9c92-47e0ba421041,victor-daniel-salamanca,Victor Daniel Salamanca,queued,
3c657c2a-3c1b-4b4a-869c-0fe8024467aa,victor-dombrowski,Victor Dombrowski,queued,
68f9f05f-4f29-46b6-ae0e-fec72edd3690,victor-johnson,Victor Johnson,queued,
a5ee9346-8eaf-4718-b794-9acb1efe8853,victor-malis,Victor Malis,queued,
3f0ec29f-25e6-4b58-88f1-656c701eeb62,victor-manuel-figueroa,Victor Manuel Figueroa,queued,
04694cd9-96b4-4f26-8398-51335b8373b7,victor-martinez,Victor Martinez,queued,
ee54a2b1-549d-48f1-8432-99494975bb10,victor-nielsen,Victor Nielsen,queued,
e52c79c6-6a33-4917-bdc4-e611f8f257b6,victor-privat,Victor Privat,queued,
a0f958aa-108f-49d9-b6b4-f2996c1a22c7,victor-rodriguez,Victor Rodriguez,queued,
838e6803-10fb-4cd1-a0d5-09d3d71a4f9f,victorio-correa,Victorio Correa,queued,
73a984b5-2686-4b6f-8428-b7daacf01fb8,vida-henry,Vida Henry,queued,
1a8b42db-301d-4ced-b7ee-c14a028fa6e6,vidal-santiago-diaz,Vidal Santiago Diaz,queued,
c6d0706a-6e5e-42e0-a146-0c08fcd8b14d,vienna-forrest,Vienna Forrest,queued,
a46eb107-1973-4d1b-adc2-2c3b8dbb856f,vietor-privat,Vietor Privat,queued,
8e2d0149-7535-4e0f-a529-cfe8587af780,vijayshanthar-patpanathan,Vijayshanthar Patpanathan,queued,
b8e6eb10-8171-4c95-acf9-303abedc81ad,vikenti-nozevsky,Vikenti Nozevsky,queued,
ed3289b8-ade4-45b4-b435-99c900668b56,vincent-andrulis,Vincent Andrulis,queued,
cd2cbada-d2c6-4a42-b6b8-454075efa6d1,vincent-buccafori,Vincent Buccafori,queued,
3d80e31d-68cd-4379-bbc3-5004cff83e7c,vincent-ferrero,Vincent Ferrero,queued,
a9581876-c80d-432b-82c7-f2b25ad25c97,vincent-george-tryzno,Vincent George Tryzno,queued,
07981165-4e89-4ced-a977-1d0032b30e0a,vincent-hamer,Vincent Hamer,queued,
2c399228-c1d0-4fa9-b9b0-05a0f3ea7771,vincent-kamenovich,Vincent Kamenovich,queued,
526b0fe8-21a5-4bcd-a9a1-ad32f42de7ab,vincent-kay,Vincent Kay,research_pending,Initial encyclopedia image-index search completed; no verified portrait selected. Broader research remains.
eaa01b6b-31de-4da8-95b2-8d673e389bb0,vincent-kemenovich,Vincent Kemenovich,queued,
c6d2d3bc-7e1e-46f0-934e-282c271db68e,vincent-lombardo,Vincent Lombardo,queued,
98f435b3-8606-48a9-bdd5-bc2e5d1ca78f,vincent-martzin,Vincent Martzin,queued,
2d7a7325-8d43-4687-afae-7fbd84bcbaaa,vincent-robinson,Vincent Robinson,queued,
7961f5f8-a009-43fb-935b-fad35350b30c,vincent-santilli,Vincent Santilli,queued,
9bb1a359-feaf-42a6-a82b-343b7890d8a8,vincente-balbas-capo,Vincente Balbas Capo,queued,
79811c2c-4c5d-453d-b35e-c8d89590ed98,vincenzo-frattesi,Vincenzo Frattesi,queued,
0b88ecd3-ce3d-488a-b8a7-f9ad69a7f8a1,vinh-tan-nguyen,Vinh Tan Nguyen,queued,
aaa84482-cac3-4ce8-8f98-50a9fa36db40,vinko-majetic,Vinko Majetic,queued,
d9c31c14-c929-4e5b-a40c-454f6ae140e3,viola-plummer,Viola Plummer,research_pending,Initial encyclopedia image-index search completed; no verified portrait selected. Broader research remains.
fec9cc90-1ad6-4736-92cb-31f2b42b1808,viola-tiala,Viola Tiala,queued,
8d357c41-7422-4f23-b6d2-631e5bf3008c,violet-lynn,Violet Lynn,queued,
5e0858ae-810f-4665-b7c0-106f740d1b62,violeta-vega-rios,Violeta Vega Ríos,queued,
c31a9c42-4cb5-4409-aa77-c4cc256835b5,virgil-flaviu-georgescu,Virgil Flaviu Georgescu,queued,
7141189b-3bac-451d-ab99-523d8dc3cc13,virgil-hutton,Virgil Hutton,queued,
6035bdcd-b639-44b3-9e84-be052789ce13,virgil-j-stauffer,Virgil J. Stauffer,queued,
617b6943-f635-4061-8aaa-db7aec8e263a,virgilio-foli,Virgilio Foli,queued,
1742daf6-7754-409f-949b-aea93d548469,vladamir-wolck,Vladamir Wolck,queued,
d6a48968-192b-4591-a09a-a554ebbf01a0,vladimir-archuk,Vladimir Archuk,queued,
98de5613-a9db-4898-b0e1-cf2f455d2352,vladimir-borisyuk,Vladimir Borisyuk,queued,
d8f998e4-fceb-4743-a644-cfb5358225bb,vladimir-lossieff,Vladimir Lossieff,queued,
0eba2b19-2c44-4260-9a4b-cdab4a20467d,vladimir-samuylov,Vladimir Samuylov,queued,
397cb049-04c0-4e24-8ff6-658cdd1166b8,vladimir-sestrensky,Vladimir Sestrensky,queued,
fc678cea-af6c-4c76-b9af-730b77ec4bcd,w-a-easman,W. A. Easman,queued,
953e2883-33e3-46c8-a2a8-230ccf5a905a,w-a-fidler,W. A. Fidler,queued,
fb9923de-72db-4caa-a473-21677323c0ae,w-alstin,W. Alstin,queued,
8220438e-8f48-4521-a644-a1755a42ae8a,w-b-jones,W. B. Jones,queued,
7f904c50-7e3c-426c-8b55-b981d71348ed,w-c-patton,W. C. Patton,queued,
7adf5265-83da-40e6-ab8b-09c0982e1c55,w-coppart,W. Coppart,queued,
93652675-aa27-4402-bd19-1d1c863dfcea,w-e-spear,W. E. Spear,queued,
d2ebe059-42aa-4f4d-ba5b-7ff40224f09a,w-f-altenheim,W. F. Altenheim,queued,
e06d5edf-17ba-46f8-9aa3-8a5b3824350f,w-f-moudy,W. F. Moudy,queued,
0d676997-9b93-40ae-9402-a7986c3981b3,w-g-anderson,W. G. Anderson,queued,
6654351d-7286-4899-946b-53a992d74819,w-h-butler,W. H. Butler,queued,
d621ffe4-523e-4930-ad05-d019fd10ea7f,w-h-faust,W. H. Faust,queued,
d98a550d-6ee2-4419-a376-ef04ff8988c6,w-h-huffine,W. H. Huffine,queued,
30184f50-364c-4ebc-93f3-6151293e47e2,w-h-kaufman,W. H. Kaufman,queued,
4c8970bb-d459-4470-b8f2-5a10d8602910,w-h-langley,W. H. Langley,queued,
d77d6e50-1bd8-4bf9-b37e-9ad6ccdd7c85,w-h-lewis,W. H. Lewis,queued,
6a13268b-de45-44e3-a22f-564d5be39756,w-i-fruit,W. I. Fruit,queued,
8d314dd4-8da8-4c79-938d-cd04fe0dd228,w-j-hodge,W. J. Hodge,queued,
22bee577-53c1-4304-b8a7-6f292b5ac34f,w-j-vaughn,W. J. Vaughn,queued,
48b1d4b2-ffc2-4ebf-89cd-e9ae41782a43,w-l-bennefield,W. L. Bennefield,queued,
2ee4c767-88bf-4f06-894b-a2bf1964e89a,w-m-burnett,W. M. Burnett,queued,
a8efa260-8bf7-49b6-b8f1-fa4daa860b4c,w-m-garland,W. M. Garland,queued,
a274e3ab-5bc7-4034-b57f-dbdc3a7eed37,w-m-hightower,W. M. Hightower,queued,
3917c3f6-66f6-415a-a21c-e5d8f867cf4f,w-m-mcginnis,W. M. McGinnis,queued,
41d16ac5-e87d-4284-827c-8171acf178e3,w-m-reivo,W. M. Reivo,queued,
d3cffe7b-67a9-41eb-8d9b-7738de887915,w-p-beard,W. P. Beard,queued,
a2fdf5b5-0b03-4e54-9aa6-577b2e7cdbd1,w-p-mclester,W. P. McLester,queued,
8c4164e4-9846-4667-a410-40ca1ea3a6f6,w-r-holey,W. R. Holey,queued,
29c879d7-5ca0-4533-a22b-a1ad11a0fa2f,w-rutherford,W. Rutherford,queued,
16edf82f-f669-4fc6-ac94-ecf7258b9dd0,w-t-walker,W. T. Walker,queued,
9ca0ad55-fe78-4e9a-902d-aa6fd881d334,w-theo-woodward,W. Theo. Woodward,queued,
5afcc5ba-d2af-4f6e-9a39-4426023a69d9,wagner-bridger,Wagner Bridger,queued,
dc68d7e3-f849-4128-8856-3a97bd207f01,walait-shah,Walait Shah,queued,
a9985584-0f83-4934-9915-e6277ede4473,waldemar-czapanski,Waldemar Czapanski,queued,
8670bbe3-87c1-4db7-b28d-4023fd5eee72,waldemar-j-adams,Waldemar J. Adams,queued,
8b67412c-6b50-4db1-9ca8-691f7b2fc689,waldo-c-lea,Waldo C. Lea,queued,
ddb9772e-a651-4ca6-8d6a-29eb5f431f97,walfred-e-maher,Walfred E. Maher,queued,
47bfb34b-bf64-4849-ade9-e0b140943a64,walfred-e-marker,Walfred E. Marker,queued,
bdf4248b-d678-4bd9-8c8f-ae480ccba317,walker-c-smith,Walker C. Smith,queued,
d4b5152b-290c-4f13-95cb-47ebd7991517,wallace-baker,Wallace Baker,queued,
c04ba1ff-e638-4f97-adac-20c7cadb965d,wallace-f-logan,Wallace F. Logan,queued,
3d282d5f-a2e6-4e50-9265-9f268209e30b,wallace-floyd-nelson,Wallace Floyd Nelson,queued,
fc66e2e2-13e1-4717-9ac3-e920240d9097,walter-armstrong,Walter Armstrong,queued,
dfe42a9f-8148-4fa3-8986-087629ba1b2e,walter-baer,Walter Baer,queued,
430314a6-0dcf-462d-9d14-d2d7a589bf0d,walter-boyd-dumbleton,Walter Boyd Dumbleton,queued,
440d7bf5-168f-4c91-9b42-a413f0c13266,walter-brown,Walter Brown,queued,
4510c069-ec14-48eb-b524-ef0e05d9c23d,walter-c-lohman-jr,Walter C. Lohman Jr.,queued,
68851020-bf92-4bc1-9ee7-2352914e1124,walter-camp,Walter Camp,queued,
6d0673d7-b72c-4a8f-9982-c48e2cab8a44,walter-crosby,Walter Crosby,queued,
1d65c6eb-ba77-4031-812a-c5223042745c,walter-f-parker,Walter F. Parker,queued,
870b565c-4d02-4e3c-a4b9-83431579da31,walter-guley,Walter Guley,queued,
ebc7a2b6-94d0-4315-9bdd-3bb05e3acd27,walter-h-clark,Walter H. Clark,queued,
bdd31369-abe3-422a-bf81-0331947731ab,walter-heynacher,Walter Heynacher,queued,
a878f8ae-2a22-45db-b18d-af4a809a493b,walter-kohrs,Walter Kohrs,queued,
08fa5a6b-2cba-4ec8-b964-b85e73621266,walter-l-hake,Walter L. Hake,queued,
114d0ed0-4f47-493d-a645-072fcca41a4d,walter-l-hirshberg,Walter L. Hirshberg,queued,
bd83eb3a-c191-4381-a970-eccb77889f1d,walter-lohman,Walter Lohman,queued,
892ca6a0-243d-4f7c-b6fd-0cc9ff09ab1e,walter-m-reeder,Walter M. Reeder,queued,
708f0e41-eb70-4370-b022-1fbe8e2cf68a,walter-marks,Walter Marks,queued,
bef3fa32-2894-4505-939c-9b4d18dfd5fb,walter-nichiperuck,Walter Nichiperuck,queued,
61507135-4130-4279-880b-54507cf3d809,walter-pasewalk,Walter Pasewalk,queued,
dc00dfff-01a9-4d36-aee6-c80c47edd3b6,walter-pawlowski,Walter Pawlowski,queued,
1c9a1385-c1e3-450c-aecb-91f34ab26b20,walter-phillips,Walter Phillips,queued,
6a517c86-85ce-4cc5-b80c-922acdc8c96c,walter-roberts,Walter Roberts,queued,
91d7ed8d-8ea4-4635-bf0d-8779e41d8976,walter-rozier,Walter Rozier,queued,
467c2698-dc33-4280-a54c-15ff2a1aaaea,walter-schols,Walter Schols,queued,
b5ba87ae-e3a9-4bc4-bc3c-4bf28d6a621c,walter-sherwen,Walter Sherwen,queued,
d1b2f6d5-79b0-4ce0-aee4-dff5004ef4d8,walter-smith,Walter Smith,queued,
6b74b2ea-0f47-46d5-b561-b2a3202f6ba2,walter-sprunger,Walter Sprunger,queued,
7089635a-18b8-4314-a63c-9cb8967d184e,walter-t-nef,Walter T. Nef,queued,
8a7241c5-3d91-4a77-9af4-b26c78177298,walter-thomas,Walter Thomas,queued,
1222e099-cfed-4791-8c1f-f7595a5d49a9,walter-trumbull,Walter Trumbull,queued,
502dc3ef-2b71-483d-8649-67176934c294,walter-w-oliver,Walter W. Oliver,queued,
62b26a6c-cb7f-46d3-8c04-475072003074,walter-ward,Walter Ward,queued,
e0cd0a4b-fd4a-4487-8261-a6c1b7750c23,walter-wolski,Walter Wolski,queued,
b2a5ab98-156f-489c-9213-3b3a2afa1b5c,walter-woodard,Walter Woodard,queued,
6c325427-54da-4fa5-a2b2-66aceb8e47f7,ward-clarence-daisenberger,Ward Clarence Daisenberger,queued,
d811bb6b-7ca3-4d8c-93e2-29aba36b45ef,ward-h-rodgers,Ward H. Rodgers,queued,
8711a583-5fd4-4fa3-abee-ef8c971013d4,warren-alex-robinson,Warren Alex Robinson,queued,
00cd758c-3ccd-4000-8724-ab81f4bcd196,warren-beavert,Warren Beavert,queued,
3491abe7-e16b-4b1c-b9e3-512082e57d0e,warren-e-sumlin-sr,"Warren E. Sumlin, Sr.",queued,
cefe0ac0-5610-4dab-bfc9-cd7760fce8ef,warren-kimbro,Warren Kimbro,queued,
3415da32-f1f9-4ae8-a6bd-a8bbabb3e268,warren-tucker,Warren Tucker,queued,
3d257d60-0c88-4af9-a2b5-8d199f232d6b,warren-wells,Warren Wells,queued,
2a28954e-770b-4b92-b72a-a5500be913b2,wasili-truchan,Wasili Truchan,queued,
7fd88f40-8200-4013-8d95-f36b50512486,wasily-kriworuk,Wasily Kriworuk,queued,
a9f16f7e-0de0-4ccc-9f8a-030ad8a1bee9,wask-jowchalk,Wask Jowchalk,queued,
65f5815c-5ab2-48d2-8d8b-b80bc2bf230d,wassili-krjworuk,Wassili Krjworuk,queued,
b7195333-24da-4a7d-8ced-bc139447c693,wasyl-jowchalk,Wasyl Jowchalk,queued,
4586c871-a5f8-435c-9514-10ff6ef79310,wayne-bonekemper,Wayne Bonekemper,queued,
f1532a00-72c9-4b68-a2e0-a8e3f44d3e93,wayne-cryts,Wayne Cryts,queued,
aa74de32-7e42-40a3-9798-a4662ee33b0c,welton-armstead,Welton Armstead,queued,
3e7f46fd-4713-476c-a036-9c91599f1d85,wen-ho-lee,Wen Ho Lee,queued,
6d3b81f3-091e-48ce-8e29-ef0c0ba15d50,wendell-furry,Wendell Furry,research_pending,Portrait located at AIP; reuse terms require further verification.
7ef33a1b-7e85-43e1-b437-297e9afdf526,wendell-wade,Wendell Wade,queued,
006d59f0-8767-4e5b-b574-9d7813175e2b,wendy-king,Wendy King,queued,
f3e82712-8e58-4574-b06a-b5d4e17ef54e,werner-grondahl,Werner Grondahl,queued,
f27ac431-a31e-43c4-922c-64e79e4da5a1,wesley-robert-wells,Wesley Robert Wells,queued,
979c5604-7e44-4d28-8bdf-cb7516ff33f8,wesley-shields,Wesley Shields,queued,
4531444e-a171-4a15-b244-2400a291b416,wesley-williams,Wesley Williams,queued,
bfc36bae-1fc2-4508-a6a5-3b842d56a74e,whirlwind-larson,Whirlwind Larson,queued,
55420f8a-9af7-40fe-a33b-a74b4dfc4840,widijonaiko-tjokroadisunatto,Widijonaiko Tjokroadisunatto,queued,
d3870ad3-571d-4e46-8ff3-b146ddedc9c0,wigberto-berrios,Wigberto Berrios,queued,
739c65b2-e9e1-42a9-a7b7-9831a2302339,wil-ackalitis,Wil Ackalitis,queued,
60785564-393b-4c7b-84fa-535d5ca3fe1a,wil-casey-floyd,Wil Casey Floyd,queued,
bc486883-46bc-4dcf-962e-8028bde6ec94,wilbert-lee,Wilbert Lee,queued,
d732d015-eae2-47d8-ae99-63ba02795864,wilbur-maheney,Wilbur Maheney,queued,
126c60d2-5c11-40fa-85ae-bdb77f3bed69,wilbur-shabazz,Wilbur Shabazz,queued,
1a59c25a-8cc5-4f06-bd49-49dac84d706e,wilford-davis,Wilford Davis,queued,
a491ef18-eaa6-4877-aa00-23c6901bf335,wilfredo-guzman,Wilfredo Guzmán,queued,
71086f42-06ee-4fc7-9eb5-cc424bc07816,wilfredo-puentes,Wilfredo Puentes,queued,
b0e1e78a-83cf-4cb5-9c43-3ea58cb5141f,wilhelmina-jakes,Wilhelmina Jakes,queued,
e3fcec4d-7df0-414d-8548-db148a643383,will-curry,Will Curry,queued,
93f6e0bf-b3ee-42d6-af26-0cb7aa536226,will-d-proctor,Will D. Proctor,queued,
2465d3f1-7439-4349-b21c-d70f708b029b,will-drake,Will Drake,queued,
f3793239-0f02-4f3f-8d05-a7a8055fe044,will-hampton,Will Hampton,queued,
ba79be62-bd9a-4255-b210-17fc29430047,will-macqueen,Will MacQueen,queued,
7475a091-e028-4049-9b8c-c18552bae751,will-mack,Will Mack,queued,
83cb4fa4-eb47-482a-8440-7a44ca78da73,will-orear,Will O'Rear,queued,
ce888fa2-abe1-4273-afbb-d3c937c7fc26,will-parzybok,Will Parzybok,queued,
aa9d2533-8d1e-4f52-8f2d-c4a65d139491,will-sanders,Will Sanders,queued,
8d795ea8-8209-47af-909e-817072f4474a,will-steward,Will Steward,queued,
54f8fe5d-8fcc-43e4-a300-94fc87b5dbca,willa-mae-henderson,Willa Mae Henderson,queued,
b6309c26-ea36-419c-9ab2-f0e24d4f347c,willard-f-heminger,Willard F. Heminger,queued,
263ac549-9aeb-466e-acbd-82629b2ecd65,willard-lenton,Willard Lenton,queued,
c26abc08-978c-42f6-84a7-49efe0231eeb,willard-uphaus,Willard Uphaus,queued,
7f3436d4-9190-484d-82f7-ffb2d87048a0,william-a-dunham,William A. Dunham,queued,
37ea6fbe-781e-45ed-80e8-ddfed97a7d1c,william-a-price,William A. Price,queued,
ef013f85-c0dd-458a-9e46-f69d69801d63,william-allan,William Allan,queued,
2da7dc42-6076-4ad6-8d70-fce23ed173b6,william-allen,William Allen,queued,
47f486ca-963a-4fbe-82d4-12663ba94a49,william-alston,William Alston,queued,
78623d45-a076-43c9-a3f3-414bd9abbee6,william-anderson,William Anderson,queued,
20ceabfc-a06c-4727-baba-1e13573b5e17,william-anderson-2,William Anderson,queued,
162c6d73-4b8c-4f43-8335-dbd0cb90d231,william-bago,William Bago,queued,
32e188c3-dc04-406f-8f61-60cc543a4b94,william-baker,William Baker,queued,
2daf5a40-2d17-4f0e-bfd2-b30e34fc2067,william-baylis,William Baylis,queued,
5cdf44d5-63de-4251-a502-84ebf36c479e,william-bendik,William Bendik,queued,
ba5a5a60-39c7-4b7f-b1df-8fe716018560,william-bonham,William Bonham,queued,
14b6c02a-f3c8-4248-b32f-7edc74d8c140,william-borders,William Borders,queued,
f8faeca1-cdcf-4e18-9bd2-44deda8fc0fd,william-boria,William Boria,queued,
54493559-f7a1-4bc2-a902-5551a91ce3c7,william-boston,William Boston,queued,
20bf5a50-116e-4ace-8653-8dedf972e551,william-brackenridge,William Brackenridge,queued,
a984711b-9a70-492f-8571-ceb731dbbbec,william-bradley,William Bradley,queued,
35c47471-c51b-47a7-ab81-2d6fe48e82f1,william-brandon,William Brandon,queued,
1b6e8600-bc06-46df-a454-6fdf3871f8f2,william-breckenridge,William Breckenridge,queued,
924c8ac4-ecb4-4027-af06-7e3b8418e02e,william-breidert,William Breidert,queued,
0e5f3413-dbfd-406c-aaeb-facae7da1d36,william-briedert,William Briedert,queued,
25d6ef76-d130-43af-850a-7a0740f1f033,william-bright,William Bright,queued,
dd3931e4-36df-42bb-9067-14a26788c2d8,william-brisbane,William Brisbane,queued,
8dff4d00-a933-40cf-b250-58f648d1b44a,william-bryan,William Bryan,queued,
3e5d9448-35f7-4210-aa36-bbbff3cdd409,william-budden-warren,William Budden Warren,queued,
b3de08e4-f5c3-4a0a-8b2f-6f1cb2698550,william-burns,William Burns,queued,
829fe881-911e-4269-a3f1-722832d6b615,william-c-miller,William C. Miller,queued,
c69ff0c4-3609-4c9e-846f-702d810cc6b3,william-c-rust,William C. Rust,queued,
c4e96c24-0850-439c-b502-3dc8895467e3,william-c-sandberg,William C. Sandberg,queued,
bc123528-6491-47ae-b429-15907bc2d6ab,william-candelario,William Candelario,queued,
5ad74873-f275-438e-a8cd-c3ffc5a77c7b,william-christmas,William Christmas,queued,
b3df5fcb-adc3-4f5b-9b31-b5f83aa69eee,william-clay,William Clay,queued,
bd58297c-329a-47ef-a17f-0bbc814ab236,william-cleveland-nesbit,William Cleveland Nesbit,queued,
b0f2bd6b-0791-462e-b569-406ec20a502f,william-craig,William Craig,queued,
805af32c-0aaa-4825-99c8-896bbc4a96bf,william-crawford,William Crawford,queued,
eed7bae1-3f8d-4da7-b0f8-18f365ede9ee,william-cross,William Cross,queued,
d11939ec-767e-453f-aa84-ac218b6041d8,william-d-boone,William D. Boone,queued,
c4014e41-97e5-489c-9f32-768182067ac8,william-daley,William Daley,queued,
a27256fc-3b25-40b8-b933-a5d87e391af7,william-denton,William Denton,queued,
eafeadf7-e4ee-461d-b3ee-ecfb89f3d7e1,william-diehl,William Diehl,queued,
4068fd34-27b5-47ce-a602-fcff96a19986,william-drewet-smith,William Drewet Smith,queued,
2ad664b2-fb8f-4655-8389-ef78baaad807,william-duncan,William Duncan,queued,
6740930f-299a-40dc-b115-1634109aaa37,william-durkin,William Durkin,queued,
45f6820a-bc1c-4d36-87d8-a2d159c9b471,william-durrell,William Durrell,queued,
11f1e761-9ed6-4fc5-854d-c3c69f8c9623,william-e-harbour,William E. Harbour,queued,
78e9422f-77a6-4f84-b436-f90b8b4250a5,william-e-lincoln,William E. Lincoln,queued,
190f005c-b533-4d56-a274-652c35db07f1,william-e-van-amburgh,William E. Van Amburgh,queued,
d59178f0-a276-4d59-8d5c-576ffabeecd4,william-eimer,William Eimer,queued,
3eda75c9-55d5-43c6-aef2-617c1b646433,william-eliason,William Eliason,queued,
afa38b4b-c9dc-43b5-ab8f-fee9733bff38,william-f-davis,William F. Davis,research_pending,Initial encyclopedia image-index search completed; no verified portrait selected. Broader research remains.
d1fbaed4-c8ae-476a-bb72-11e5d3d46647,william-f-dunne,William F. Dunne,prepared_batch259,Verified portrait prepared; deployment not yet confirmed.
b97ed87e-9c65-4764-8302-44886efc6048,william-f-pinard,William F. Pinard,queued,
584cd452-687f-4dc5-827f-b3a025ab0ef3,william-felix,William Felix,queued,
8bce838e-6862-4af9-b9f6-477562a65113,william-fields,William Fields,queued,
123d7e80-5837-43d7-9ca6-5b2c7bcf5736,william-fisher,William Fisher,queued,
3dad60ac-9363-4236-a0b2-a185ea255e61,william-g-harrison,William G. Harrison,queued,
ec69249b-12ed-4b60-9386-33392797dd4c,william-g-head,William G. Head,queued,
cffd6f66-bc0b-4293-a9b6-945c3fa0c3fe,william-gavin,William Gavin,queued,
9789b34e-10b1-4559-9358-49a479c4e8b7,william-george-heinemeyer,William George Heinemeyer,queued,
4a3530ec-6e40-4bcf-b329-782f2d908ed2,william-goodman,William Goodman,queued,
405148e6-9c6b-4dd7-853f-8b2f2ef71fbe,william-goppert,William Goppert,queued,
fe036dd9-8ae0-4fad-a766-eaa454219db9,william-grove,William Grove,queued,
e406b3fc-c87e-4185-b524-bcaab3c04234,william-gusko,William Gusko,queued,
714c3c45-6a11-4331-afba-0914f49e629f,william-h-berg,William H. Berg,queued,
b8f35414-24b6-4a70-93ef-d1adc6c8caa8,william-h-edwards,William H. Edwards,queued,
d4f092f1-987a-4301-93e0-ae7d72a9b7ba,william-h-gatchell,William H. Gatchell,queued,
79787a06-812b-44e8-b55a-5798d1691740,william-h-gibson,William H. Gibson,queued,
c8b6bc77-54cd-40e6-b7a1-81278075cda8,william-h-griffith,William H. Griffith,queued,
4a6e0546-c31f-4e58-b0e9-1ff71bbd2773,william-h-hitch,William H. Hitch,queued,
1b3c25ca-aba2-43b7-ae50-3d33248c8365,william-h-treseler,William H. Treseler,queued,
cf7442e5-52de-4872-91ef-d3056d37eed8,william-harvey,William Harvey,queued,
a7f7c169-acee-40e5-b7a7-450944c8f3b9,william-hayes,William Hayes,queued,
a7f80a57-24d9-4114-a14e-de1d67399eea,william-hightower,William Hightower,queued,
eac372fc-7660-4395-9490-37c2c7924d25,william-hockett,William Hockett,queued,
c4340c88-917b-4da7-8179-9144f06b2df8,william-hood,William Hood,queued,
06115bcd-2674-45d9-a798-3f243b90f304,william-houston,William Houston,queued,
0991fcec-dd28-43ea-8901-a83eb9200efb,william-hurst,William Hurst,queued,
70c5e31f-0d73-4f88-93ff-ab4c25f3810c,william-isensee,William Isensee,queued,
1d0f804d-12c0-4c20-9867-bb88d587dd04,william-j-davids,William J. Davids,queued,
20c4cd89-3ff8-4ec5-82b7-4b9e65c8273c,william-j-jantz,William J. Jantz,queued,
57efc067-b8b2-49be-8361-3d57202862cd,william-j-swinbourne,William J. Swinbourne,queued,
8507870c-82f6-4213-b4db-84a8160b2a15,william-james-viehl,William James Viehl,queued,
8923c3bb-8d40-4bb8-9e33-ec7848cde5db,william-jasmagy,William Jasmagy,queued,
f2aa486e-1635-4eb8-9dc0-0b3e58a7718c,william-joe-wright,William Joe Wright,queued,
0740a538-843b-4908-a24c-5a114eff6865,william-johnson,William Johnson,queued,
c490a7fe-0757-4c7e-9cd8-bf401462c940,william-joozdeff,William Joozdeff,queued,
1176e00c-05a5-4547-ab22-b0cebbcdb690,william-joscelyn,William Joscelyn,queued,
02149f8b-4de9-4132-9477-6478420201ac,william-kantor,William Kantor,queued,
bc6ec3b7-efd0-47ff-a542-5f7add8123ba,william-l-wier,William L. Wier,queued,
baab5533-7c6e-46b0-a4ef-1b2b64e8747f,william-lawna,William Lawna,queued,
61ed5788-9c26-4c07-b8df-b44056d93da3,william-lawson,William Lawson,queued,
3d88081c-6426-4451-a2d9-5ad5e4f2a670,william-lonergan-hill,William Lonergan Hill,research_pending,Initial encyclopedia image-index search completed; no verified portrait selected. Broader research remains.
574804c2-bc3f-4a96-8f38-49d96a764e25,william-lovell,William Lovell,queued,
0f470b13-6171-4958-b447-c2c95516cf24,william-lynch,William Lynch,queued,
d8471f15-7fd2-48ea-9f78-d38c380d07f7,william-m-martin,William M. Martin,queued,
2d8b554d-3154-48c7-9f00-1790ce691a75,william-macqueen,William MacQueen,queued,
df45f34e-d6ec-43ce-a293-824c7c532c5c,william-mackie,William Mackie,queued,
9eb3b457-0e06-4638-88d0-df567ab334c9,william-mcleod,William McLeod,queued,
dbf05721-e250-4476-976c-1c4b385fb1d7,william-milligan,William Milligan,queued,
a3b61912-e51a-4fbd-8f2e-127044345c02,william-minton,William Minton,queued,
237805ef-6f77-4d2e-ad23-d4b61ee5ee0e,william-monroe-trotter,William Monroe Trotter,queued,
e0f36ea8-fc55-4055-b5fc-fd5ca9348200,william-moran,William Moran,queued,
9ff1dae1-a248-4a5b-b14c-6e50c2e75ae1,william-murdoch,William Murdoch,queued,
5c7dc4f0-9abe-4769-8665-b5a19652eac9,william-nelson,William Nelson,queued,
18909e6a-b2f1-46cf-8fe9-36347303fdc7,william-norman,William Norman,queued,
48aa019a-7f15-42fd-ba32-b9e85ea21929,william-nusbaum,William Nusbaum,queued,
83513b82-78df-4278-b6f4-4d3738f2ce6d,william-nussbaum,William Nussbaum,queued,
eb4861bb-e64a-4bf1-923b-2680310da2cd,william-nye-doty,William Nye Doty,queued,
2b0e455a-6479-42f0-ad87-ae100d22c1da,william-o-myers,William O. Myers,queued,
40743eb1-4a2c-4686-ae98-7feb395cbc90,william-o-smith,William O. Smith,queued,
7a4617e0-5c69-4db0-93eb-c75593f1ac00,william-oral-james,William Oral James,queued,
a79b0863-3125-4af2-84df-1fff310ae9ef,william-ortiz,William Ortiz,queued,
3720e5a6-5c36-4eb7-9200-d7a8863e44e0,william-p-elmer,William P. Elmer,queued,
f946bbca-41c6-4200-a3c0-964cc1b3541b,william-p-mitchell,William P. Mitchell,queued,
5a8fb99e-e2af-4724-8cd8-b2724da3e14e,william-parson,William Parson,queued,
8c23f1a6-aab6-455b-9426-5b1341b18691,william-patrick-patterson,William Patrick Patterson,queued,
8492718a-c5c5-4b89-8c87-a33c3c226701,william-perl,William Perl,queued,
0a818124-c923-45e4-a80e-437e9f95086f,william-powell,William Powell,queued,
82edeb54-6974-4033-a9b2-23f7ba63600f,william-perez,William Pérez,queued,
2a184765-f0a2-414a-94ed-37f6b3d17611,william-quinn,William Quinn,queued,
510714e1-fea9-4426-a526-8e0c7ff6dddb,william-randall,William Randall,queued,
e8c36476-3411-4c8d-a7f3-6aca60c17e1f,william-raymond,William Raymond,queued,
6a583bc4-84bb-4e91-8eaa-f51681384cb1,william-reside,William Reside,queued,
009beb83-b194-44b7-b561-818fbf99d1c0,william-rieck,William Rieck,queued,
92a369ff-a800-4b73-819a-add13e703077,william-rodan,William Rodan,queued,
b87714af-5ba3-4094-9446-28afa3fd1c45,william-rodgers,William Rodgers,queued,
da5e13da-22bc-439e-901a-8d31af651711,william-rutherford,William Rutherford,queued,
e71281ec-b165-4df7-9f9c-975e2e73c288,william-s-gilmore,William S. Gilmore,queued,
73f358fa-6448-4de7-8d08-6906929553dc,william-s-pickett,William S. Pickett,queued,
4191b928-5f91-4a79-82c5-ec955172906f,william-schiller,William Schiller,queued,
6b32d530-0b87-437c-b6f1-046a13fbccc8,william-schultz,William Schultz,queued,
00383021-3c95-49aa-998c-508676078b78,william-schulz,William Schulz,queued,
5839b83c-68ab-4aed-8b08-bedf88d59df3,william-sentner,William Sentner,queued,
e8a4bba7-afc3-4b94-8bed-b9879203e944,william-shifrin,William Shifrin,queued,
99afb1e8-9342-456d-b1f8-48486bc47619,william-sikora,William Sikora,queued,
e9183973-10e4-4d97-941b-f85dc1741579,william-slattery,William Slattery,queued,
a044d4c4-1859-4337-9a16-0a471164b70c,william-sloane-coffin,William Sloane Coffin,queued,
d7b9c39e-c0d5-4a8e-ae4a-0d3a265ebc52,william-smith,William Smith,queued,
e884a956-48d0-470e-8e8d-4e63a6a68c1e,william-stein,William Stein,queued,
78f1dc0c-ddcb-4bb9-aa46-5d5ed30dbca0,william-sweeney,William Sweeney,queued,
ebe67ef0-2969-4ac7-a997-c4e7e22ce48c,william-t-aud,William T. Aud,queued,
978e74f6-255c-4073-9b5c-f1991e79b08f,william-t-pinnard,William T. Pinnard,queued,
7cf8b380-c727-4d44-8a4c-e1138e066fb1,william-t-walker,William T. Walker,queued,
d924636f-d9f9-40e3-b2b9-b9ee490e9884,william-taylor-harris,William Taylor Harris,queued,
b11ebc0e-4b4b-4fff-b11a-5538ca3296d1,william-thomas-colyer,William Thomas Colyer,queued,
341a9212-bd3d-4566-87bf-02c4dde7b166,william-trajer,William Trajer,queued,
bde555ff-2908-4cb8-93b3-98f197e5359e,william-ullman,William Ullman,queued,
3eabeb3d-e7e0-4bc8-a105-49c2bc89c03b,william-v-schneiderman,William V. Schneiderman,queued,
745b8714-bd68-4095-9aea-2b1316f8db11,william-webb,William Webb,queued,
8fc24dfe-3e32-4d33-b456-56d22e06c05f,william-weber,William Weber,queued,
de291e2c-a1c3-472c-8271-c061642501df,william-weiner,William Weiner,queued,
54d069ff-ef57-408d-b4cf-2a9701eb2495,william-wellman,William Wellman,queued,
fcc80713-1d64-41df-86ae-505fa6fc3aa4,william-weyh,William Weyh,queued,
e527e473-799f-4347-8f68-fe0e5c525fa4,william-wheeler,William Wheeler,queued,
a4630cd3-055f-4b27-9657-b692f3025595,william-white-graham,William White Graham,queued,
643a8b65-4dc8-48f9-bae0-b9bf4e56b811,william-wiertola,William Wiertola,queued,
cac05b4c-e115-4298-99ee-12d7863839cd,william-wollertz,William Wollertz,queued,
5487a01c-20b8-460f-a3ce-82d22d137c1e,william-wordlaw,William Wordlaw,queued,
fb023598-25cd-4064-8757-acb0a98afaff,william-yaukum,William Yaukum,queued,
8925cc95-691e-44a0-9222-b7404882fab5,willie-brown,Willie Brown,queued,
e3daf390-5fc4-4a94-a559-024b08bd2c14,willie-burnett,Willie Burnett,queued,
0094f17c-6e09-4496-bc6f-17eba0e31d34,willie-e-smith,Willie E. Smith,queued,
eb6bca89-dea0-40d1-bec8-126c739aa45c,willie-echols,Willie Echols,queued,
28ae110c-f51a-4fc5-8c3d-a98bfbc054bc,willie-gonzales,Willie Gonzales,queued,
baa8f675-70c3-4f49-a70d-186e181f9938,willie-grace-johnson,Willie Grace Johnson,queued,
9ea58c74-6521-449d-9bb4-453d3f1cafd7,willie-joe-hart,Willie Joe Hart,queued,
8ee358bd-5da3-43bc-99c0-6b9f6693b81f,willie-m-cox,Willie M. Cox,queued,
a7dfba32-1a76-4d89-bb27-75b93650ca8f,willie-peterson,Willie Peterson,queued,
3c21414f-868f-4ecd-ae20-ac9e588f95f0,willie-roberson,Willie Roberson,queued,
22b1d813-8c78-4eb8-9112-0922f6df6292,willie-thomas,Willie Thomas,queued,
3bb4204e-65eb-4548-9075-1a10b9a62cb9,willie-witcher,Willie Witcher,queued,
13ddfab4-950c-4fba-b186-8096fb8cccf5,wilma-conners,Wilma Conners,queued,
916713dd-4834-47ab-bad7-0c3f6a30b8d2,wilmer-estrada,Wilmer Estrada,queued,
b51695c4-d577-4518-b146-816a96982157,wilmer-young,Wilmer Young,queued,
a5520977-bde2-4988-8253-81e0a48e6c66,wilson-bruce-evans,Wilson Bruce Evans,queued,
deb67310-b3e9-47d3-b5bb-569341afffd4,wilson-w-sanchez,Wilson W. Sánchez,queued,
4b8f6f04-316b-4e36-b344-320e3ea24167,wilt-wright,Wilt Wright,queued,
dd44eae0-aea9-438c-befe-146830ddbbb6,winn-stafford,Winn Stafford,queued,
2644cc5d-f5ac-4de1-bae0-e357a5e9eb37,winters,Winters,queued,
c66c0cb2-daff-46d3-acb4-c309572ca53a,wirt-taylor,Wirt Taylor,queued,
d359d32b-f354-4502-b0b5-9c8a8aedcec9,witte-moses-shakman,Witte Moses Shakman,queued,
12ff6614-54c1-4bf1-a441-0b77e2780e0d,wladyslaw-dwanowsky,Wladyslaw Dwanowsky,queued,
1c270c54-b173-413c-8a48-1e8bb841ea21,wm-brunner,Wm Brunner,queued,
3b0e4052-67ad-42e1-9eee-e2ab1d56ed94,wm-hudson,Wm. Hudson,queued,
257e84d1-485b-44ac-9b23-2dce538f77da,wolf-pohl,Wolf Pohl,queued,
9ff036a4-c049-4bf3-906e-cbff5207d556,wong-tai-on,Wong Tai On,queued,
ca0c834f-fb75-44bb-b78b-96f85ae8f5d6,woodrow-wilson-gillis,Woodrow Wilson Gillis,queued,
247dea6c-d6d8-4243-be0b-26de6332aa44,wyatt-sherman-allgeier,Wyatt Sherman Allgeier,queued,
dfb317a7-f456-40d8-953b-a6541bef75cc,xaelyn-dunbar,Xaelyn Dunbar,queued,
987e1d08-f4bc-426f-8323-1b487c42769c,xavier-mitalski,Xavier Mitalski,queued,
63704ecb-5f60-46b8-b633-91124aed1bc4,xavier-nolley-hall,Xavier Nolley-Hall,queued,
101bf72c-2c9f-4c1f-84a2-c4b93eae89a1,y-fukunaga,Y. Fukunaga,queued,
5c0307b2-0424-47b2-8ba5-acc897249134,yaasmyn-fula,Yaasmyn Fula,queued,
ab51f2b9-c7e1-483e-b82f-1525c2fd40f2,yabureibo-zenon,Yabureibo Zenón,queued,
0eb80af3-09db-4388-9cac-200fbd98201a,yahaira-enid-velazquez,Yahaira Enid Velázquez,queued,
9ef730f7-caea-436e-a37d-e3cfcb31d9bc,yakim-denisyuk,Yakim Denisyuk,queued,
a6b5e08a-81f1-44aa-b91c-f16a852e42d4,yakim-novik,Yakim Novik,queued,
0fba4c21-3d73-40de-9abb-46bb89b75cb0,yakim-ravavio,Yakim Ravavio,queued,
3ea2b64c-f59f-45f7-864b-6461837a150e,yakov-berov,Yakov Berov,queued,
e399bb9e-e305-45a7-a36a-7e1f826982bc,yakov-cewook,Yakov Cewook,queued,
9e35c6b0-fb60-45b1-bec9-73639bfab3ba,yakov-minich,Yakov Minich,queued,
788a4582-4271-488a-bb73-989ae8666e3b,yakov-ozols,Yakov Ozols,queued,
e6fa4d28-8267-4731-8d01-74f989c835f0,yakov-sinov,Yakov Sinov,queued,
c265993f-c802-422c-850b-93776d03a9d3,yakov-zboromirsky,Yakov Zboromirsky,queued,
730aecfb-3f03-4d32-b54b-2ee66361fa3e,yamit-picon-rodriguez,Yamit Picon-Rodriguez,queued,
f83a99d8-e233-45a6-bd54-67b8625db0c1,yang-yoon-mo,Yang Yoon-Mo,queued,
50132e40-21cd-4ebb-a078-cf339950b46b,yank-ellington,Yank Ellington,queued,
ccbff659-d29a-4b6b-890a-113dfaad4980,yarlei-banol-ramos,Yarlei Banol-Ramos,queued,
9034f126-b904-43f0-abfe-66e60aea12b4,yassin-aref,Yassin Aref,queued,
3e512967-748d-474d-94b0-db00ec7a1d3a,yefin-tadzizieg,Yefin Tadzizieg,queued,
2ec570c6-a1b3-44b6-a115-187717a70187,yetta-stromberg,Yetta Stromberg,queued,
82322bb5-7878-46de-9216-573bf80ee413,yevgeny-starikevich,Yevgeny Starikevich,queued,
fc71d276-53e2-43f5-ae8e-875f359f5e38,yonte-harris,Yonte Harris,queued,
6f1a2500-75bc-4322-9f06-38c615283e36,yustif-svenko,Yustif Svenko,queued,
a74655b5-e91d-44be-b8f0-ad4031cf0a62,yusuf-a-mussadiq,Yusuf A. Mussadiq,queued,
583ef2fc-ea42-4bcc-8150-5783b36b924c,yvette-kelley,Yvette Kelley,queued,
84b0d2ca-c14f-4b47-ae6a-6de184ee3ef1,yvette-kelly,Yvette Kelly,queued,
fdba5fbe-5908-409b-be69-1be93d318fcf,yvonne-melendez-carrion,Yvonne Meléndez Carrión,queued,
a1ff74a7-2e0f-4b56-83f6-08c6cc7dc840,yvonne-small,Yvonne Small,queued,
4c25d345-6845-4108-8b62-feda3859b929,yvonne-wanrow,Yvonne Wanrow,queued,
be7b4d64-aea7-4804-8df9-be317063c2e9,z-l-risley,Z. L. Risley,queued,
877ea95f-c4a2-4dd8-b5bc-c4037d4c57d3,zachary-lange,Zachary Lange,queued,
8d443c65-3679-4c6e-b3b4-8631e2fc94b4,zachary-shardov,Zachary Shardov,queued,
14fb5970-d002-426d-8196-78a5760cabc6,zachary-vaseyko,Zachary Vaseyko,queued,
0d00644c-884d-4a8d-a0f6-539039877f85,zaid-mohammed-mahdawi,Zaid Mohammed Mahdawi,queued,
a925a9e6-faa9-4daf-8764-db620d903286,zenov-bogush,Zenov Bogush,queued,
1c6b17ad-f4bf-44ff-9f32-d3e356e6a671,zera-preston,Zera Preston,queued,
d53eb429-c4ab-440d-8221-8c8a2c9382e8,zoe-weir,Zoe Weir,queued,
d55f3128-f16e-43a0-b878-4462b1941e14,zoraida-laboy,Zoraida Laboy,queued,
9d76a774-9e7d-4790-b2b0-80826c590af4,zoraida-santiago-buitrago,Zoraida Santiago Buitrago,queued,
d7f64732-c443-4510-b232-792e0aaec661,zurebu-gardner,Zurebu Gardner,queued,
a5922cd1-31a6-44bc-a18d-8f44a87e8e03,zys-korostyshevsky,Zys Korostyshevsky,queued,
9d3044b8-ae53-472b-a97e-b817b7e3c493,alyosha-witness,alyosha witness,queued,
3e33d2c5-4db8-4fff-abbe-8748345270ac,bruce-rogers,»Bruce Rogers,queued,
78d44e7f-5ff1-465f-954f-d861c2e39f30,angel-berrios,Ángel Berrios,queued,
c794b901-2c53-447c-b4e3-ed74fa992d07,angel-cruz,Ángel Cruz,queued,
40e8c037-f026-4ceb-9515-410b379b7632,angel-diaz-ruiz,Ángel Díaz Ruiz,queued,
35926bbb-9e31-4c22-8e9c-394e689e776d,angel-emilio-rivera,Ángel Emilio Rivera,queued,
